objectid,portname,code,prttype,prtsize,status,maxdepth,maxlength,annualcapa,humuse,locprecisi,latitude,longitude,"iso3,C,3","iso3_op,C,23",country,lastcheckd,remarks,"url_lca,C,76","source,C,32","createdate,D","updatedate,D","geonameid,N,9,0"
1,Kashab,,Sea,Unknown,Open,0,0,0,Unknown,Unknown,"26,19927","56,24458",OMN,OMN,Oman,01/01/1970,,,,01/11/2012,05/12/2013,287614
2,Chatham,CACTM,Sea,Unknown,Open,0,0,0,Unknown,Unknown,"47,03083","-65,475",CAN,CAN,Canada,01/01/1970,,,,01/11/2012,05/12/2013,5920447
3,Havana,,Unknown,Large,Unknown,0,0,0,Unknown,Unknown,"23,15246","-81,64938",CUB,CUB,Cuba,01/01/1970,,,,01/11/2012,31/05/2017,3553478
4,Halifax,CAHAL,Sea,Unknown,Open,0,0,0,Unknown,Unknown,"44,66633","-63,5821",CAN,CAN,Canada,01/01/1970,,,,01/11/2012,05/12/2013,5969423
5,Kalamansig,,Sea,Small,Open,0,0,0,Unknown,Unknown,"6,55228","124,05041",PHL,PHL,Philippines,01/01/1970,,,,01/11/2012,05/12/2013,1709717
6,Aden,YEADE,Sea,Medium,Open,0,0,0,Yes,Unknown,"12,78993","45,0189",YEM,YEM,Yemen,20/02/2017,,,,01/11/2012,20/02/2017,415189
7,Grand Lahou,CIGLU,Sea,Very Small,Open,0,0,0,Unknown,Unknown,"5,13153","-5,0003",CIV,CIV,Cote d'Ivoire,01/01/1970,,,,01/11/2012,05/12/2013,2288105
8,Abidjan,CIABJ,Sea,Medium,Open,0,0,0,Yes,Unknown,"5,33273","-4,0218",CIV,CIV,Cote d'Ivoire,01/01/1970,,,,01/11/2012,24/01/2014,2293538
9,Port Bouet,CIPBT,Sea,Very Small,Open,0,0,0,Unknown,Unknown,"5,23763","-3,9633",CIV,CIV,Cote d'Ivoire,01/01/1970,,,,01/11/2012,05/12/2013,2282335
10,San Pedro,CISPY,Sea,Small,Open,0,0,0,Unknown,Unknown,"4,72603","-6,6289",CIV,CIV,Cote d'Ivoire,01/01/1970,,,,01/11/2012,05/12/2013,2282006
11,Ahus,SEAHU,Sea,Unknown,Unknown,0,0,0,Unknown,Unknown,"55,93233","14,3221",SWE,SWE,Sweden,01/01/1970,,,,01/11/2012,05/12/2013,2727363
12,Pointe-a-Pitre,GPPTP,Sea,Medium,Unknown,0,0,0,Unknown,Unknown,"16,24843","-61,5368",GLP,GLP,Guadeloupe,01/01/1970,,,,01/11/2012,05/12/2013,3578599
13,Aparri,PHAPR,Sea,Small,Unknown,0,0,0,Unknown,Unknown,"18,35633","121,6507",PHL,PHL,Philippines,01/01/1970,,,,01/11/2012,05/12/2013,1730398
14,Dabo,IDDAS,Unknown,Small,Open,0,0,0,Unknown,Unknown,"-0,501","104,5657",IDN,IDN,Indonesia,01/01/1970,,,,01/11/2012,10/05/2017,1881603
15,Tolanaro,MGFTU,Sea,Small,Open,0,0,0,Yes,Accurate,"-25,06523","46,96575",MDG,MDG,Madagascar,01/01/1970,,,Bing,01/11/2012,19/01/2015,1055433
16,Sibolga,IDSLG,Sea,Small,Open,0,0,0,Unknown,Unknown,"1,7292","98,78523",,IDN,,01/01/1970,,,,01/11/2012,11/05/2017,1213855
17,Osaka,,Sea,Unknown,Open,0,0,0,Unknown,Unknown,"34,64224","135,41767",JPN,JPN,Japan,01/01/1970,,,,01/11/2012,05/12/2013,1853909
18,Carloforte,ITCLF,Sea,Unknown,Unknown,0,0,0,Unknown,Unknown,"39,13063","8,3097",ITA,ITA,Italy,01/01/1970,,,,01/11/2012,05/12/2013,2525348
19,Cagayan De Oro,PHCGY,Sea,Small,Open,0,0,0,Yes,Accurate,"8,49515","124,66258",PHL,PHL,Philippines,07/12/2013,,,,01/11/2012,07/12/2013,1721080
20,Culasi,,Sea,Small,Open,0,0,0,No,Accurate,"11,60526","122,70866",PHL,PHL,Philippines,01/01/1970,,,,01/11/2012,18/05/2016,1716571
21,Santa Fe,,Sea,Very Small,Open,0,0,0,Planned,Accurate,"11,16521","123,80687",PHL,PHL,Philippines,10/12/2013,,,,10/12/2013,15/10/2014,1688171
22,Bantayan,,Sea,Very Small,Open,0,0,0,Unknown,Accurate,"11,16475","123,71776",PHL,PHL,Philippines,10/12/2013,,,,10/12/2013,18/05/2016,1727043
23,Hagnaya,,Sea,Very Small,Open,0,0,0,Planned,Accurate,"11,0935","123,9453",PHL,PHL,Philippines,10/12/2013,,,,10/12/2013,15/10/2014,1711991
24,Polambato,,Sea,Very Small,Open,0,0,0,No,Accurate,"11,07412","124,00243",PHL,PHL,Philippines,10/12/2013,,,,10/12/2013,15/10/2014,1693147
25,San Isidro,,Sea,Very Small,Open,0,0,0,No,Accurate,"11,40449","124,34777",PHL,PHL,Philippines,10/12/2013,,,,10/12/2013,15/10/2014,1689750
26,Naval,,Sea,Very Small,Open,0,0,0,No,Accurate,"11,5599","124,39124",PHL,PHL,Philippines,10/12/2013,,,,10/12/2013,15/10/2014,1697879
27,Bulan,,Sea,Very Small,Open,0,0,0,Planned,Accurate,"12,66474","123,87263",PHL,PHL,Philippines,01/01/1970,,,,21/11/2013,15/10/2014,1722985
28,Baybay,,Sea,Small,Open,0,0,0,Planned,Accurate,"10,67555","124,79787",PHL,PHL,Philippines,30/11/2013,,,,30/11/2013,30/11/2013,1725799
29,Hilongos,,Sea,Small,Open,0,0,0,Planned,Accurate,"10,3707","124,74379",PHL,PHL,Philippines,30/11/2013,,,,30/11/2013,30/11/2013,1711742
30,Antsohily,,River,Small,Open,3,185,0,Unknown,Accurate,"-14,87937","47,97786",MDG,MDG,Madagascar,04/12/2013,,,Bing image + CO,04/12/2013,04/12/2013,1068971
31,Manakara,MGWVK,Sea,Very Small,Open,"2,5",214,0,Unknown,Accurate,"-22,14144","48,02051",MDG,MDG,Madagascar,04/12/2013,,,Bing image + CO,01/11/2012,04/12/2013,1061605
32,Guiuan,,Sea,Small,Open,0,0,0,Unknown,Accurate,"11,04404","125,71318",PHL,PHL,Philippines,01/01/1970,,,,19/11/2013,18/05/2016,1712206
33,Naluuyan,,Sea,Small,Unknown,0,0,0,Planned,Unknown,"10,77581","122,70814",PHL,PHL,Philippines,01/01/1970,,,,14/11/2013,05/12/2013,7418027
34,Catagbacan,,Sea,Very Small,Unknown,0,0,0,Unknown,Unknown,"9,86156","123,8287",PHL,PHL,Philippines,01/01/1970,,,PHL CO,13/11/2013,05/12/2013,1718016
35,Cebu,,Sea,Very Small,Unknown,0,0,0,Unknown,Unknown,"10,62704","124,40993",PHL,PHL,Philippines,01/01/1970,CPA Cebu Port Authority,,PHL CO,13/11/2013,19/01/2015,999999999
36,Bacon,,Sea,Very Small,Unknown,0,0,0,Unknown,Unknown,"13,04099","124,04541",PHL,PHL,Philippines,01/01/1970,,,PHL CO,13/11/2013,05/12/2013,1729554
37,Pilar,,Sea,Very Small,Unknown,0,0,0,Unknown,Unknown,"12,92193","123,6757",PHL,PHL,Philippines,01/01/1970,,,PHL CO,13/11/2013,05/12/2013,1693840
38,Matnog,,Sea,Small,Open,0,0,0,Planned,Unknown,"12,58409","124,08695",PHL,PHL,Philippines,01/01/1970,,,PHL CO,13/11/2013,05/12/2013,1700269
39,Jebel Dhanna,AEJED,Unknown,Very Small,Unknown,0,0,0,Unknown,Unknown,"24,18616","52,62452",ARE,ARE,United Arab Emirates,01/01/1970,,,,01/11/2012,05/12/2013,6951086
40,Noere,,Unknown,Very Small,Unknown,0,0,0,Unknown,Unknown,"-17,69637","35,3555",MOZ,MOZ,Mozambique,01/01/1970,Noere: (I)-No Vessel Restriction- (Ii) -No Truck Access- (Iii) -Network Coverage- (Iv) -No Hazard To Navigation--Operational,,,01/11/2012,19/01/2015,1095830
41,Sapele,NGSPL,Unknown,Small,Open,0,0,0,Unknown,Unknown,"5,91716","5,65623",NGA,,Nigeria,01/01/1970,,,,01/11/2012,16/02/2018,2323675
42,Goli Goli,,Unknown,Very Small,Unknown,0,0,0,Unknown,Unknown,"-17,58897","35,3073",MOZ,MOZ,Mozambique,01/01/1970,Goli Goli: (I) -No Restriction- (Ii) -No Truck Access- (Iii) -No Network Coverage- Operational,,,01/11/2012,19/01/2015,999999999
44,Roxas,,Sea,Small,Open,0,0,0,Planned,Unknown,"12,5936","121,52849",PHL,PHL,Philippines,01/01/1970,,,,14/11/2013,05/12/2013,1691442
45,Caticlan,,Sea,Small,Open,0,0,0,Planned,Unknown,"11,92799","121,9505",PHL,PHL,Philippines,01/01/1970,,,,14/11/2013,05/12/2013,1717886
46,Quang Ngai,VNXNG,Sea,Unknown,Unknown,0,0,0,Unknown,Unknown,"15,24313","108,9429",VNM,VNM,Viet Nam,01/01/1970,,,,01/11/2012,20/01/2015,1568770
47,Dong Hoi,VNDOH,Sea,Unknown,Unknown,0,0,0,Unknown,Unknown,"17,46833","106,6291",VNM,VNM,Viet Nam,01/01/1970,,,,01/11/2012,05/12/2013,1582886
48,Quang Ninh,VNQNH,Sea,Small,Open,0,0,0,Unknown,Unknown,"20,97234","107,05224",VNM,VNM,Viet Nam,01/01/1970,,,,01/11/2012,20/01/2015,1580410
49,Liloan,,Sea,Small,Open,0,0,0,No,Approximate,"10,15893","125,12569",PHL,PHL,Philippines,01/01/1970,,,,14/11/2013,18/05/2016,1706394
50,Bwajingi,,River,Very Small,Unknown,0,0,0,No,Unknown,"-1,94489","29,0985",COD,COD,Democratic Republic of the Congo,01/01/1970,,,,01/11/2012,16/04/2014,0
51,Butonyi,,River,Very Small,Unknown,0,0,0,No,Unknown,"-1,96147","29,10454",COD,COD,Democratic Republic of the Congo,01/01/1970,,,,01/11/2012,16/04/2014,0
52,Meteghan,CAMET,Sea,Unknown,Open,0,0,0,Unknown,Unknown,"44,19233","-66,1663",CAN,CAN,Canada,01/01/1970,,,,01/11/2012,11/03/2015,6072486
53,Kishenyabuhyo,,River,Very Small,Unknown,0,0,0,No,Unknown,"-1,96719","29,08801",COD,COD,Democratic Republic of the Congo,01/01/1970,,,,01/11/2012,16/04/2014,212699
54,Katonda,,River,Very Small,Unknown,0,0,0,No,Unknown,"-1,99932","29,05244",COD,COD,Democratic Republic of the Congo,01/01/1970,,,,01/11/2012,16/04/2014,213740
55,Kagobe,,River,Very Small,Unknown,0,0,0,No,Unknown,"-1,96951","29,04488",COD,COD,Democratic Republic of the Congo,01/01/1970,,,,01/11/2012,16/04/2014,0
56,Nkora,,River,Very Small,Unknown,0,0,0,No,Unknown,"-1,9556","29,05378",COD,COD,Democratic Republic of the Congo,01/01/1970,,,,01/11/2012,16/04/2014,0
57,Limune,,River,Very Small,Unknown,0,0,0,Unknown,Unknown,"1,08473","22,7787",COD,COD,Democratic Republic of the Congo,01/01/1970,,,,01/11/2012,05/12/2013,211780
58,Losambo,,River,Very Small,Unknown,0,0,0,Unknown,Unknown,"1,09113","19,1133",COD,COD,Democratic Republic of the Congo,01/01/1970,,,,01/11/2012,05/12/2013,2313523
59,Lifake,,River,Very Small,Unknown,0,0,0,Unknown,Unknown,"1,10823","22,0831",COD,COD,Democratic Republic of the Congo,01/01/1970,,,,01/11/2012,05/12/2013,211910
60,Hantsport,CAHPT,Sea,Unknown,Open,0,0,0,Unknown,Unknown,"45,05533","-64,1648",CAN,CAN,Canada,01/01/1970,,,,01/11/2012,05/12/2013,5970414
61,Kipindi,,River,Very Small,Unknown,0,0,0,Unknown,Unknown,"-4,65347","18,72147",COD,COD,Democratic Republic of the Congo,01/01/1970,,,,01/11/2012,05/12/2013,0
62,Songo,,River,Very Small,Unknown,0,0,0,Unknown,Unknown,"-4,56031","18,65234",COD,COD,Democratic Republic of the Congo,01/01/1970,,,,01/11/2012,05/12/2013,8446369
63,Yambinga,,River,Very Small,Unknown,0,0,0,Unknown,Unknown,"2,08723","22,5925",COD,COD,Democratic Republic of the Congo,01/01/1970,,,,01/11/2012,05/12/2013,203841
64,Ipole,,River,Very Small,Unknown,0,0,0,Unknown,Unknown,"-3,83567","18,91101",COD,COD,Democratic Republic of the Congo,01/01/1970,,,,01/11/2012,05/12/2013,0
65,Olympia,,River,Very Small,Unknown,0,0,0,Unknown,Unknown,"-3,9074","18,95879",COD,COD,Democratic Republic of the Congo,01/01/1970,,,,01/11/2012,05/12/2013,0
66,Vum,,River,Very Small,Unknown,0,0,0,Unknown,Unknown,"-3,82254","18,92355",COD,COD,Democratic Republic of the Congo,01/01/1970,,,,01/11/2012,05/12/2013,0
67,Mushange I & II,,River,Very Small,Unknown,0,0,0,No,Unknown,"-2,0546","29,05506",COD,COD,Democratic Republic of the Congo,01/01/1970,,,,01/11/2012,16/04/2014,207969
68,Kamasha,,River,Very Small,Unknown,0,0,0,No,Unknown,"-2,05456","29,05385",COD,COD,Democratic Republic of the Congo,01/01/1970,,,,01/11/2012,16/04/2014,0
69,Musoko,,River,Very Small,Unknown,0,0,0,Unknown,Unknown,"-2,18714","29,08926",COD,COD,Democratic Republic of the Congo,01/01/1970,,,,01/11/2012,05/12/2013,208128
70,Susoh,IDSUS,Unknown,Very Small,Open,0,0,0,Unknown,Unknown,"3,71783","96,81152",,IDN,,01/01/1970,,,,01/11/2012,11/05/2017,1213612
71,Lulonga,,River,Very Small,Unknown,0,0,0,No,Unknown,"0,62093","18,3399",COD,COD,Democratic Republic of the Congo,01/01/1970,,,,01/11/2012,16/04/2014,2313339
72,Bosanga,,River,Very Small,Unknown,0,0,0,Unknown,Unknown,"-0,27487","20,6031",COD,COD,Democratic Republic of the Congo,01/01/1970,,,,01/11/2012,05/12/2013,217662
73,Glace Bay,CAGLB,Sea,Unknown,Open,0,0,0,Unknown,Unknown,"46,20003","-59,9499",CAN,CAN,Canada,01/01/1970,,,,01/11/2012,05/12/2013,5961564
74,Samarai,PGSQT,Unknown,Very Small,Open,0,0,0,Unknown,Unknown,"-10,58767","150,6531",PNG,PNG,Papua New Guinea,01/01/1970,,,,01/11/2012,05/12/2013,2132606
75,Annicet / Ntantu,,River,Very Small,Unknown,0,0,0,Unknown,Unknown,"-4,52802","18,6146",COD,COD,Democratic Republic of the Congo,01/01/1970,,,,01/11/2012,05/12/2013,0
76,Kamtsha,,River,Very Small,Unknown,0,0,0,Unknown,Unknown,"-4,47108","19,23364",COD,COD,Democratic Republic of the Congo,01/01/1970,,,,01/11/2012,05/12/2013,0
77,Mazinga,,River,Very Small,Unknown,0,0,0,Unknown,Unknown,"-4,52965","18,60389",COD,COD,Democratic Republic of the Congo,01/01/1970,,,,01/11/2012,05/12/2013,0
78,Likulu,,River,Very Small,Unknown,0,0,0,Unknown,Unknown,"1,25033","21,9617",COD,COD,Democratic Republic of the Congo,01/01/1970,,,,01/11/2012,05/12/2013,211836
79,Bokakata,,River,Very Small,Unknown,0,0,0,Unknown,Unknown,"1,26813","19,5581",COD,COD,Democratic Republic of the Congo,01/01/1970,,,,01/11/2012,05/12/2013,2316913
80,Kashofu Ii,,River,Very Small,Unknown,0,0,0,Unknown,Unknown,"-2,2248","29,02734",COD,COD,Democratic Republic of the Congo,01/01/1970,,,,01/11/2012,05/12/2013,8435273
81,Hongai,VNHON,Sea,Very Small,Open,0,0,0,Unknown,Unknown,"20,94833","107,0795",VNM,VNM,Viet Nam,01/01/1970,Hon Gai,,,01/11/2012,05/12/2013,1581168
82,Haiphong,VNHPH,River,Small,Open,0,0,0,Unknown,Unknown,"20,86833","106,6905",VNM,VNM,Viet Nam,01/01/1970,Hai Phong,,,01/11/2012,05/12/2013,1581298
83,Vung Tau,VNVUT,Sea,Small,Open,0,0,0,Unknown,Unknown,"10,32563","107,0805",VNM,VNM,Viet Nam,01/01/1970,,,,01/11/2012,05/12/2013,1562414
84,Saigon,VNSGN,River,Medium,Open,0,0,0,Unknown,Unknown,"10,75853","106,7181",VNM,VNM,Viet Nam,01/01/1970,Ho Chi Min City,,,01/11/2012,20/01/2015,1566083
85,Can Tho,VNVCA,River,Unknown,Unknown,0,0,0,Unknown,Unknown,"10,03513","105,7869",VNM,VNM,Viet Nam,01/01/1970,Cai cui,,,01/11/2012,05/12/2013,1586203
86,My Tho,VNMUT,River,Unknown,Open,0,0,0,Unknown,Unknown,"10,33193","105,4819",VNM,VNM,Viet Nam,01/01/1970,My Thoi,,,01/11/2012,05/12/2013,1592858
87,Lambasa,FJLBS,Unknown,Very Small,Open,0,0,0,Unknown,Unknown,"-16,36489","179,36007",,FJI,,01/01/1970,,,,01/11/2012,29/03/2017,2204582
88,Fort Liberte,HTFLI,Unknown,Very Small,Open,0,0,0,Unknown,Unknown,"19,66683","-71,8337",HTI,HTI,Haiti,01/01/1970,,,,01/11/2012,05/12/2013,3725170
89,Petit Trou De Nippes,,Unknown,Very Small,Planned,0,0,0,Unknown,Unknown,"18,52667","-73,50225",HTI,HTI,Haiti,01/01/1970,,,,01/11/2012,05/12/2013,3718938
90,Penuba,IDPNG,Unknown,Small,Open,0,0,0,Unknown,Unknown,"-0,29757","104,4513",IDN,IDN,Indonesia,01/01/1970,,,,01/11/2012,05/12/2013,1631429
91,Kavieng,PGKVG,Unknown,Very Small,Open,0,0,0,Unknown,Unknown,"-2,58267","150,7885",PNG,PNG,Papua New Guinea,01/01/1970,,,,01/11/2012,05/12/2013,2094342
92,Kuala Tanjung,IDTJB,Unknown,Small,Open,0,0,0,Unknown,Unknown,"3,35773","99,4555",IDN,IDN,Indonesia,01/01/1970,,,,01/11/2012,10/05/2017,1214836
93,De Pere,USDRW,Lake,Unknown,Open,0,0,0,Unknown,Unknown,"44,44773","-88,0659",USA,USA,United States of America,01/01/1970,,,,01/11/2012,05/12/2013,5250201
94,Green Bay,USGRB,Lake,Unknown,Open,0,0,0,Unknown,Unknown,"44,49073","-88,0245",USA,USA,United States of America,01/01/1970,,,,01/11/2012,05/12/2013,5254962
95,Collingwood,CACOL,Lake,Unknown,Open,0,0,0,Unknown,Unknown,"44,50013","-80,2129",CAN,CAN,Canada,01/01/1970,,,,01/11/2012,05/12/2013,5925975
96,Owen Sound,CAOWS,Lake,Unknown,Open,0,0,0,Unknown,Unknown,"44,58433","-80,9255",CAN,CAN,Canada,01/01/1970,,,,01/11/2012,05/12/2013,6095645
97,Leland,USLLD,Lake,Unknown,Open,0,0,0,Unknown,Unknown,"45,01063","-85,7757",USA,USA,United States of America,01/01/1970,,,,01/11/2012,05/12/2013,4999064
98,Marinette,USMOY,Lake,Unknown,Open,0,0,0,Unknown,Unknown,"45,07753","-87,5974",USA,USA,United States of America,01/01/1970,,,,01/11/2012,05/12/2013,5261852
99,Charlevoix,USCSX,Lake,Unknown,Open,0,0,0,Unknown,Unknown,"45,31343","-85,2641",USA,USA,United States of America,01/01/1970,,,,01/11/2012,05/12/2013,4988575
100,Parry Sound,CAPRS,Lake,Unknown,Open,0,0,0,Unknown,Unknown,"45,32993","-80,036",CAN,CAN,Canada,01/01/1970,,,,01/11/2012,05/12/2013,6098747
101,Vancouver,CAVAN,Sea,Unknown,Open,0,0,0,Unknown,Unknown,"49,28383","-123,1084",CAN,CAN,Canada,01/01/1970,,,,01/11/2012,05/12/2013,6173331
102,Rogers,USRJM,Lake,Unknown,Open,0,0,0,Unknown,Unknown,"45,42033","-83,8158",USA,USA,United States of America,01/01/1970,,,,01/11/2012,05/12/2013,5007477
103,Cheboygan,USCHG,Lake,Unknown,Open,0,0,0,Unknown,Unknown,"45,65353","-84,4786",USA,USA,United States of America,01/01/1970,,,,01/11/2012,05/12/2013,4988617
104,Escanaba,USESC,Lake,Unknown,Open,0,0,0,Unknown,Unknown,"45,75233","-87,0564",USA,USA,United States of America,01/01/1970,,,,01/11/2012,05/12/2013,4992232
105,Mackinac Island,USMCD,Lake,Unknown,Open,0,0,0,Unknown,Unknown,"45,84353","-84,6089",USA,USA,United States of America,01/01/1970,,,,01/11/2012,05/12/2013,5000451
106,Blind River,CABLR,Lake,Unknown,Open,0,0,0,Unknown,Unknown,"46,17543","-82,9363",CAN,CAN,Canada,01/01/1970,,,,01/11/2012,05/12/2013,5903851
107,Superior,USSUW,Lake,Unknown,Open,0,0,0,Unknown,Unknown,"46,73153","-92,064",USA,USA,United States of America,01/01/1970,,,,01/11/2012,05/12/2013,5275191
108,L'Anse,USLAJ,Lake,Unknown,Open,0,0,0,Unknown,Unknown,"46,75173","-88,4518",USA,USA,United States of America,01/01/1970,,,,01/11/2012,05/12/2013,4998431
109,Duluth,USDLH,Lake,Unknown,Open,0,0,0,Unknown,Unknown,"46,80293","-92,0483",USA,USA,United States of America,01/01/1970,,,,01/11/2012,05/12/2013,5024719
110,Eagle River,USERQ,Lake,Unknown,Open,0,0,0,Unknown,Unknown,"47,23273","-88,6038",USA,USA,United States of America,01/01/1970,,,,01/11/2012,05/12/2013,4991441
111,Silver Bay,USSIB,Lake,Unknown,Open,0,0,0,Unknown,Unknown,"47,27713","-91,257",USA,USA,United States of America,01/01/1970,,,,01/11/2012,05/12/2013,5047308
112,Lewiston,USLUT,Lake,Unknown,Open,0,0,0,Unknown,Unknown,"43,16213","-79,0418",USA,USA,United States of America,01/01/1970,,,,01/11/2012,05/12/2013,5124307
113,Dalhousie,CADHS,Lake,Unknown,Open,0,0,0,Unknown,Unknown,"43,20193","-79,2555",CAN,CAN,Canada,01/01/1970,,,,01/11/2012,05/12/2013,6111712
114,Port Weller,CAPWE,Lake,Unknown,Open,0,0,0,Unknown,Unknown,"43,22913","-79,2085",CAN,CAN,Canada,01/01/1970,,,,01/11/2012,05/12/2013,6112052
115,Muskegon,USMKG,Lake,Unknown,Open,0,0,0,Unknown,Unknown,"43,24033","-86,2422",USA,USA,United States of America,01/01/1970,,,,01/11/2012,05/12/2013,5003132
116,Hamilton,CAHAM,Lake,Unknown,Open,0,0,0,Unknown,Unknown,"43,25063","-79,7511",CAN,CAN,Canada,01/01/1970,,,,01/11/2012,05/12/2013,5969782
117,Ghent,BEGNE,Sea,Unknown,Unknown,0,0,0,Unknown,Unknown,"51,05043","3,7393",BEL,BEL,Belgium,01/01/1970,,,,01/11/2012,05/12/2013,2797656
118,Rochester,USROC,Lake,Unknown,Open,0,0,0,Unknown,Unknown,"43,26783","-77,6411",USA,USA,United States of America,01/01/1970,,,,01/11/2012,05/12/2013,5134096
119,Oshawa,CAQWA,Lake,Unknown,Open,0,0,0,Unknown,Unknown,"43,85893","-78,8286",CAN,CAN,Canada,01/01/1970,,,,01/11/2012,05/12/2013,6094578
120,Manitowoc,USMTW,Lake,Unknown,Open,0,0,0,Unknown,Unknown,"44,10573","-87,6369",USA,USA,United States of America,01/01/1970,,,,01/11/2012,05/12/2013,5261585
121,Algoma,USAMZ,Lake,Unknown,Open,0,0,0,Unknown,Unknown,"44,59743","-87,4341",USA,USA,United States of America,01/01/1970,,,,01/11/2012,05/12/2013,5243712
122,Harrisville,USHVW,Lake,Unknown,Open,0,0,0,Unknown,Unknown,"44,66733","-83,2729",USA,USA,United States of America,01/01/1970,,,,01/11/2012,05/12/2013,4995424
123,Traver,USTVY,Lake,Unknown,Open,0,0,0,Unknown,Unknown,"44,76573","-85,6191",USA,USA,United States of America,01/01/1970,,,,01/11/2012,16/01/2015,999999999
124,Petoskey,USPET,Lake,Unknown,Open,0,0,0,Unknown,Unknown,"45,37203","-84,9652",USA,USA,United States of America,01/01/1970,,,,01/11/2012,05/12/2013,5005484
125,Marathon,CAMAR,Lake,Unknown,Open,0,0,0,Unknown,Unknown,"48,74093","-86,3963",CAN,CAN,Canada,01/01/1970,,,,01/11/2012,05/12/2013,6065867
126,Puerto Suarez,BOPSZ,Lake,Small,Unknown,0,0,0,Unknown,Unknown,"-18,95957","-57,7847",BOL,BOL,Bolivia,01/01/1970,,,,01/11/2012,05/12/2013,3444199
127,Gatun,PAGTN,Lake,Very Small,Unknown,0,0,0,Unknown,Unknown,"9,26363","-79,9154",PAN,PAN,Panama,01/01/1970,,,,01/11/2012,05/12/2013,3709294
128,Shwishwi,,River,Very Small,Unknown,0,0,0,Unknown,Unknown,"-2,15902","29,10298",COD,COD,Democratic Republic of the Congo,01/01/1970,,,,01/11/2012,05/12/2013,0
129,Mwiri,,River,Very Small,Unknown,0,0,0,No,Unknown,"-2,1421","29,0226",COD,COD,Democratic Republic of the Congo,01/01/1970,,,,01/11/2012,16/04/2014,0
130,Karhulo,,River,Very Small,Unknown,0,0,0,No,Unknown,"-2,1452","29,02306",COD,COD,Democratic Republic of the Congo,01/01/1970,,,,01/11/2012,16/04/2014,0
131,N'Gongo,,River,Very Small,Unknown,0,0,0,Unknown,Unknown,"-4,39207","17,7071",COD,COD,Democratic Republic of the Congo,01/01/1970,,,,01/11/2012,05/12/2013,2315680
132,Bilili,,River,Very Small,Unknown,0,0,0,Unknown,Unknown,"-4,36657","18,4001",COD,COD,Democratic Republic of the Congo,01/01/1970,,,,01/11/2012,05/12/2013,2317103
133,Basongo,,River,Very Small,Unknown,0,0,0,No,Unknown,"-4,32047","20,3651",COD,COD,Democratic Republic of the Congo,01/01/1970,,,,01/11/2012,16/04/2014,219409
134,Mushuni,,River,Very Small,Unknown,0,0,0,Unknown,Unknown,"-4,20687","17,9601",COD,COD,Democratic Republic of the Congo,01/01/1970,,,,01/11/2012,05/12/2013,2312243
135,Kalehe,,River,Very Small,Unknown,0,0,0,Unknown,Unknown,"-2,11515","28,92302",COD,COD,Democratic Republic of the Congo,01/01/1970,,,,01/11/2012,05/12/2013,215002
136,Elingampangu,,River,Very Small,Unknown,0,0,0,Unknown,Unknown,"-2,05307","24,0223",COD,COD,Democratic Republic of the Congo,01/01/1970,,,,01/11/2012,05/12/2013,216746
137,Bugarura,,River,Very Small,Unknown,0,0,0,No,Unknown,"-2,03974","29,0609",COD,COD,Democratic Republic of the Congo,01/01/1970,,,,01/11/2012,16/04/2014,217852
138,Ikali,,River,Very Small,Unknown,0,0,0,Unknown,Unknown,"-2,03807","21,0401",COD,COD,Democratic Republic of the Congo,01/01/1970,,,,01/11/2012,05/12/2013,216044
139,Moma,,River,Very Small,Unknown,0,0,0,Unknown,Unknown,"-1,59997","23,9397",COD,COD,Democratic Republic of the Congo,01/01/1970,,,,01/11/2012,05/12/2013,208855
140,Wamba,,River,Very Small,Unknown,0,0,0,Unknown,Unknown,"-1,53737","22,3711",COD,COD,Democratic Republic of the Congo,01/01/1970,,,,01/11/2012,05/12/2013,204319
141,Bondo,,River,Very Small,Unknown,0,0,0,Unknown,Unknown,"-1,37097","23,8815",COD,COD,Democratic Republic of the Congo,01/01/1970,,,,01/11/2012,05/12/2013,218257
142,Wafania,,River,Very Small,Unknown,0,0,0,Unknown,Unknown,"-1,34487","20,3371",COD,COD,Democratic Republic of the Congo,01/01/1970,,,,01/11/2012,05/12/2013,204356
143,Yafala,,River,Very Small,Unknown,0,0,0,Unknown,Unknown,"-1,33807","22,1663",COD,COD,Democratic Republic of the Congo,01/01/1970,,,,01/11/2012,05/12/2013,204108
144,Besow,,River,Very Small,Unknown,0,0,0,Unknown,Unknown,"-1,16397","20,2451",COD,COD,Democratic Republic of the Congo,01/01/1970,,,,01/11/2012,05/12/2013,219023
145,Yalusaka,,River,Very Small,Unknown,0,0,0,Unknown,Unknown,"-1,08087","22,9727",COD,COD,Democratic Republic of the Congo,01/01/1970,,,,01/11/2012,05/12/2013,203905
146,Matane,CAYME,Sea,Unknown,Open,0,0,0,Unknown,Unknown,"48,84693","-67,5356",CAN,CAN,Canada,01/01/1970,,,,01/11/2012,05/12/2013,6696260
147,Itoko,,River,Very Small,Unknown,0,0,0,Unknown,Unknown,"-1,00047","21,7491",COD,COD,Democratic Republic of the Congo,01/01/1970,,,,01/11/2012,05/12/2013,0
148,Ikoko-Mutaka,,River,Very Small,Unknown,0,0,0,Unknown,Unknown,"-0,98527","18,1061",COD,COD,Democratic Republic of the Congo,01/01/1970,,,,01/11/2012,05/12/2013,2315523
149,Watsi-Genge,,River,Very Small,Unknown,0,0,0,Unknown,Unknown,"-0,91087","20,6897",COD,COD,Democratic Republic of the Congo,01/01/1970,,,,01/11/2012,05/12/2013,204280
150,Bokungu,,River,Very Small,Unknown,0,0,0,Unknown,Unknown,"-0,68467","22,3187",COD,COD,Democratic Republic of the Congo,01/01/1970,,,,01/11/2012,05/12/2013,218479
151,Welland,CAWEL,Lake,Unknown,Open,0,0,0,Unknown,Unknown,"42,99183","-79,2469",CAN,CAN,Canada,01/01/1970,,,,01/11/2012,05/12/2013,6177869
152,Isongo,,River,Very Small,Unknown,0,0,0,Unknown,Unknown,"-0,67657","21,3179",COD,COD,Democratic Republic of the Congo,01/01/1970,,,,01/11/2012,05/12/2013,215763
153,Lilo,,River,Very Small,Unknown,0,0,0,Unknown,Unknown,"-0,61137","25,4307",COD,COD,Democratic Republic of the Congo,01/01/1970,,,,01/11/2012,05/12/2013,8282970
154,Irebu,,River,Very Small,Unknown,0,0,0,No,Unknown,"-0,60967","17,7091",COD,COD,Democratic Republic of the Congo,01/01/1970,,,,01/11/2012,16/04/2014,2315389
155,Inkaka,,River,Very Small,Unknown,0,0,0,Unknown,Unknown,"-0,56957","21,0331",COD,COD,Democratic Republic of the Congo,01/01/1970,,,,01/11/2012,05/12/2013,215864
156,Lotumbe,,River,Very Small,Unknown,0,0,0,Unknown,Unknown,"-0,46697","19,4071",COD,COD,Democratic Republic of the Congo,01/01/1970,,,,01/11/2012,05/12/2013,2313518
157,Wema,,River,Very Small,Unknown,0,0,0,Unknown,Unknown,"-0,42217","21,6365",COD,COD,Democratic Republic of the Congo,01/01/1970,,,,01/11/2012,05/12/2013,204257
158,Bokote,,River,Very Small,Unknown,0,0,0,Unknown,Unknown,"-0,11477","20,1325",COD,COD,Democratic Republic of the Congo,01/01/1970,,,,01/11/2012,05/12/2013,218501
159,Boleke,,River,Very Small,Unknown,0,0,0,Unknown,Unknown,"-0,09227","19,5165",COD,COD,Democratic Republic of the Congo,01/01/1970,,,,01/11/2012,05/12/2013,2316787
160,Busira,,River,Very Small,Unknown,0,0,0,Unknown,Unknown,"-0,08837","19,8981",COD,COD,Democratic Republic of the Congo,01/01/1970,,,,01/11/2012,05/12/2013,2316202
161,Kombo,,River,Very Small,Unknown,0,0,0,Unknown,Unknown,"-0,10513","18,62508",COD,COD,Democratic Republic of the Congo,01/01/1970,,,,01/11/2012,15/05/2018,2314000
162,Mompono,,River,Very Small,Unknown,0,0,0,Unknown,Unknown,"0,08136","21,69493",COD,COD,Democratic Republic of the Congo,01/01/1970,,,,01/11/2012,05/12/2013,208793
163,Berori,,River,Very Small,Unknown,0,0,0,Unknown,Unknown,"0,11253","22,3647",COD,COD,Democratic Republic of the Congo,01/01/1970,,,,01/11/2012,05/12/2013,219261
164,Boyenge,,River,Very Small,Unknown,0,0,0,Unknown,Unknown,"0,36613","18,8711",COD,COD,Democratic Republic of the Congo,01/01/1970,,,,01/11/2012,05/12/2013,2316339
165,Balangala,,River,Very Small,Unknown,0,0,0,Unknown,Unknown,"0,39133","19,7491",COD,COD,Democratic Republic of the Congo,01/01/1970,,,,01/11/2012,05/12/2013,2317470
166,N'Giri,,River,Very Small,Unknown,0,0,0,No,Unknown,"0,43653","17,9663",COD,COD,Democratic Republic of the Congo,01/01/1970,,,,01/11/2012,16/04/2014,8057913
167,Isokolokoto,,River,Very Small,Unknown,0,0,0,Unknown,Unknown,"0,47913","20,9507",COD,COD,Democratic Republic of the Congo,01/01/1970,,,,01/11/2012,05/12/2013,215784
168,Yanonge,,River,Very Small,Unknown,0,0,0,Unknown,Unknown,"0,63713","24,6719",COD,COD,Democratic Republic of the Congo,01/01/1970,,,,01/11/2012,05/12/2013,203671
169,Baringa,,River,Very Small,Unknown,0,0,0,Unknown,Unknown,"0,67573","20,7787",COD,COD,Democratic Republic of the Congo,01/01/1970,,,,01/11/2012,05/12/2013,219480
170,Bususulu,,River,Very Small,Unknown,0,0,0,Unknown,Unknown,"0,74093","20,7021",COD,COD,Democratic Republic of the Congo,01/01/1970,,,,01/11/2012,05/12/2013,218041
171,Burin,CABUI,Sea,Unknown,Open,0,0,0,Unknown,Unknown,"47,03713","-55,1823",CAN,CAN,Canada,01/01/1970,,,,01/11/2012,05/12/2013,5911495
172,Isangi,,River,Very Small,Unknown,0,0,0,Unknown,Unknown,"0,77933","24,2933",COD,COD,Democratic Republic of the Congo,01/01/1970,,,,01/11/2012,05/12/2013,215800
173,Mampoko,,River,Very Small,Unknown,0,0,0,Unknown,Unknown,"0,86973","18,6943",COD,COD,Democratic Republic of the Congo,01/01/1970,,,,01/11/2012,05/12/2013,2313100
174,Mompanga,,River,Very Small,Unknown,0,0,0,Unknown,Unknown,"0,93393","20,5059",COD,COD,Democratic Republic of the Congo,01/01/1970,,,,01/11/2012,05/12/2013,208801
175,Lokolenge,,River,Very Small,Unknown,0,0,0,Unknown,Unknown,"1,19773","22,7147",COD,COD,Democratic Republic of the Congo,01/01/1970,,,,01/11/2012,05/12/2013,211536
176,Ibeka,,River,Very Small,Unknown,0,0,0,Unknown,Unknown,"1,21293","18,3581",COD,COD,Democratic Republic of the Congo,01/01/1970,,,,01/11/2012,05/12/2013,2315943
177,Ibembo,,River,Very Small,Unknown,0,0,0,Unknown,Unknown,"2,63313","23,6171",COD,COD,Democratic Republic of the Congo,01/01/1970,,,,01/11/2012,05/12/2013,216101
178,Likimi,,River,Very Small,Unknown,0,0,0,Unknown,Unknown,"2,82713","20,7721",COD,COD,Democratic Republic of the Congo,01/01/1970,,,,01/11/2012,05/12/2013,211862
179,Ekuta,,River,Very Small,Unknown,0,0,0,Unknown,Unknown,"2,99693","18,6957",COD,COD,Democratic Republic of the Congo,01/01/1970,,,,01/11/2012,05/12/2013,2315906
180,Bokolo,,River,Very Small,Unknown,0,0,0,Unknown,Unknown,"3,22603","20,7671",COD,COD,Democratic Republic of the Congo,01/01/1970,,,,01/11/2012,05/12/2013,218491
181,Mitshakilaf,,River,Very Small,Unknown,0,0,0,Unknown,Unknown,"-4,67388","18,73153",COD,COD,Democratic Republic of the Congo,01/01/1970,,,,01/11/2012,05/12/2013,2312740
182,Bulungu,,River,Very Small,Unknown,0,0,0,Unknown,Unknown,"-4,53364","18,60155",COD,COD,Democratic Republic of the Congo,01/01/1970,,,,01/11/2012,05/12/2013,2316259
183,Karhanywa,,River,Very Small,Unknown,0,0,0,Unknown,Unknown,"-2,16882","29,09508",COD,COD,Democratic Republic of the Congo,01/01/1970,,,,01/11/2012,05/12/2013,0
184,La Have,CALHA,Sea,Unknown,Open,0,0,0,Unknown,Unknown,"44,28293","-64,3594",CAN,CAN,Canada,01/01/1970,,,,01/11/2012,05/12/2013,6179061
185,Nkuvu,,River,Very Small,Unknown,0,0,0,Unknown,Unknown,"-2,20858","29,09693",COD,COD,Democratic Republic of the Congo,01/01/1970,,,,01/11/2012,05/12/2013,0
186,Kashofu I,,River,Very Small,Unknown,0,0,0,Unknown,Unknown,"-2,22421","29,02856",COD,COD,Democratic Republic of the Congo,01/01/1970,,,,01/11/2012,05/12/2013,8435273
187,Pono,,River,Very Small,Unknown,0,0,0,Unknown,Unknown,"-3,60307","17,7331",COD,COD,Democratic Republic of the Congo,01/01/1970,,,,01/11/2012,05/12/2013,2311676
188,Kolumboma,,River,Very Small,Unknown,0,0,0,Unknown,Unknown,"-2,9704","18,57167",COD,COD,Democratic Republic of the Congo,01/01/1970,,,,01/11/2012,05/12/2013,2314008
189,Muntu,,River,Very Small,Unknown,0,0,0,Unknown,Unknown,"-2,82907","18,4699",COD,COD,Democratic Republic of the Congo,01/01/1970,,,,01/11/2012,05/12/2013,2312266
190,Bokoko,,River,Very Small,Unknown,0,0,0,Unknown,Unknown,"-2,85846","18,37145",COD,COD,Democratic Republic of the Congo,01/01/1970,,,,01/11/2012,05/12/2013,2316831
191,Bokwankusu,,River,Very Small,Unknown,0,0,0,Unknown,Unknown,"-1,86087","22,7801",COD,COD,Democratic Republic of the Congo,01/01/1970,,,,01/11/2012,05/12/2013,218467
192,Sherbrooke,CASBR,Sea,Unknown,Open,0,0,0,Unknown,Unknown,"45,14073",-62,CAN,CAN,Canada,01/01/1970,,,,01/11/2012,05/12/2013,7284311
193,Botende,,River,Very Small,Unknown,0,0,0,Unknown,Unknown,"-1,85787","22,7951",COD,COD,Democratic Republic of the Congo,01/01/1970,,,,01/11/2012,05/12/2013,218032
194,Kinyezire,,River,Very Small,Unknown,0,0,0,Unknown,Unknown,"-1,85829","28,99198",COD,COD,Democratic Republic of the Congo,01/01/1970,,,,01/11/2012,05/12/2013,212841
195,Lomami,,River,Very Small,Unknown,0,0,0,Unknown,Unknown,"-1,81707","22,6365",COD,COD,Democratic Republic of the Congo,01/01/1970,,,,01/11/2012,05/12/2013,211446
196,Makelele,,River,Very Small,Unknown,0,0,0,Unknown,Unknown,"-1,7537","29,04022",COD,COD,Democratic Republic of the Congo,01/01/1970,,,,01/11/2012,05/12/2013,382747
197,Bathurst,CABAT,Sea,Unknown,Open,0,0,0,Unknown,Unknown,"47,61763","-65,6562",CAN,CAN,Canada,01/01/1970,,,,01/11/2012,05/12/2013,6696259
198,Modombe,,River,Very Small,Unknown,0,0,0,Unknown,Unknown,"-0,89177","22,7411",COD,COD,Democratic Republic of the Congo,01/01/1970,,,,01/11/2012,05/12/2013,208761
199,Makoko,,River,Very Small,Unknown,0,0,0,Unknown,Unknown,"-0,87197","20,1921",COD,COD,Democratic Republic of the Congo,01/01/1970,,,,01/11/2012,05/12/2013,210021
200,Waka,,River,Very Small,Unknown,0,0,0,Unknown,Unknown,"-0,80907","20,1691",COD,COD,Democratic Republic of the Congo,01/01/1970,,,,01/11/2012,05/12/2013,204348
201,Watsi-Kengo,,River,Very Small,Unknown,0,0,0,Unknown,Unknown,"-0,79997","20,5501",COD,COD,Democratic Republic of the Congo,01/01/1970,,,,01/11/2012,05/12/2013,204279
202,Kirundu,,River,Very Small,Unknown,0,0,0,Unknown,Unknown,"-0,76387","25,4931",COD,COD,Democratic Republic of the Congo,01/01/1970,,,,01/11/2012,05/12/2013,212758
203,Imbanga,,River,Very Small,Unknown,0,0,0,Unknown,Unknown,"-0,71807","19,7701",COD,COD,Democratic Republic of the Congo,01/01/1970,,,,01/11/2012,05/12/2013,2315464
204,Bangu,,River,Very Small,Unknown,0,0,0,Unknown,Unknown,"-0,16367","19,2115",COD,COD,Democratic Republic of the Congo,01/01/1970,,,,01/11/2012,05/12/2013,2317361
205,Lisafa,,River,Very Small,Unknown,0,0,0,Unknown,Unknown,"-0,13497","19,6887",COD,COD,Democratic Republic of the Congo,01/01/1970,,,,01/11/2012,05/12/2013,2313693
206,Waka,,River,Very Small,Unknown,0,0,0,Unknown,Unknown,"1,01723","20,2171",COD,COD,Democratic Republic of the Congo,01/01/1970,,,,01/11/2012,05/12/2013,204347
207,Malela,,River,Very Small,Unknown,0,0,0,Unknown,Unknown,"-0,27757","20,4595",COD,COD,Democratic Republic of the Congo,01/01/1970,,,,01/11/2012,05/12/2013,216261
208,Zurku Island,AEZUR,Unknown,Very Small,Open,0,0,0,Unknown,Unknown,"24,86453","53,0681",ARE,ARE,United Arab Emirates,01/01/1970,,,,01/11/2012,16/01/2015,999999999
209,Mesaieed,QAUMS,Unknown,Very Small,Open,0,0,0,Unknown,Unknown,"24,91644","51,5657",QAT,QAT,Qatar,01/01/1970,,,,01/11/2012,20/01/2015,289525
210,Port Sandwich,VUPSA,Unknown,Very Small,Open,0,0,0,Unknown,Unknown,"-16,4375","167,78385",,VUT,,01/01/1970,,,,01/11/2012,24/03/2017,2136652
211,Ras Zubbaya,AEDUY,Unknown,Very Small,Unknown,0,0,0,Unknown,Unknown,"24,31968","54,13429",ARE,ARE,United Arab Emirates,01/01/1970,,,,01/11/2012,20/01/2015,292968
212,Biak,IDBIK,Unknown,Small,Open,0,0,0,Unknown,Unknown,"-1,25616","136,37692",,IDN,,01/01/1970,,,,01/11/2012,11/05/2017,1648844
213,Bialla,PGBAA,Unknown,Small,Open,0,0,0,Unknown,Unknown,"-5,30783","151,00915",PNG,PNG,Papua New Guinea,01/01/1970,,,,01/11/2012,05/12/2013,7648670
214,Petit Goave,HTPEG,Unknown,Very Small,Open,0,0,0,Unknown,Unknown,"18,42873","-72,871",HTI,HTI,Haiti,01/01/1970,,,,01/11/2012,05/12/2013,3718962
215,Lautoka,FJLTK,Unknown,Very Small,Open,0,0,0,Unknown,Unknown,"-17,60476","177,4384",,FJI,,01/01/1970,,,,01/11/2012,29/03/2017,2204506
216,Wewak,PGWWK,Unknown,Small,Open,0,0,0,Unknown,Unknown,"-3,56017","143,6257",PNG,PNG,Papua New Guinea,01/01/1970,,,,01/11/2012,05/12/2013,2083537
217,Telok Ayer,IDTKA,Unknown,Small,Open,0,0,0,Unknown,Unknown,"-0,76919","109,57272",IDN,IDN,Indonesia,01/01/1970,,,,01/11/2012,11/05/2017,999999999
218,Rabaul,PGRAB,Unknown,Very Small,Open,0,0,0,Unknown,Unknown,"-4,20507","152,1611",PNG,PNG,Papua New Guinea,01/01/1970,,,,01/11/2012,05/12/2013,2087894
219,Ringi Cove,SBRIN,Unknown,Small,Open,0,0,0,Unknown,Unknown,"-8,11087","157,0969",SLB,SLB,Solomon Islands,01/01/1970,,,,01/11/2012,20/01/2015,2107139
220,Vanimo,PGVAI,Unknown,Small,Open,0,0,0,Unknown,Unknown,"-2,69347","141,3055",PNG,PNG,Papua New Guinea,01/01/1970,,,,01/11/2012,05/12/2013,2084442
221,Oro Bay,PGROR,Unknown,Very Small,Open,0,0,0,Unknown,Unknown,"-8,89757","148,4869",PNG,PNG,Papua New Guinea,01/01/1970,,,,01/11/2012,20/01/2015,2099740
222,Shortland Harbour,SBSHH,Unknown,Very Small,Open,0,0,0,Unknown,Unknown,"-7,08287","155,8467",SLB,SLB,Solomon Islands,01/01/1970,,,,01/11/2012,20/01/2015,2107273
223,Kimbe,PGKIM,Unknown,Very Small,Open,0,0,0,Unknown,Unknown,"-5,54977","150,1501",PNG,PNG,Papua New Guinea,01/01/1970,,,,01/11/2012,05/12/2013,2093967
224,Amamapare,IDAMA,Unknown,Very Small,Open,0,0,0,Unknown,Unknown,"-4,82653","136,84068",IDN,IDN,Indonesia,01/01/1970,,,,01/11/2012,05/12/2013,1651588
225,Lorengau,PGLOR,Unknown,Very Small,Open,0,0,0,Unknown,Unknown,"-2,04637","147,3673",PNG,PNG,Papua New Guinea,01/01/1970,,,,01/11/2012,05/12/2013,2092164
226,Tubang,IDTBN,Unknown,Very Small,Open,0,0,0,Unknown,Unknown,"-1,76144","125,09462",,IDN,,01/01/1970,,,,01/11/2012,11/05/2017,9962771
227,Burutu,NGBUR,Unknown,Very Small,Open,0,0,0,Unknown,Unknown,"5,35553","5,5125",NGA,,Nigeria,01/01/1970,,,,01/11/2012,16/02/2018,2346317
228,Escravos,NGESC,Unknown,Very Small,Open,0,0,0,Unknown,Unknown,"5,61003","5,19853",NGA,,Nigeria,01/01/1970,,,,01/11/2012,16/02/2018,999999999
229,Elat,ILETH,Unknown,Small,Open,0,0,0,Yes,Unknown,"29,54903","34,9559",ISR,ISR,Israel,01/01/1970,,,,01/11/2012,26/08/2014,295277
230,Nuweibah,EGNUW,Unknown,Very Small,Open,0,0,0,Unknown,Unknown,"28,9667","34,6333",EGY,EGY,Egypt,01/01/1970,,,,01/11/2012,19/01/2015,350892
231,Fomboni,KMFOU,Unknown,Very Small,Open,0,0,0,Unknown,Unknown,"-12,29011","43,75327",COM,COM,Comoros,01/01/1970,,,,01/11/2012,05/12/2013,921889
232,Aitape,PGATP,Unknown,Very Small,Open,0,0,0,Unknown,Unknown,"-3,14373","142,35152",PNG,PNG,Papua New Guinea,01/01/1970,,,,01/11/2012,05/12/2013,2101169
233,Aola Bay,SBAOB,Unknown,Very Small,Open,0,0,0,Unknown,Unknown,"-9,53144","160,48459",SLB,SLB,Solomon Islands,01/01/1970,,,,01/11/2012,05/12/2013,2109807
234,Zeytinburnu,TRZEY,Unknown,Small,Open,0,0,0,Unknown,Unknown,"40,97961","28,89268",TUR,TUR,Turkey,01/01/1970,,,,01/11/2012,05/12/2013,737071
235,Jeremie,HTJEE,Unknown,Small,Open,0,0,0,Unknown,Unknown,"18,64853","-74,1118",HTI,HTI,Haiti,01/01/1970,,,,01/11/2012,05/12/2013,3723593
236,Aneway Bay,PGANB,Unknown,Small,Closed,0,0,0,Unknown,Unknown,"-6,19347","155,5411",PNG,PNG,Papua New Guinea,01/01/1970,,,,01/11/2012,20/01/2015,2100633
237,Allardyce Harbour,SBALB,Unknown,Very Small,Closed,0,0,0,Unknown,Unknown,"-7,78747","158,6565",SLB,SLB,Solomon Islands,01/01/1970,,,,01/11/2012,20/01/2015,8439997
238,Kieta,PGKIE,Unknown,Very Small,Unknown,0,0,0,Unknown,Unknown,"-6,21227","155,6187",PNG,PNG,Papua New Guinea,01/01/1970,,,,01/11/2012,05/12/2013,2094027
239,Koko,NGKOK,Unknown,Small,Unknown,0,0,0,Unknown,Unknown,"5,99875","5,45919",NGA,NGA,Nigeria,01/01/1970,,,,01/11/2012,05/12/2013,2334154
240,Yumurtalik Bay,TRYUM,Unknown,Very Small,Unknown,0,0,0,Unknown,Unknown,"36,77223","35,7865",TUR,TUR,Turkey,01/01/1970,,,,01/11/2012,05/12/2013,296137
241,Les Cayes,HTACA,Unknown,Very Small,Open,0,0,0,Unknown,Unknown,"18,19343","-73,7416",HTI,HTI,Haiti,01/01/1970,,,,01/11/2012,05/12/2013,3728097
242,Santo,VUSAN,Unknown,Very Small,Open,0,0,0,Unknown,Unknown,"-15,5151","167,18055",,VUT,,01/01/1970,,,,01/11/2012,24/03/2017,2136150
243,Milwaukee,USMKE,Lake,Unknown,Open,0,0,0,Unknown,Unknown,"43,01863","-87,8977",USA,USA,United States of America,01/01/1970,,,,01/11/2012,05/12/2013,5263045
244,Port Washington,USPWA,Lake,Unknown,Open,0,0,0,Unknown,Unknown,"43,38613","-87,8566",USA,USA,United States of America,01/01/1970,,,,01/11/2012,05/12/2013,5267776
245,Oakville,CAOAK,Lake,Unknown,Open,0,0,0,Unknown,Unknown,"43,43673","-79,6606",CAN,CAN,Canada,01/01/1970,,,,01/11/2012,05/12/2013,6092122
246,Oswego,USOSW,Lake,Unknown,Open,0,0,0,Unknown,Unknown,"43,46433","-76,5147",USA,USA,United States of America,01/01/1970,,,,01/11/2012,05/12/2013,5130081
247,Dungarvan,IEDGV,Sea,Unknown,Unknown,0,0,0,Unknown,Unknown,"52,09353","-7,6247",IRL,IRL,Ireland,01/01/1970,,,,01/11/2012,05/12/2013,2964528
248,Crescent City,USCEC,Sea,Unknown,Open,0,0,0,Unknown,Unknown,"41,74793","-124,2021",USA,USA,United States of America,01/01/1970,,,,01/11/2012,05/12/2013,5562087
249,North Weymouth,USNWY,Sea,Unknown,Open,0,0,0,Unknown,Unknown,"42,25413","-70,9358",USA,USA,United States of America,01/01/1970,,,,01/11/2012,05/12/2013,4945810
250,Boston,USBOS,Sea,Unknown,Open,0,0,0,Unknown,Unknown,"42,35603","-71,0349",USA,USA,United States of America,01/01/1970,,,,01/11/2012,05/12/2013,4930956
251,Masbate,PHMBT,Sea,Small,Open,0,0,0,Unknown,Unknown,"12,36018","123,63081",PHL,PHL,Philippines,01/01/1970,,,,01/11/2012,05/12/2013,1700712
252,Antalaha,MGANM,Sea,Very Small,Open,3,183,0,Unknown,Accurate,"-14,90111","50,28237",MDG,MDG,Madagascar,04/12/2013,,,Bing image + CO,01/11/2012,04/12/2013,1071296
253,Searsport,USSRP,Sea,Unknown,Open,0,0,0,Unknown,Unknown,"44,45473","-68,9283",USA,USA,United States of America,01/01/1970,,,,01/11/2012,05/12/2013,4978097
254,Revere,USRVR,Sea,Unknown,Open,0,0,0,Unknown,Unknown,"42,41463","-70,9915",USA,USA,United States of America,01/01/1970,,,,01/11/2012,05/12/2013,4832294
255,North Bend,USOTH,Sea,Unknown,Open,0,0,0,Unknown,Unknown,"43,42973","-124,2246",USA,USA,United States of America,01/01/1970,,,,01/11/2012,05/12/2013,5742974
256,Lunenburg,CALUN,Sea,Unknown,Open,0,0,0,Unknown,Unknown,"44,38113","-64,315",CAN,CAN,Canada,01/01/1970,,,,01/11/2012,05/12/2013,6062069
257,Jonesport,USJON,Sea,Unknown,Open,0,0,0,Unknown,Unknown,"44,52853","-67,6093",USA,USA,United States of America,01/01/1970,,,,01/11/2012,05/12/2013,4968499
258,Bucksport,USBUP,Sea,Unknown,Open,0,0,0,Unknown,Unknown,"44,56613","-68,7802",USA,USA,United States of America,01/01/1970,,,,01/11/2012,05/12/2013,4959551
259,Digby,CADIG,Sea,Unknown,Open,0,0,0,Unknown,Unknown,"44,61763","-65,7556",CAN,CAN,Canada,01/01/1970,,,,01/11/2012,05/12/2013,5939236
260,Eastport,USEPM,Sea,Unknown,Open,0,0,0,Unknown,Unknown,"44,90163","-66,9882",USA,USA,United States of America,01/01/1970,,,,01/11/2012,05/12/2013,4963486
261,St Andrews,CASAD,Sea,Unknown,Open,0,0,0,Unknown,Unknown,"45,07313","-67,0526",CAN,CAN,Canada,01/01/1970,,,,01/11/2012,05/12/2013,6137411
262,Canaport,CACPT,Sea,Unknown,Open,0,0,0,Unknown,Unknown,"45,20773","-65,9839",CAN,CAN,Canada,01/01/1970,,,,01/11/2012,16/01/2015,999999999
263,Walton,CAWTN,Sea,Unknown,Open,0,0,0,Unknown,Unknown,"45,23793","-64,0116",CAN,CAN,Canada,01/01/1970,,,,01/11/2012,05/12/2013,6175743
264,St John,CASJB,Sea,Unknown,Open,0,0,0,Unknown,Unknown,"45,26353","-66,0606",CAN,CAN,Canada,01/01/1970,,,,01/11/2012,05/12/2013,6138517
265,Georgetown,CAGGW,Sea,Unknown,Open,0,0,0,Unknown,Unknown,"46,18123","-62,5406",CAN,CAN,Canada,01/01/1970,,,,01/11/2012,05/12/2013,5960531
266,Charlottetown,CACHA,Sea,Unknown,Open,0,0,0,Unknown,Unknown,"46,23053","-63,1289",CAN,CAN,Canada,01/01/1970,,,,01/11/2012,05/12/2013,5920288
267,Summerside,CASUM,Sea,Unknown,Open,0,0,0,Unknown,Unknown,"46,38863","-63,7997",CAN,CAN,Canada,01/01/1970,,,,01/11/2012,05/12/2013,6159244
268,Cheticamp,CACHT,Sea,Unknown,Open,0,0,0,Unknown,Unknown,"46,65303","-61,01",CAN,CAN,Canada,01/01/1970,,,,01/11/2012,05/12/2013,5921077
269,Quebec,CAQUE,Sea,Unknown,Open,0,0,0,Unknown,Unknown,"46,81613","-71,198",CAN,CAN,Canada,01/01/1970,,,,01/11/2012,05/12/2013,6325494
270,Dingwall,CADWL,Sea,Unknown,Open,0,0,0,Unknown,Unknown,"46,90073","-60,4565",CAN,CAN,Canada,01/01/1970,,,,01/11/2012,05/12/2013,5939449
271,Gray,USGRG,Sea,Unknown,Open,0,0,0,Unknown,Unknown,"46,90513","-124,1318",USA,USA,United States of America,01/01/1970,,,,01/11/2012,16/01/2015,999999999
272,Hoquiam-Aberdeen Apt,USHQM,Sea,Unknown,Open,0,0,0,Unknown,Unknown,"46,97213","-123,9234",USA,USA,United States of America,01/01/1970,,,,01/11/2012,05/12/2013,5797693
273,Grand Bank,CAGRB,Sea,Unknown,Open,0,0,0,Unknown,Unknown,"47,10413","-55,7669",CAN,CAN,Canada,01/01/1970,,,,01/11/2012,05/12/2013,5964230
274,Argentia,CANWP,Sea,Unknown,Open,0,0,0,Unknown,Unknown,"47,32393","-53,9344",CAN,CAN,Canada,01/01/1970,,,,01/11/2012,05/12/2013,7732472
275,Long Pond,CALOP,Sea,Unknown,Open,0,0,0,Unknown,Unknown,"47,53433","-52,9674",CAN,CAN,Canada,01/01/1970,,,,01/11/2012,16/01/2015,999999999
276,Pointe Au Pic,CAPPC,Sea,Unknown,Open,0,0,0,Unknown,Unknown,"47,61543","-70,144",CAN,CAN,Canada,01/01/1970,,,,01/11/2012,16/01/2015,999999999
277,Winslow,USWSE,Sea,Unknown,Open,0,0,0,Unknown,Unknown,"47,61983","-122,5223",USA,USA,United States of America,01/01/1970,,,,01/11/2012,16/01/2015,999999999
278,Aguathuna (Port Au Port),CAPAP,Sea,Unknown,Open,0,0,0,Unknown,Unknown,"48,75343","-58,6536",CAN,CAN,Canada,01/01/1970,,,,01/11/2012,05/12/2013,6111666
279,Ferndale,USFDT,Sea,Unknown,Open,0,0,0,Unknown,Unknown,"48,80573","-122,7021",USA,USA,United States of America,01/01/1970,,,,01/11/2012,05/12/2013,5794276
280,Mansonville,CAMAN,Sea,Unknown,Open,0,0,0,Unknown,Unknown,"48,85023","-67,5877",CAN,CAN,Canada,01/01/1970,,,,01/11/2012,16/01/2015,999999999
281,Corner Brook,CACBK,Sea,Unknown,Open,0,0,0,Unknown,Unknown,"48,96033","-57,959",CAN,CAN,Canada,01/01/1970,,,,01/11/2012,05/12/2013,5927969
282,Baie Comeau,CABCO,Sea,Unknown,Open,0,0,0,Unknown,Unknown,"49,20993","-68,1443",CAN,CAN,Canada,01/01/1970,,,,01/11/2012,05/12/2013,5889745
283,Carmanville,CACMV,Sea,Unknown,Open,0,0,0,Unknown,Unknown,"49,42613","-54,3682",CAN,CAN,Canada,01/01/1970,,,,01/11/2012,05/12/2013,5917294
284,Twillinggate,CATWI,Sea,Unknown,Open,0,0,0,Unknown,Unknown,"49,62953","-54,7721",CAN,CAN,Canada,01/01/1970,,,,01/11/2012,05/12/2013,6170930
285,Gold River,CAGOL,Sea,Unknown,Open,0,0,0,Unknown,Unknown,"49,65993","-126,122",CAN,CAN,Canada,01/01/1970,,,,01/11/2012,05/12/2013,5962735
286,Squamish,CASQA,Sea,Unknown,Open,0,0,0,Unknown,Unknown,"49,68983","-123,164",CAN,CAN,Canada,01/01/1970,,,,01/11/2012,05/12/2013,6154636
287,Port Cartier,CAPCA,Sea,Unknown,Open,0,0,0,Unknown,Unknown,"50,02353","-66,8366",CAN,CAN,Canada,01/01/1970,,,,01/11/2012,05/12/2013,6111696
288,Sept Iles (Seven Is.),CASEI,Sea,Unknown,Open,0,0,0,Unknown,Unknown,"50,18403","-66,363",CAN,CAN,Canada,01/01/1970,,,,01/11/2012,05/12/2013,6144312
289,Havre St Pierre,CAHSP,Sea,Unknown,Open,0,0,0,Unknown,Unknown,"50,23103","-63,5985",CAN,CAN,Canada,01/01/1970,,,,01/11/2012,05/12/2013,5972291
290,Port Alice,CAPAC,Sea,Unknown,Open,0,0,0,Unknown,Unknown,"50,38253","-127,4577",CAN,CAN,Canada,01/01/1970,,,,01/11/2012,05/12/2013,6111640
291,Moosonee,CAMOU,Sea,Unknown,Open,0,0,0,Unknown,Unknown,"51,26713","-80,6639",CAN,CAN,Canada,01/01/1970,,,,01/11/2012,05/12/2013,6078371
292,Charlotte (Skidegate),CASKI,Sea,Unknown,Open,0,0,0,Unknown,Unknown,"53,24733","-132,0307",CAN,CAN,Canada,01/01/1970,,,,01/11/2012,05/12/2013,6148858
293,Goose Bay,CAGOO,Sea,Unknown,Open,0,0,0,Unknown,Unknown,"53,36033","-60,3574",CAN,CAN,Canada,01/01/1970,,,,01/11/2012,05/12/2013,5970458
294,Unalaska,USUAA,Sea,Unknown,Open,0,0,0,Unknown,Unknown,"53,87093","-166,5238",USA,USA,United States of America,01/01/1970,,,,01/11/2012,05/12/2013,5877208
295,Dutch Harbor,USDUT,Sea,Unknown,Open,0,0,0,Unknown,Unknown,"53,89073","-166,5488",USA,USA,United States of America,01/01/1970,,,,01/11/2012,05/12/2013,5861117
296,Masset,CAZMT,Sea,Unknown,Open,0,0,0,Unknown,Unknown,"54,03833","-132,1437",CAN,CAN,Canada,01/01/1970,,,,01/11/2012,05/12/2013,6067677
297,Port Edward,CAPTE,Sea,Unknown,Open,0,0,0,Unknown,Unknown,"54,22883","-130,2791",CAN,CAN,Canada,01/01/1970,,,,01/11/2012,05/12/2013,6111742
298,Prince Rupert,CAPRR,Sea,Unknown,Open,0,0,0,Unknown,Unknown,"54,32193","-130,2978",CAN,CAN,Canada,01/01/1970,,,,01/11/2012,05/12/2013,6113406
299,Wrangell,USWRG,Sea,Unknown,Open,0,0,0,Unknown,Unknown,"56,47573","-132,3844",USA,USA,United States of America,01/01/1970,,,,01/11/2012,05/12/2013,5558586
300,Pelican,USPEC,Sea,Unknown,Open,0,0,0,Unknown,Unknown,"57,95693","-136,2234",USA,USA,United States of America,01/01/1970,,,,01/11/2012,05/12/2013,5556304
301,Fort Chimo,CAFCM,Sea,Unknown,Open,0,0,0,Unknown,Unknown,"58,10533","-68,3736",CAN,CAN,Canada,01/01/1970,,,,01/11/2012,16/01/2015,999999999
302,Juneau,USJNU,Sea,Unknown,Open,0,0,0,Unknown,Unknown,"58,30313","-134,4176",USA,USA,United States of America,01/01/1970,,,,01/11/2012,05/12/2013,5554072
303,Churchill,CACHV,Sea,Unknown,Open,0,0,0,Unknown,Unknown,"58,77083","-94,0898",CAN,CAN,Canada,01/01/1970,,,,01/11/2012,05/12/2013,5922111
304,Yakutat,USYAK,Sea,Unknown,Open,0,0,0,Unknown,Unknown,"59,54633","-139,7351",USA,USA,United States of America,01/01/1970,,,,01/11/2012,05/12/2013,5558615
305,Homer,USHOI,Sea,Unknown,Open,0,0,0,Unknown,Unknown,"59,60433","-151,4137",USA,USA,United States of America,01/01/1970,,,,01/11/2012,05/12/2013,5864145
306,Cordova,USCDV,Sea,Unknown,Open,0,0,0,Unknown,Unknown,"60,55073","-145,7646",USA,USA,United States of America,01/01/1970,,,,01/11/2012,05/12/2013,5859888
307,Nikiski,USNKI,Sea,Unknown,Open,0,0,0,Unknown,Unknown,"60,67973","-151,4019",USA,USA,United States of America,01/01/1970,,,,01/11/2012,05/12/2013,5871931
308,West Foreland,USWFO,Sea,Unknown,Open,0,0,0,Unknown,Unknown,"60,71273","-151,7215",USA,USA,United States of America,01/01/1970,,,,01/11/2012,16/01/2015,999999999
309,Tyonek,USTYE,Sea,Unknown,Open,0,0,0,Unknown,Unknown,"61,06393","-151,1413",USA,USA,United States of America,01/01/1970,,,,01/11/2012,05/12/2013,5877053
310,Valdez,USVDZ,Sea,Unknown,Open,0,0,0,Unknown,Unknown,"61,12833","-146,3416",USA,USA,United States of America,01/01/1970,,,,01/11/2012,05/12/2013,5877389
311,Deception Bay,CADEB,Sea,Unknown,Open,0,0,0,Unknown,Unknown,"62,16023","-74,7223",CAN,CAN,Canada,01/01/1970,,,,01/11/2012,16/01/2015,999999999
312,Chester,CACST,Sea,Unknown,Open,0,0,0,Unknown,Unknown,"63,34433","-90,7091",CAN,CAN,Canada,01/01/1970,,,,01/11/2012,16/01/2015,999999999
313,Nome,USOME,Sea,Unknown,Open,0,0,0,Unknown,Unknown,"64,49843","-165,4394",USA,USA,United States of America,01/01/1970,,,,01/11/2012,05/12/2013,5870133
314,Solomon,USSLK,Sea,Unknown,Open,0,0,0,Unknown,Unknown,"64,54633","-164,3963",USA,USA,United States of America,01/01/1970,,,,01/11/2012,05/12/2013,5874691
315,Destrehan,USNEW,Sea,Unknown,Open,0,0,0,Unknown,Unknown,"29,92733","-90,0677",USA,USA,United States of America,01/01/1970,,,,01/11/2012,05/12/2013,4322034
316,Des Plaines,USDES,Sea,Unknown,Open,0,0,0,Unknown,Unknown,"29,93513","-90,3614",USA,USA,United States of America,01/01/1970,,,,01/11/2012,16/01/2015,999999999
317,Streator,USSTR,Sea,Unknown,Open,0,0,0,Unknown,Unknown,"29,93653","-90,316",USA,USA,United States of America,01/01/1970,,,,01/11/2012,16/01/2015,999999999
318,Atreco,USATR,Sea,Unknown,Open,0,0,0,Unknown,Unknown,"29,97883","-93,8916",USA,USA,United States of America,01/01/1970,,,,01/11/2012,05/12/2013,4671603
319,Hahnville,USHAH,Sea,Unknown,Open,0,0,0,Unknown,Unknown,"29,98323","-90,4117",USA,USA,United States of America,01/01/1970,,,,01/11/2012,05/12/2013,4326799
320,Good Hope,USGDH,Sea,Unknown,Open,0,0,0,Unknown,Unknown,"29,98353","-90,3968",USA,USA,United States of America,01/01/1970,,,,01/11/2012,05/12/2013,4325905
321,Port Neches,USPON,Sea,Unknown,Open,0,0,0,Unknown,Unknown,"29,99333","-93,9477",USA,USA,United States of America,01/01/1970,,,,01/11/2012,05/12/2013,4720072
322,Norco,USNCM,Sea,Unknown,Open,0,0,0,Unknown,Unknown,"29,99403","-90,4118",USA,USA,United States of America,01/01/1970,,,,01/11/2012,05/12/2013,4335326
323,Taft,USTFT,Sea,Unknown,Open,0,0,0,Unknown,Unknown,"29,99623","-90,422",USA,USA,United States of America,01/01/1970,,,,01/11/2012,05/12/2013,4343084
324,Smith'S Bluff,USSML,Sea,Unknown,Open,0,0,0,Unknown,Unknown,"30,00013","-93,9614",USA,USA,United States of America,01/01/1970,,,,01/11/2012,16/01/2015,999999999
325,Convent,USCNV,Sea,Unknown,Open,0,0,0,Unknown,Unknown,"30,00853","-90,8346",USA,USA,United States of America,01/01/1970,,,,01/11/2012,05/12/2013,4320643
326,Gramercy,USGRY,Sea,Unknown,Open,0,0,0,Unknown,Unknown,"30,04823","-90,6776",USA,USA,United States of America,01/01/1970,,,,01/11/2012,05/12/2013,4326081
327,Reserve,USRSF,Sea,Unknown,Open,0,0,0,Unknown,Unknown,"30,05013","-90,5548",USA,USA,United States of America,01/01/1970,,,,01/11/2012,05/12/2013,4338615
328,Beaumont,USBPT,Sea,Unknown,Open,0,0,0,Unknown,Unknown,"30,07313","-94,0878",USA,USA,United States of America,01/01/1970,,,,01/11/2012,05/12/2013,4672989
329,Orange,USORG,Sea,Unknown,Open,0,0,0,Unknown,Unknown,"30,09013","-93,7362",USA,USA,United States of America,01/01/1970,,,,01/11/2012,05/12/2013,4716805
330,Donaldsonville,USDNA,Sea,Unknown,Open,0,0,0,Unknown,Unknown,"30,10813","-90,997",USA,USA,United States of America,01/01/1970,,,,01/11/2012,05/12/2013,4322811
331,Geismar,USGSM,Sea,Unknown,Open,0,0,0,Unknown,Unknown,"30,20453","-91,0288",USA,USA,United States of America,01/01/1970,,,,01/11/2012,05/12/2013,4325565
332,Lake Charles,USLCH,Sea,Unknown,Open,0,0,0,Unknown,Unknown,"30,21663","-93,2321",USA,USA,United States of America,01/01/1970,,,,01/11/2012,05/12/2013,4330236
333,Plaquemine,USPLQ,Sea,Unknown,Open,0,0,0,Unknown,Unknown,"30,28693","-91,2243",USA,USA,United States of America,01/01/1970,,,,01/11/2012,05/12/2013,4337436
334,Madisonville,USMVQ,Sea,Unknown,Open,0,0,0,Unknown,Unknown,"30,39943","-90,1511",USA,USA,United States of America,01/01/1970,,,,01/11/2012,05/12/2013,4332261
335,Savannah,USSAV,Sea,Unknown,Open,0,0,0,Unknown,Unknown,"32,02353","-81,0558",USA,USA,United States of America,01/01/1970,,,,01/11/2012,05/12/2013,4221552
336,Port Wentworth,USPWN,Sea,Unknown,Open,0,0,0,Unknown,Unknown,"32,19203","-81,1652",USA,USA,United States of America,01/01/1970,,,,01/11/2012,05/12/2013,4217075
337,Georgetown,USGGE,Sea,Unknown,Open,0,0,0,Unknown,Unknown,"33,36953","-79,2972",USA,USA,United States of America,01/01/1970,,,,01/11/2012,05/12/2013,4579662
338,Wilmington,USILM,Sea,Unknown,Open,0,0,0,Unknown,Unknown,"34,23903","-77,9574",USA,USA,United States of America,01/01/1970,,,,01/11/2012,05/12/2013,4499379
339,Redwood City,USRWC,Sea,Unknown,Open,0,0,0,Unknown,Unknown,"37,83443","-122,4698",USA,USA,United States of America,01/01/1970,,,,01/11/2012,16/01/2015,999999999
340,Baltimore,USBAL,Sea,Unknown,Open,0,0,0,Unknown,Unknown,"39,27273","-76,5808",USA,USA,United States of America,01/01/1970,,,,01/11/2012,05/12/2013,4347778
341,Chesapeake,USUFG,Sea,Unknown,Open,0,0,0,Unknown,Unknown,"39,52113","-75,8045",USA,USA,United States of America,01/01/1970,,,,01/11/2012,05/12/2013,4351189
342,Paulsboro,USPAU,Sea,Unknown,Open,0,0,0,Unknown,Unknown,"39,84303","-75,2525",USA,USA,United States of America,01/01/1970,,,,01/11/2012,05/12/2013,4503516
343,Brass,NGBRA,Unknown,Very Small,Open,0,0,0,Unknown,Unknown,"4,30436","6,24291",NGA,,Nigeria,01/01/1970,,,,01/11/2012,16/02/2018,2346734
344,Burlington,USBTV,Sea,Unknown,Open,0,0,0,Unknown,Unknown,"40,08193","-74,8526",USA,USA,United States of America,01/01/1970,,,,01/11/2012,05/12/2013,5096075
345,Port Jefferson,USPTJ,Sea,Unknown,Open,0,0,0,Unknown,Unknown,"40,95553","-73,05",USA,USA,United States of America,01/01/1970,,,,01/11/2012,05/12/2013,5132013
346,Bridgeport,USBDR,Sea,Unknown,Open,0,0,0,Unknown,Unknown,"41,17763","-73,1603",USA,USA,United States of America,01/01/1970,,,,01/11/2012,05/12/2013,5282804
347,Clinton,USCLB,Sea,Unknown,Open,0,0,0,Unknown,Unknown,"41,26753","-72,5211",USA,USA,United States of America,01/01/1970,,,,01/11/2012,05/12/2013,5284202
348,New London,USNLD,Sea,Unknown,Open,0,0,0,Unknown,Unknown,"41,35153","-72,1032",USA,USA,United States of America,01/01/1970,,,,01/11/2012,05/12/2013,4839416
349,Vineyard Haven,USVYH,Sea,Unknown,Open,0,0,0,Unknown,Unknown,"41,46153","-70,6039",USA,USA,United States of America,01/01/1970,,,,01/11/2012,05/12/2013,4953938
350,New Bedford,USEWB,Sea,Unknown,Open,0,0,0,Unknown,Unknown,"41,64933","-70,9305",USA,USA,United States of America,01/01/1970,,,,01/11/2012,05/12/2013,4945121
351,Kings Mountain,USKIN,Sea,Unknown,Open,0,0,0,Unknown,Unknown,"41,90083","-73,967",USA,USA,United States of America,01/01/1970,,,,01/11/2012,16/01/2015,999999999
352,Provincetown,USPVC,Sea,Unknown,Open,0,0,0,Unknown,Unknown,"42,05673","-70,1853",USA,USA,United States of America,01/01/1970,,,,01/11/2012,05/12/2013,4948087
353,Saugerties,USSUV,Sea,Unknown,Open,0,0,0,Unknown,Unknown,"42,07373","-73,9438",USA,USA,United States of America,01/01/1970,,,,01/11/2012,05/12/2013,5136353
354,Scituate,USSCU,Sea,Unknown,Open,0,0,0,Unknown,Unknown,"42,19423","-70,7287",USA,USA,United States of America,01/01/1970,,,,01/11/2012,05/12/2013,4950395
355,Alsen,USAEN,Sea,Unknown,Open,0,0,0,Unknown,Unknown,"42,22553","-73,8738",USA,USA,United States of America,01/01/1970,,,,01/11/2012,05/12/2013,5107073
356,Quincy,USMQI,Sea,Unknown,Open,0,0,0,Unknown,Unknown,"42,25533","-70,993",USA,USA,United States of America,01/01/1970,,,,01/11/2012,05/12/2013,4948247
357,Ramseur,USRSR,Sea,Unknown,Open,0,0,0,Unknown,Unknown,"42,64353","-73,7494",USA,USA,United States of America,01/01/1970,,,,01/11/2012,16/01/2015,999999999
358,Albany,USALB,Sea,Unknown,Open,0,0,0,Unknown,Unknown,"42,67233","-73,727",USA,USA,United States of America,01/01/1970,,,,01/11/2012,05/12/2013,5106834
359,Troy,USTRY,Sea,Unknown,Open,0,0,0,Unknown,Unknown,"42,74013","-73,7032",USA,USA,United States of America,01/01/1970,,,,01/11/2012,05/12/2013,5141502
360,Newbury,USNEY,Sea,Unknown,Open,0,0,0,Unknown,Unknown,"42,80933","-70,8566",USA,USA,United States of America,01/01/1970,,,,01/11/2012,05/12/2013,4945256
361,Coos Bay,USCOB,Sea,Unknown,Open,0,0,0,Unknown,Unknown,"43,37203","-124,2078",USA,USA,United States of America,01/01/1970,,,,01/11/2012,05/12/2013,5720495
362,Portland,USPWM,Sea,Unknown,Open,0,0,0,Unknown,Unknown,"43,64943","-70,2369",USA,USA,United States of America,01/01/1970,,,,01/11/2012,05/12/2013,4975802
363,Lockeport,CALCP,Sea,Unknown,Open,0,0,0,Unknown,Unknown,"43,70863","-65,1249",CAN,CAN,Canada,01/01/1970,,,,01/11/2012,05/12/2013,6058237
364,Gardiner,USGDR,Sea,Unknown,Open,0,0,0,Unknown,Unknown,"43,71733","-124,1179",USA,USA,United States of America,01/01/1970,,,,01/11/2012,05/12/2013,5728011
365,Shelburne,CASBU,Sea,Unknown,Open,0,0,0,Unknown,Unknown,"43,74983","-65,3193",CAN,CAN,Canada,01/01/1970,,,,01/11/2012,05/12/2013,6145887
366,Port Medway,CAPMW,Sea,Unknown,Open,0,0,0,Unknown,Unknown,"44,15493","-64,5633",CAN,CAN,Canada,01/01/1970,,,,01/11/2012,05/12/2013,6111955
367,Bridgewater,CABRW,Sea,Unknown,Open,0,0,0,Unknown,Unknown,"44,36653","-64,4871",CAN,CAN,Canada,01/01/1970,,,,01/11/2012,05/12/2013,5908723
368,Weymouth,CAWEY,Sea,Unknown,Open,0,0,0,Unknown,Unknown,"44,44313","-66,0133",CAN,CAN,Canada,01/01/1970,,,,01/11/2012,05/12/2013,6179663
369,Ellsworth,USEWT,Sea,Unknown,Open,0,0,0,Unknown,Unknown,"44,48213","-68,8553",USA,USA,United States of America,01/01/1970,,,,01/11/2012,05/12/2013,4982587
370,Waddington,USWAD,Sea,Unknown,Open,0,0,0,Unknown,Unknown,"44,87793","-75,1881",USA,USA,United States of America,01/01/1970,,,,01/11/2012,05/12/2013,5143016
371,Massena,USMSS,Sea,Unknown,Open,0,0,0,Unknown,Unknown,"44,96333","-74,8272",USA,USA,United States of America,01/01/1970,,,,01/11/2012,05/12/2013,5126194
372,Cornwall,CACWL,Sea,Unknown,Open,0,0,0,Unknown,Unknown,"45,01503","-74,7434",CAN,CAN,Canada,01/01/1970,,,,01/11/2012,05/12/2013,5928065
373,Shediac,CASHE,Sea,Unknown,Open,0,0,0,Unknown,Unknown,"45,18343","-61,4649",CAN,CAN,Canada,01/01/1970,,,,01/11/2012,16/01/2015,999999999
374,Valleyfield,CAVLF,Sea,Unknown,Open,0,0,0,Unknown,Unknown,"45,26063","-74,1449",CAN,CAN,Canada,01/01/1970,,,,01/11/2012,05/12/2013,6139289
375,Ottawa,CAOTT,Sea,Unknown,Open,0,0,0,Unknown,Unknown,"45,42753","-75,7066",CAN,CAN,Canada,01/01/1970,,,,01/11/2012,05/12/2013,6094817
376,Montreal,CAMTR,Sea,Unknown,Open,0,0,0,Unknown,Unknown,"45,50173","-73,5481",CAN,CAN,Canada,01/01/1970,,,,01/11/2012,05/12/2013,6077243
377,Arichat,CAARI,Sea,Unknown,Open,0,0,0,Unknown,Unknown,"45,51693","-61,0221",CAN,CAN,Canada,01/01/1970,,,,01/11/2012,05/12/2013,5886894
378,Iona,CAION,Sea,Unknown,Open,0,0,0,Unknown,Unknown,"45,96473","-60,8185",CAN,CAN,Canada,01/01/1970,,,,01/11/2012,05/12/2013,5983667
379,New Glasgow,CANGL,Sea,Unknown,Open,0,0,0,Unknown,Unknown,"45,60653","-62,6491",CAN,CAN,Canada,01/01/1970,,,,01/11/2012,05/12/2013,6087579
380,Vancouver,USBCC,Sea,Unknown,Open,0,0,0,Unknown,Unknown,"45,61133","-122,6114",USA,USA,United States of America,01/01/1970,,,,01/11/2012,05/12/2013,5814616
381,Port Hawkesbury,CAPHW,Sea,Unknown,Open,0,0,0,Unknown,Unknown,"45,61313","-61,3642",CAN,CAN,Canada,01/01/1970,,,,01/11/2012,05/12/2013,6111867
382,Pictou,CAPTO,Sea,Unknown,Open,0,0,0,Unknown,Unknown,"45,67393","-62,7063",CAN,CAN,Canada,01/01/1970,,,,01/11/2012,05/12/2013,6104221
383,Pugwash,CAPUG,Sea,Unknown,Open,0,0,0,Unknown,Unknown,"45,79153","-63,5358",CAN,CAN,Canada,01/01/1970,,,,01/11/2012,05/12/2013,6114045
384,Contrecoeur,CACOC,Sea,Unknown,Open,0,0,0,Unknown,Unknown,"45,88473","-73,2199",CAN,CAN,Canada,01/01/1970,,,,01/11/2012,05/12/2013,5927024
385,Louisbourg,CALOU,Sea,Unknown,Open,0,0,0,Unknown,Unknown,"45,92903","-59,9704",CAN,CAN,Canada,01/01/1970,,,,01/11/2012,05/12/2013,6060789
386,Kalama,USKAL,Sea,Unknown,Open,0,0,0,Unknown,Unknown,"46,01143","-122,8534",USA,USA,United States of America,01/01/1970,,,,01/11/2012,05/12/2013,5799410
387,Tracy,CATRC,Sea,Unknown,Open,0,0,0,Unknown,Unknown,"46,02133","-73,187",CAN,CAN,Canada,01/01/1970,,,,01/11/2012,05/12/2013,6151352
388,Sorel,CASOR,Sea,Unknown,Open,0,0,0,Unknown,Unknown,"46,05183","-73,131",CAN,CAN,Canada,01/01/1970,,,,01/11/2012,05/12/2013,6151350
389,Moncton,CAMNT,Sea,Unknown,Open,0,0,0,Unknown,Unknown,"46,08943","-64,7702",CAN,CAN,Canada,01/01/1970,,,,01/11/2012,05/12/2013,6076211
390,Kelso,USKLS,Sea,Unknown,Open,0,0,0,Unknown,Unknown,"46,10013","-122,8952",USA,USA,United States of America,01/01/1970,,,,01/11/2012,05/12/2013,5799571
391,Baddeck,CABAD,Sea,Unknown,Open,0,0,0,Unknown,Unknown,"46,11393","-60,7475",CAN,CAN,Canada,01/01/1970,,,,01/11/2012,05/12/2013,5889156
392,Sydney,CASYD,Sea,Unknown,Open,0,0,0,Unknown,Unknown,"46,14893","-60,1984",CAN,CAN,Canada,01/01/1970,,,,01/11/2012,05/12/2013,6160752
393,Warrenton,USWTO,Sea,Unknown,Open,0,0,0,Unknown,Unknown,"46,16733","-123,9106",USA,USA,United States of America,01/01/1970,,,,01/11/2012,05/12/2013,5759289
394,Longview,USLOG,Sea,Unknown,Open,0,0,0,Unknown,Unknown,"46,18253","-122,8997",USA,USA,United States of America,01/01/1970,,,,01/11/2012,05/12/2013,5801617
395,Astoria,USAST,Sea,Unknown,Open,0,0,0,Unknown,Unknown,"46,18873","-123,8449",USA,USA,United States of America,01/01/1970,,,,01/11/2012,05/12/2013,5711847
396,Levis,CALEV,Sea,Unknown,Open,0,0,0,Unknown,Unknown,"46,78663","-71,1992",CAN,CAN,Canada,01/01/1970,,,,01/11/2012,05/12/2013,6325521
397,Newcastle,CANCT,Sea,Unknown,Open,0,0,0,Unknown,Unknown,"47,00593","-65,5636",CAN,CAN,Canada,01/01/1970,,,,01/11/2012,05/12/2013,6087456
398,Olympia,USOLM,Sea,Unknown,Open,0,0,0,Unknown,Unknown,"47,04653","-122,8966",USA,USA,United States of America,01/01/1970,,,,01/11/2012,05/12/2013,5805687
399,Fortune,CAFOR,Sea,Unknown,Open,0,0,0,Unknown,Unknown,"47,07253","-55,8454",CAN,CAN,Canada,01/01/1970,,,,01/11/2012,05/12/2013,5955964
400,Marystown,CAMTN,Sea,Unknown,Open,0,0,0,Unknown,Unknown,"47,16523","-55,1615",CAN,CAN,Canada,01/01/1970,,,,01/11/2012,05/12/2013,6067472
401,Shelton,USSQR,Sea,Unknown,Open,0,0,0,Unknown,Unknown,"47,20723","-123,0927",USA,USA,United States of America,01/01/1970,,,,01/11/2012,05/12/2013,5810176
402,Holyrood,CAHOD,Sea,Unknown,Open,0,0,0,Unknown,Unknown,"47,38643","-53,1383",CAN,CAN,Canada,01/01/1970,,,,01/11/2012,05/12/2013,5976393
403,Long Harbour,CALOH,Sea,Unknown,Open,0,0,0,Unknown,Unknown,"47,42793","-53,8263",CAN,CAN,Canada,01/01/1970,,,,01/11/2012,05/12/2013,6058972
404,Port Orchard,USPXO,Sea,Unknown,Open,0,0,0,Unknown,Unknown,"47,54133","-122,6368",USA,USA,United States of America,01/01/1970,,,,01/11/2012,05/12/2013,5807236
405,Bremerton,USPWT,Sea,Unknown,Open,0,0,0,Unknown,Unknown,"47,54733","-122,6654",USA,USA,United States of America,01/01/1970,,,,01/11/2012,05/12/2013,5788054
406,Port Aux Basques,CAPBQ,Sea,Unknown,Open,0,0,0,Unknown,Unknown,"47,56423","-59,1505",CAN,CAN,Canada,01/01/1970,,,,01/11/2012,05/12/2013,5919815
407,Shippegan,CASHP,Sea,Unknown,Open,0,0,0,Unknown,Unknown,"47,74403","-64,7146",CAN,CAN,Canada,01/01/1970,,,,01/11/2012,16/01/2015,999999999
408,Fort Pierce,USFPR,Sea,Unknown,Open,0,0,0,Unknown,Unknown,"27,43893","-80,3183",USA,USA,United States of America,01/01/1970,,,,01/11/2012,05/12/2013,4156018
409,Palmetto,USPMT,Sea,Unknown,Open,0,0,0,Unknown,Unknown,"27,50253","-82,5473",USA,USA,United States of America,01/01/1970,,,,01/11/2012,05/12/2013,4167632
410,Corpus Christi,USCRP,Sea,Unknown,Open,0,0,0,Unknown,Unknown,"27,70973","-97,3388",USA,USA,United States of America,01/01/1970,,,,01/11/2012,16/01/2015,999999999
411,Catalina,CACAT,Sea,Unknown,Open,0,0,0,Unknown,Unknown,"48,51613","-53,081",CAN,CAN,Canada,01/01/1970,,,,01/11/2012,05/12/2013,5918243
412,Gaspe,CAGPE,Sea,Unknown,Open,0,0,0,Unknown,Unknown,"48,82753","-64,4832",CAN,CAN,Canada,01/01/1970,,,,01/11/2012,05/12/2013,5959878
413,Crofton,CACRO,Sea,Unknown,Open,0,0,0,Unknown,Unknown,"48,86313","-123,6276",CAN,CAN,Canada,01/01/1970,,,,01/11/2012,05/12/2013,5932743
414,Chemainus,CACHM,Sea,Unknown,Open,0,0,0,Unknown,Unknown,"48,91683","-123,7091",CAN,CAN,Canada,01/01/1970,,,,01/11/2012,05/12/2013,5920668
415,Port Canaveral,USPCA,Sea,Unknown,Open,0,0,0,Unknown,Unknown,"28,40443","-80,6047",USA,USA,United States of America,01/01/1970,,,,01/11/2012,05/12/2013,4149959
416,Shawano,USSWS,Sea,Unknown,Open,0,0,0,Unknown,Unknown,"28,92823","-89,4033",USA,USA,United States of America,01/01/1970,,,,01/11/2012,16/01/2015,999999999
417,Freeport,USFRP,Sea,Unknown,Open,0,0,0,Unknown,Unknown,"28,94703","-95,3507",USA,USA,United States of America,01/01/1970,,,,01/11/2012,05/12/2013,4692355
418,Galveston,USGLS,Sea,Unknown,Open,0,0,0,Unknown,Unknown,"29,27653","-94,835",USA,USA,United States of America,01/01/1970,,,,01/11/2012,05/12/2013,4692883
419,Ostrica,USOST,Sea,Unknown,Open,0,0,0,Unknown,Unknown,"29,36013","-89,5393",USA,USA,United States of America,01/01/1970,,,,01/11/2012,05/12/2013,4336211
420,Texas City,USTXT,Sea,Unknown,Open,0,0,0,Unknown,Unknown,"29,37923","-94,8885",USA,USA,United States of America,01/01/1970,,,,01/11/2012,05/12/2013,4736134
421,Port Sulphur,USSUL,Sea,Unknown,Open,0,0,0,Unknown,Unknown,"29,45973","-89,6847",USA,USA,United States of America,01/01/1970,,,,01/11/2012,05/12/2013,4337859
422,Braithwaite,USBWT,Sea,Unknown,Open,0,0,0,Unknown,Unknown,"29,85173","-89,9732",USA,USA,United States of America,01/01/1970,,,,01/11/2012,05/12/2013,4317764
423,Carrabelle,USCRB,Sea,Unknown,Open,0,0,0,Unknown,Unknown,"29,85193","-84,6719",USA,USA,United States of America,01/01/1970,,,,01/11/2012,05/12/2013,4150103
424,Parlier,USPAR,Sea,Unknown,Open,0,0,0,Unknown,Unknown,"29,86573","-93,9367",USA,USA,United States of America,01/01/1970,,,,01/11/2012,16/01/2015,999999999
425,Port Arthur,USPOA,Sea,Unknown,Open,0,0,0,Unknown,Unknown,"29,86793","-93,9344",USA,USA,United States of America,01/01/1970,,,,01/11/2012,05/12/2013,4720039
426,Marrero,USMAR,Sea,Unknown,Open,0,0,0,Unknown,Unknown,"29,90333","-90,1039",USA,USA,United States of America,01/01/1970,,,,01/11/2012,05/12/2013,4332628
427,Baton Rouge,USBTR,Sea,Unknown,Open,0,0,0,Unknown,Unknown,"30,46613","-91,1983",USA,USA,United States of America,01/01/1970,,,,01/11/2012,05/12/2013,4315588
428,Mobile,USMOB,Sea,Unknown,Open,0,0,0,Unknown,Unknown,"30,65523","-88,0437",USA,USA,United States of America,01/01/1970,,,,01/11/2012,05/12/2013,4076598
429,Kings Bay,USKBA,Sea,Unknown,Open,0,0,0,Unknown,Unknown,"30,80653","-81,5248",USA,USA,United States of America,01/01/1970,,,,01/11/2012,05/12/2013,7260333
430,Brunswick,USSSI,Sea,Unknown,Open,0,0,0,Unknown,Unknown,"31,14863","-81,5005",USA,USA,United States of America,01/01/1970,,,,01/11/2012,05/12/2013,4184845
431,Port Royal,USPRL,Sea,Unknown,Open,0,0,0,Unknown,Unknown,"32,38353","-80,6834",USA,USA,United States of America,01/01/1970,,,,01/11/2012,05/12/2013,4591896
432,San Diego,USSAN,Sea,Unknown,Open,0,0,0,Unknown,Unknown,"32,65163","-117,1153",USA,USA,United States of America,01/01/1970,,,,01/11/2012,05/12/2013,5391811
433,Antioch,USANZ,Sea,Unknown,Open,0,0,0,Unknown,Unknown,"38,02293","-121,8172",USA,USA,United States of America,01/01/1970,,,,01/11/2012,05/12/2013,5324200
434,Martinez,USMRZ,Sea,Unknown,Open,0,0,0,Unknown,Unknown,"38,02573","-122,1454",USA,USA,United States of America,01/01/1970,,,,01/11/2012,05/12/2013,5370868
435,Fredericksburg,USFDB,Sea,Unknown,Open,0,0,0,Unknown,Unknown,"38,28373","-77,4532",USA,USA,United States of America,01/01/1970,,,,01/11/2012,05/12/2013,4760059
436,Salisbury,USSLS,Sea,Unknown,Open,0,0,0,Unknown,Unknown,"38,34913","-75,6208",USA,USA,United States of America,01/01/1970,,,,01/11/2012,05/12/2013,4368711
437,Cambridge,USCGE,Sea,Unknown,Open,0,0,0,Unknown,Unknown,"38,56733","-76,0705",USA,USA,United States of America,01/01/1970,,,,01/11/2012,05/12/2013,4350175
438,Annapolis,USANP,Sea,Unknown,Open,0,0,0,Unknown,Unknown,"38,93973","-76,4692",USA,USA,United States of America,01/01/1970,,,,01/11/2012,05/12/2013,4347242
439,Perth Amboy,USPAY,Sea,Unknown,Open,0,0,0,Unknown,Unknown,"40,51353","-74,2672",USA,USA,United States of America,01/01/1970,,,,01/11/2012,05/12/2013,5102578
440,Hoboken,USHOB,Sea,Unknown,Open,0,0,0,Unknown,Unknown,"40,74093","-74,0269",USA,USA,United States of America,01/01/1970,,,,01/11/2012,05/12/2013,5099133
441,Northville (Riverhead),USNVR,Sea,Unknown,Open,0,0,0,Unknown,Unknown,"40,98053","-72,6429",USA,USA,United States of America,01/01/1970,,,,01/11/2012,05/12/2013,5129314
442,Stamps,USSTM,Sea,Unknown,Open,0,0,0,Unknown,Unknown,"41,04173","-73,5501",USA,USA,United States of America,01/01/1970,,,,01/11/2012,16/01/2015,999999999
443,Marion,USMZZ,Sea,Unknown,Open,0,0,0,Unknown,Unknown,"41,69453","-70,7611",USA,USA,United States of America,01/01/1970,,,,01/11/2012,05/12/2013,4943144
444,Monument,USMEB,Sea,Unknown,Open,0,0,0,Unknown,Unknown,"41,72773","-70,6226",USA,USA,United States of America,01/01/1970,,,,01/11/2012,05/12/2013,4944405
445,Onset,USONL,Sea,Unknown,Open,0,0,0,Unknown,Unknown,"41,74813","-70,6663",USA,USA,United States of America,01/01/1970,,,,01/11/2012,05/12/2013,4946372
446,Wareham,USWMV,Sea,Unknown,Open,0,0,0,Unknown,Unknown,"41,75593","-70,7307",USA,USA,United States of America,01/01/1970,,,,01/11/2012,05/12/2013,4832324
447,Sandwich,USSWC,Sea,Unknown,Open,0,0,0,Unknown,Unknown,"41,76453","-70,476",USA,USA,United States of America,01/01/1970,,,,01/11/2012,05/12/2013,4950191
448,Providence,USPVD,Sea,Unknown,Open,0,0,0,Unknown,Unknown,"41,80253","-71,3974",USA,USA,United States of America,01/01/1970,,,,01/11/2012,05/12/2013,5224151
449,Salem,USSLM,Sea,Unknown,Open,0,0,0,Unknown,Unknown,"42,50913","-70,8881",USA,USA,United States of America,01/01/1970,,,,01/11/2012,05/12/2013,4950065
450,Portsmouth,USPSM,Sea,Unknown,Open,0,0,0,Unknown,Unknown,"43,06833","-70,7591",USA,USA,United States of America,01/01/1970,,,,01/11/2012,05/12/2013,5091383
451,Yarmouth,USYAR,Sea,Unknown,Open,0,0,0,Unknown,Unknown,"43,79733","-70,1808",USA,USA,United States of America,01/01/1970,,,,01/11/2012,05/12/2013,4983572
452,Yarmouth,CAYQI,Sea,Unknown,Open,0,0,0,Unknown,Unknown,"43,82593","-66,1258",CAN,CAN,Canada,01/01/1970,,,,01/11/2012,05/12/2013,6185217
453,Liverpool,CALIV,Sea,Unknown,Open,0,0,0,Unknown,Unknown,"44,04393","-64,7179",CAN,CAN,Canada,01/01/1970,,,,01/11/2012,05/12/2013,6057856
454,Brooklyn,CABKN,Sea,Unknown,Open,0,0,0,Unknown,Unknown,"44,04683","-64,6851",CAN,CAN,Canada,01/01/1970,,,,01/11/2012,05/12/2013,5909491
455,Morristown,USMJG,Sea,Unknown,Open,0,0,0,Unknown,Unknown,"44,58853","-75,6568",USA,USA,United States of America,01/01/1970,,,,01/11/2012,05/12/2013,5127556
456,Brockville,CABCK,Sea,Unknown,Open,0,0,0,Unknown,Unknown,"44,59833","-75,6804",CAN,CAN,Canada,01/01/1970,,,,01/11/2012,05/12/2013,5909294
457,Ogdensburg,USOGS,Sea,Unknown,Open,0,0,0,Unknown,Unknown,"44,69953","-75,5024",USA,USA,United States of America,01/01/1970,,,,01/11/2012,05/12/2013,5129626
458,Prescott,CAPRE,Sea,Unknown,Open,0,0,0,Unknown,Unknown,"44,71083","-75,5187",CAN,CAN,Canada,01/01/1970,,,,01/11/2012,05/12/2013,6113027
459,Bangor,USBGR,Sea,Unknown,Open,0,0,0,Unknown,Unknown,"44,78633","-68,7794",USA,USA,United States of America,01/01/1970,,,,01/11/2012,05/12/2013,4957280
460,Sheet Harbour,CASHH,Sea,Unknown,Open,0,0,0,Unknown,Unknown,"44,86263","-62,5733",CAN,CAN,Canada,01/01/1970,,,,01/11/2012,05/12/2013,6145815
461,Parrsboro,CAPAR,Sea,Unknown,Open,0,0,0,Unknown,Unknown,"45,39673","-64,3302",CAN,CAN,Canada,01/01/1970,,,,01/11/2012,05/12/2013,6098717
462,Lachine,CALAC,Sea,Unknown,Open,0,0,0,Unknown,Unknown,"45,41653","-73,6452",CAN,CAN,Canada,01/01/1970,,,,01/11/2012,05/12/2013,6545041
463,Souris,CASOU,Sea,Unknown,Open,0,0,0,Unknown,Unknown,"46,34373","-62,2467",CAN,CAN,Canada,01/01/1970,,,,01/11/2012,05/12/2013,6151455
464,Le Havre,FRLEH,Sea,Unknown,Unknown,0,0,0,Unknown,Unknown,"49,48533","0,1081",FRA,FRA,France,01/01/1970,,,,01/11/2012,05/12/2013,3003796
465,Trois-Rivieres (Three Rivers),CATRR,Sea,Unknown,Open,0,0,0,Unknown,Unknown,"46,36323","-72,552",CAN,CAN,Canada,01/01/1970,,,,01/11/2012,05/12/2013,6169141
466,Becancour,CABEC,Sea,Unknown,Open,0,0,0,Unknown,Unknown,"46,39283","-72,3794",CAN,CAN,Canada,01/01/1970,,,,01/11/2012,05/12/2013,5897209
467,Cape Race,CACRE,Sea,Unknown,Open,0,0,0,Unknown,Unknown,"46,65803","-53,0894",CAN,CAN,Canada,01/01/1970,,,,01/11/2012,16/01/2015,999999999
468,St Johns,CASJF,Sea,Unknown,Open,0,0,0,Unknown,Unknown,"47,57143","-52,7062",CAN,CAN,Canada,01/01/1970,,,,01/11/2012,05/12/2013,6324733
469,Bay Roberts,CABYR,Sea,Unknown,Open,0,0,0,Unknown,Unknown,"47,58803","-53,2759",CAN,CAN,Canada,01/01/1970,,,,01/11/2012,05/12/2013,5895424
470,Burgeo,CABUO,Sea,Unknown,Open,0,0,0,Unknown,Unknown,"47,62513","-57,6391",CAN,CAN,Canada,01/01/1970,,,,01/11/2012,05/12/2013,5911440
471,Silverdale,USSIF,Sea,Unknown,Open,0,0,0,Unknown,Unknown,"47,64433","-122,6925",USA,USA,United States of America,01/01/1970,,,,01/11/2012,05/12/2013,5810490
472,Orcas,USXJY,Sea,Unknown,Open,0,0,0,Unknown,Unknown,"48,59803","-122,9359",USA,USA,United States of America,01/01/1970,,,,01/11/2012,05/12/2013,5805789
473,Cowichan Bay,CACCB,Sea,Unknown,Open,0,0,0,Unknown,Unknown,"48,75853","-123,6474",CAN,CAN,Canada,01/01/1970,,,,01/11/2012,05/12/2013,7870334
474,Bellingham,USBLI,Sea,Unknown,Open,0,0,0,Unknown,Unknown,"48,76353","-122,5078",USA,USA,United States of America,01/01/1970,,,,01/11/2012,05/12/2013,5786899
475,Ladysmith,CALAD,Sea,Unknown,Open,0,0,0,Unknown,Unknown,"48,98793","-123,8073",CAN,CAN,Canada,01/01/1970,,,,01/11/2012,05/12/2013,6047817
476,Harmac,CAHMC,Sea,Unknown,Open,0,0,0,Unknown,Unknown,"49,13413","-123,8744",CAN,CAN,Canada,01/01/1970,,,,01/11/2012,16/01/2015,999999999
477,Botwood,CABWD,Sea,Unknown,Open,0,0,0,Unknown,Unknown,"49,14993","-55,3391",CAN,CAN,Canada,01/01/1970,,,,01/11/2012,05/12/2013,5906229
478,Nanaimo,CANNO,Sea,Unknown,Open,0,0,0,Unknown,Unknown,"49,16603","-123,9351",CAN,CAN,Canada,01/01/1970,,,,01/11/2012,05/12/2013,6085772
479,Fraser Mills,CAFRM,Sea,Unknown,Open,0,0,0,Unknown,Unknown,"49,19783","-122,9088",CAN,CAN,Canada,01/01/1970,,,,01/11/2012,05/12/2013,5957613
480,Mont Louis,CAMOL,Sea,Unknown,Open,0,0,0,Unknown,Unknown,"49,22693","-65,7287",CAN,CAN,Canada,01/01/1970,,,,01/11/2012,05/12/2013,6077140
481,Lewisporte,CALWP,Sea,Unknown,Open,0,0,0,Unknown,Unknown,"49,24873","-55,0641",CAN,CAN,Canada,01/01/1970,,,,01/11/2012,05/12/2013,6053446
482,Port Alberni,CAPAB,Sea,Unknown,Open,0,0,0,Unknown,Unknown,"49,25053","-124,8271",CAN,CAN,Canada,01/01/1970,,,,01/11/2012,05/12/2013,6111632
483,Nanoose,CANNE,Sea,Unknown,Open,0,0,0,Unknown,Unknown,"49,26473","-124,198",CAN,CAN,Canada,01/01/1970,,,,01/11/2012,05/12/2013,8504652
484,Port Moody,CAPMO,Sea,Unknown,Open,0,0,0,Unknown,Unknown,"49,28213","-122,8632",CAN,CAN,Canada,01/01/1970,,,,01/11/2012,05/12/2013,6111962
485,Ioco,CAIOC,Sea,Unknown,Open,0,0,0,Unknown,Unknown,"49,33393","-122,6041",CAN,CAN,Canada,01/01/1970,,,,01/11/2012,05/12/2013,5983663
486,Lomond,CALMD,Sea,Unknown,Open,0,0,0,Unknown,Unknown,"49,45213","-57,7578",CAN,CAN,Canada,01/01/1970,,,,01/11/2012,05/12/2013,6058543
487,Springdale,CASPD,Sea,Unknown,Open,0,0,0,Unknown,Unknown,"49,49733","-56,0957",CAN,CAN,Canada,01/01/1970,,,,01/11/2012,05/12/2013,6154159
488,Port Mellon,CAPML,Sea,Unknown,Open,0,0,0,Unknown,Unknown,"49,51553","-123,4864",CAN,CAN,Canada,01/01/1970,,,,01/11/2012,05/12/2013,6111956
489,Hampden,CAHMP,Sea,Unknown,Open,0,0,0,Unknown,Unknown,"49,54233","-56,8745",CAN,CAN,Canada,01/01/1970,,,,01/11/2012,05/12/2013,5969990
490,Woodfibre,CAWOO,Sea,Unknown,Open,0,0,0,Unknown,Unknown,"49,66413","-123,2524",CAN,CAN,Canada,01/01/1970,,,,01/11/2012,16/01/2015,999999999
491,Comox,CACOX,Sea,Unknown,Open,0,0,0,Unknown,Unknown,"49,67393","-124,9327",CAN,CAN,Canada,01/01/1970,,,,01/11/2012,05/12/2013,5926432
492,Port Menier,CAPME,Sea,Unknown,Open,0,0,0,Unknown,Unknown,"49,80693","-64,3543",CAN,CAN,Canada,01/01/1970,,,,01/11/2012,05/12/2013,6111957
493,Powell River,CAPOW,Sea,Unknown,Open,0,0,0,Unknown,Unknown,"49,84573","-124,5258",CAN,CAN,Canada,01/01/1970,,,,01/11/2012,05/12/2013,6112608
494,Tahsis,CAPTA,Sea,Unknown,Open,0,0,0,Unknown,Unknown,"49,91993","-126,6631",CAN,CAN,Canada,01/01/1970,,,,01/11/2012,05/12/2013,6161139
495,Baie Verte,CABVE,Sea,Unknown,Open,0,0,0,Unknown,Unknown,"49,94283","-56,1863",CAN,CAN,Canada,01/01/1970,,,,01/11/2012,05/12/2013,5891545
496,Zeballos,CAZEB,Sea,Unknown,Open,0,0,0,Unknown,Unknown,"49,98513","-126,8491",CAN,CAN,Canada,01/01/1970,,,,01/11/2012,05/12/2013,6185911
497,Campbell River,CACAM,Sea,Unknown,Open,0,0,0,Unknown,Unknown,"50,02723","-125,2412",CAN,CAN,Canada,01/01/1970,,,,01/11/2012,05/12/2013,5914132
498,Aviles,ESAVS,Sea,Unknown,Unknown,0,0,0,Unknown,Unknown,"43,59493","-5,9414",ESP,ESP,Spain,01/01/1970,,,,01/11/2012,05/12/2013,3129135
499,Duncan Bay,CADCN,Sea,Unknown,Open,0,0,0,Unknown,Unknown,"50,07413","-125,2806",CAN,CAN,Canada,01/01/1970,,,,01/11/2012,16/01/2015,999999999
500,Clark City,CACLC,Sea,Unknown,Open,0,0,0,Unknown,Unknown,"50,18553","-66,6326",CAN,CAN,Canada,01/01/1970,,,,01/11/2012,05/12/2013,5923168
501,Fort Albany,CAFAL,Sea,Unknown,Open,0,0,0,Unknown,Unknown,"52,23313","-81,6211",CAN,CAN,Canada,01/01/1970,,,,01/11/2012,16/01/2015,999999999
502,Jedway,CAJED,Sea,Unknown,Open,0,0,0,Unknown,Unknown,"52,28963","-131,2124",CAN,CAN,Canada,01/01/1970,,,,01/11/2012,05/12/2013,5986080
503,Ocean Falls,CAOFA,Sea,Unknown,Open,0,0,0,Unknown,Unknown,"52,34593","-127,6953",CAN,CAN,Canada,01/01/1970,,,,01/11/2012,05/12/2013,6092351
504,Bella Coola,CABLC,Sea,Unknown,Open,0,0,0,Unknown,Unknown,"52,36813","-126,7608",CAN,CAN,Canada,01/01/1970,,,,01/11/2012,05/12/2013,8062543
505,Kitimat,CAKTM,Sea,Unknown,Open,0,0,0,Unknown,Unknown,"54,04753","-128,6773",CAN,CAN,Canada,01/01/1970,,,,01/11/2012,05/12/2013,5993072
506,Akutan,USAKU,Sea,Unknown,Open,0,0,0,Unknown,Unknown,"54,13253","-165,7984",USA,USA,United States of America,01/01/1970,,,,01/11/2012,05/12/2013,5879048
507,Port Simpson,CAPSI,Sea,Unknown,Open,0,0,0,Unknown,Unknown,"54,55573","-130,4296",CAN,CAN,Canada,01/01/1970,,,,01/11/2012,16/01/2015,999999999
508,Nobeoka,JPNOB,Sea,Unknown,Unknown,0,0,0,Unknown,Unknown,"32,58573","131,6927",JPN,JPN,Japan,01/01/1970,,,,01/11/2012,05/12/2013,1855095
509,Ketchikan,USKTN,Sea,Unknown,Open,0,0,0,Unknown,Unknown,"55,32973","-131,631",USA,USA,United States of America,01/01/1970,,,,01/11/2012,05/12/2013,5554428
510,Hopedale,CAHOP,Sea,Unknown,Open,0,0,0,Unknown,Unknown,"55,45553","-60,2004",CAN,CAN,Canada,01/01/1970,,,,01/11/2012,05/12/2013,6694966
511,Stewart,CASTW,Sea,Unknown,Open,0,0,0,Unknown,Unknown,"55,92823","-129,9974",CAN,CAN,Canada,01/01/1970,,,,01/11/2012,05/12/2013,6156427
512,Petersburg,USPBU,Sea,Unknown,Open,0,0,0,Unknown,Unknown,"56,80933","-132,949",USA,USA,United States of America,01/01/1970,,,,01/11/2012,05/12/2013,5556338
513,Haines,USHNS,Sea,Unknown,Open,0,0,0,Unknown,Unknown,"59,24913","-135,4236",USA,USA,United States of America,01/01/1970,,,,01/11/2012,05/12/2013,5846901
514,Skagway,USSGY,Sea,Unknown,Open,0,0,0,Unknown,Unknown,"59,45583","-135,3127",USA,USA,United States of America,01/01/1970,,,,01/11/2012,05/12/2013,5557317
515,Seward,USSEW,Sea,Unknown,Open,0,0,0,Unknown,Unknown,"60,11043","-149,4475",USA,USA,United States of America,01/01/1970,,,,01/11/2012,05/12/2013,5873776
516,Whittier,USWQF,Sea,Unknown,Open,0,0,0,Unknown,Unknown,"60,78193","-148,6577",USA,USA,United States of America,01/01/1970,,,,01/11/2012,05/12/2013,5878018
517,Anchorage,USANC,Sea,Unknown,Open,0,0,0,Unknown,Unknown,"61,20633","-149,9306",USA,USA,United States of America,01/01/1970,,,,01/11/2012,05/12/2013,5879400
518,Frobisher Bay,CAFBB,Sea,Unknown,Open,0,0,0,Unknown,Unknown,"63,74263","-68,5392",CAN,CAN,Canada,01/01/1970,,,,01/11/2012,16/01/2015,999999999
519,Prudhoe,USPUO,Sea,Unknown,Open,0,0,0,Unknown,Unknown,"70,30623","-148,369",USA,USA,United States of America,01/01/1970,,,,01/11/2012,05/12/2013,5872126
520,Sukhumi,GESUI,Sea,Unknown,Open,0,0,0,Unknown,Unknown,"42,99385","40,99068",GEO,GEO,Georgia,01/01/1970,,,,01/11/2012,05/12/2013,611847
521,Mars,USXJB,Sea,Unknown,Open,0,0,0,Unknown,Unknown,"29,48033","-91,7985",USA,USA,United States of America,01/01/1970,,,,01/11/2012,16/01/2015,999999999
522,Newport Beach,USJNP,Sea,Unknown,Open,0,0,0,Unknown,Unknown,"33,62623","-117,952",USA,USA,United States of America,01/01/1970,,,,01/11/2012,05/12/2013,5376890
523,Come By Chance Bay,CACBC,Sea,Unknown,Open,0,0,0,Unknown,Unknown,"47,62233","-53,7657",CAN,CAN,Canada,01/01/1970,,,,01/11/2012,05/12/2013,5926314
524,Edmonds,USEOW,Sea,Unknown,Open,0,0,0,Unknown,Unknown,"47,82173","-122,3796",USA,USA,United States of America,01/01/1970,,,,01/11/2012,05/12/2013,5793427
525,Campbellton,CACOM,Sea,Unknown,Open,0,0,0,Unknown,Unknown,"47,99913","-66,695",CAN,CAN,Canada,01/01/1970,,,,01/11/2012,05/12/2013,6696258
526,Carleton,CACLT,Sea,Unknown,Open,0,0,0,Unknown,Unknown,"48,09133","-66,1075",CAN,CAN,Canada,01/01/1970,,,,01/11/2012,05/12/2013,6693777
527,Port Townsend,USTWD,Sea,Unknown,Open,0,0,0,Unknown,Unknown,"48,10893","-122,7564",USA,USA,United States of America,01/01/1970,,,,01/11/2012,05/12/2013,5807239
528,Port Angeles,USCLM,Sea,Unknown,Open,0,0,0,Unknown,Unknown,"48,13613","-123,4038",USA,USA,United States of America,01/01/1970,,,,01/11/2012,05/12/2013,5807212
529,Ijmuiden,NLIJM,Sea,Unknown,Unknown,0,0,0,Unknown,Unknown,"52,46213","4,5911",NLD,NLD,Netherlands,01/01/1970,,,,01/11/2012,05/12/2013,2753376
530,Velsen,NLVEL,Sea,Unknown,Unknown,0,0,0,Unknown,Unknown,"52,46773","4,6451",NLD,NLD,Netherlands,01/01/1970,,,,01/11/2012,05/12/2013,2745673
531,Foynes,IEFOV,Sea,Unknown,Unknown,0,0,0,Unknown,Unknown,"52,61593","-9,1057",IRL,IRL,Ireland,01/01/1970,,,,01/11/2012,05/12/2013,2964225
532,Aughinish Island,IEAUG,Sea,Unknown,Unknown,0,0,0,Unknown,Unknown,"52,63053","-9,0479",IRL,IRL,Ireland,01/01/1970,,,,01/11/2012,05/12/2013,3230593
533,Texel,NLTEX,Sea,Unknown,Unknown,0,0,0,Unknown,Unknown,"53,17753","4,8433",NLD,NLD,Netherlands,01/01/1970,,,,01/11/2012,16/01/2015,999999999
534,Marstal,DKMRS,Sea,Unknown,Unknown,0,0,0,Unknown,Unknown,"54,85193","10,5257",DNK,DNK,Denmark,01/01/1970,,,,01/11/2012,05/12/2013,2617030
535,Caen,FRCFR,Sea,Unknown,Unknown,0,0,0,Unknown,Unknown,"49,18483","-0,3213",FRA,FRA,France,01/01/1970,,,,01/11/2012,05/12/2013,3029241
536,Orehoved,DKORE,Sea,Unknown,Unknown,0,0,0,Unknown,Unknown,"54,95613","11,8527",DNK,DNK,Denmark,01/01/1970,,,,01/11/2012,05/12/2013,2615391
537,Vordingborg,DKVOR,Sea,Unknown,Unknown,0,0,0,Unknown,Unknown,"54,97793","11,9031",DNK,DNK,Denmark,01/01/1970,,,,01/11/2012,05/12/2013,2610021
538,Limhamn,SELIM,Sea,Unknown,Unknown,0,0,0,Unknown,Unknown,"55,56033","12,9041",SWE,SWE,Sweden,01/01/1970,,,,01/11/2012,05/12/2013,2695019
539,Bogense,DKBGZ,Sea,Unknown,Unknown,0,0,0,Unknown,Unknown,"55,57283","10,0937",DNK,DNK,Denmark,01/01/1970,,,,01/11/2012,05/12/2013,2623857
540,Kastrup,DKKTP,Sea,Unknown,Unknown,0,0,0,Unknown,Unknown,"55,63643","12,6591",DNK,DNK,Denmark,01/01/1970,,,,01/11/2012,05/12/2013,2619030
541,Liepaya,LVLPX,Sea,Unknown,Unknown,0,0,0,Unknown,Unknown,"56,52933","21,0049",LVA,LVA,Latvia,01/01/1970,,,,01/11/2012,05/12/2013,457954
542,Figeholm,SEFIG,Sea,Unknown,Unknown,0,0,0,Unknown,Unknown,"57,37113","16,5669",SWE,SWE,Sweden,01/01/1970,,,,01/11/2012,05/12/2013,2715094
543,Marieberg,SEMAR,Sea,Unknown,Unknown,0,0,0,Unknown,Unknown,"57,89433","11,7083",SWE,SWE,Sweden,01/01/1970,,,,01/11/2012,05/12/2013,2692688
544,Sunderland,GBSUN,Sea,Unknown,Unknown,0,0,0,Unknown,Unknown,"54,91193","-1,3583",GBR,GBR,U.K. of Great Britain & Northern Ireland,01/01/1970,,,,01/11/2012,05/12/2013,2636531
545,Girvan,GBGIR,Sea,Unknown,Unknown,0,0,0,Unknown,Unknown,"55,23793","-4,8611",GBR,GBR,U.K. of Great Britain & Northern Ireland,01/01/1970,,,,01/11/2012,05/12/2013,2648626
546,Lamlash,GBLAH,Sea,Unknown,Unknown,0,0,0,Unknown,Unknown,"55,53213","-5,07",GBR,GBR,U.K. of Great Britain & Northern Ireland,01/01/1970,,,,01/11/2012,05/12/2013,2644984
547,Dragor,DKDRA,Sea,Unknown,Unknown,0,0,0,Unknown,Unknown,"55,59443","12,6779",DNK,DNK,Denmark,01/01/1970,,,,01/11/2012,05/12/2013,2622937
548,Farosund,SEFSD,Sea,Unknown,Unknown,0,0,0,Unknown,Unknown,"57,86323","19,0691",SWE,SWE,Sweden,01/01/1970,,,,01/11/2012,05/12/2013,2715285
549,Grasten,DKGRA,Sea,Unknown,Unknown,0,0,0,Unknown,Unknown,"54,90973","9,6007",DNK,DNK,Denmark,01/01/1970,,,,01/11/2012,05/12/2013,2621258
550,Vardo,NOVAO,Sea,Unknown,Unknown,0,0,0,Unknown,Unknown,"70,37833","31,0691",NOR,NOR,Norway,01/01/1970,,,,01/11/2012,05/12/2013,777019
551,Vastervik,SEVVK,Sea,Unknown,Unknown,0,0,0,Unknown,Unknown,"57,75923","16,6539",SWE,SWE,Sweden,01/01/1970,,,,01/11/2012,05/12/2013,2664203
552,Korsor,DKKRR,Sea,Unknown,Unknown,0,0,0,Unknown,Unknown,"55,33633","11,1459",DNK,DNK,Denmark,01/01/1970,,,,01/11/2012,05/12/2013,2618361
553,Rorvig,DKRRV,Sea,Unknown,Unknown,0,0,0,Unknown,Unknown,"55,92953","11,7555",DNK,DNK,Denmark,01/01/1970,,,,01/11/2012,05/12/2013,2614515
554,Tayport,GBTAY,Sea,Unknown,Unknown,0,0,0,Unknown,Unknown,"56,44063","-2,9486",GBR,GBR,U.K. of Great Britain & Northern Ireland,01/01/1970,,,,01/11/2012,05/12/2013,2636158
555,Sullom Voe,GBSUL,Sea,Unknown,Unknown,0,0,0,Unknown,Unknown,"60,47193","-1,2755",GBR,GBR,U.K. of Great Britain & Northern Ireland,01/01/1970,,,,01/11/2012,16/01/2015,999999999
556,Buckie,GBBUC,Sea,Unknown,Unknown,0,0,0,Unknown,Unknown,"57,68533","-2,9555",GBR,GBR,U.K. of Great Britain & Northern Ireland,01/01/1970,,,,01/11/2012,05/12/2013,2654411
557,Oban,GBOBA,Sea,Unknown,Unknown,0,0,0,Unknown,Unknown,"56,41673","-5,4719",GBR,GBR,U.K. of Great Britain & Northern Ireland,01/01/1970,,,,01/11/2012,05/12/2013,2641108
558,Burntisland,GBBTL,Sea,Unknown,Unknown,0,0,0,Unknown,Unknown,"56,05593","-3,2271",GBR,GBR,U.K. of Great Britain & Northern Ireland,01/01/1970,,,,01/11/2012,05/12/2013,2654255
559,Silloth,GBSIL,Sea,Unknown,Unknown,0,0,0,Unknown,Unknown,"54,86043","-3,4057",GBR,GBR,U.K. of Great Britain & Northern Ireland,01/01/1970,,,,01/11/2012,05/12/2013,2637836
560,Portrush,GBPTR,Sea,Unknown,Unknown,0,0,0,Unknown,Unknown,"55,20313","-6,6588",GBR,GBR,U.K. of Great Britain & Northern Ireland,01/01/1970,,,,01/11/2012,05/12/2013,2640004
561,Ayr,GBAYR,Sea,Unknown,Unknown,0,0,0,Unknown,Unknown,"55,46173","-4,6493",GBR,GBR,U.K. of Great Britain & Northern Ireland,01/01/1970,,,,01/11/2012,05/12/2013,2656708
562,Ardrossan,GBARD,Sea,Unknown,Unknown,0,0,0,Unknown,Unknown,"55,65013","-4,8241",GBR,GBR,U.K. of Great Britain & Northern Ireland,01/01/1970,,,,01/11/2012,05/12/2013,2657125
563,Cockenzie,GBCNZ,Sea,Unknown,Unknown,0,0,0,Unknown,Unknown,"55,97523","-2,952",GBR,GBR,U.K. of Great Britain & Northern Ireland,01/01/1970,,,,01/11/2012,05/12/2013,2652681
564,Granton,GBGRN,Sea,Unknown,Unknown,0,0,0,Unknown,Unknown,"55,98273","-3,2043",GBR,GBR,U.K. of Great Britain & Northern Ireland,01/01/1970,,,,01/11/2012,16/01/2015,999999999
565,Lochaline,GBLOL,Sea,Unknown,Unknown,0,0,0,Unknown,Unknown,"56,52913","-5,7647",GBR,GBR,U.K. of Great Britain & Northern Ireland,01/01/1970,,,,01/11/2012,05/12/2013,2643855
566,Patmos,GRPMS,Sea,Unknown,Unknown,0,0,0,Unknown,Unknown,"37,32063","26,5529",GRC,GRC,Greece,01/01/1970,,,,01/11/2012,05/12/2013,255688
567,Idhra (Hydra),GRHYD,Sea,Unknown,Unknown,0,0,0,Unknown,Unknown,"37,34993","23,4609",GRC,GRC,Greece,01/01/1970,,,,01/11/2012,19/01/2015,999999999
568,Ermioni,GRERM,Sea,Unknown,Unknown,0,0,0,Unknown,Unknown,"37,37973","23,2503",GRC,GRC,Greece,01/01/1970,,,,01/11/2012,05/12/2013,262607
569,Syros (Syra),GRJSY,Sea,Unknown,Unknown,0,0,0,Unknown,Unknown,"37,43593","24,9411",GRC,GRC,Greece,01/01/1970,,,,01/11/2012,19/01/2015,999999999
570,Catania,ITCTA,Sea,Unknown,Unknown,0,0,0,Unknown,Unknown,"37,48393","15,0911",ITA,ITA,Italy,01/01/1970,,,,01/11/2012,05/12/2013,2525068
571,Katakolon,GRKAK,Sea,Unknown,Unknown,0,0,0,Unknown,Unknown,"37,64933","21,3227",GRC,GRC,Greece,01/01/1970,,,,01/11/2012,05/12/2013,260698
572,Kalamaki,GRKLM,Sea,Unknown,Unknown,0,0,0,Unknown,Unknown,"37,85823","23,0057",GRC,GRC,Greece,01/01/1970,,,,01/11/2012,05/12/2013,261623
573,Favignana,ITFAV,Sea,Unknown,Unknown,0,0,0,Unknown,Unknown,"37,93513","12,3287",ITA,ITA,Italy,01/01/1970,,,,01/11/2012,05/12/2013,2524780
574,Corinth,GRCRG,Sea,Unknown,Unknown,0,0,0,Unknown,Unknown,"37,94703","22,9445",GRC,GRC,Greece,01/01/1970,,,,01/11/2012,05/12/2013,259289
575,Sines,PTSIE,Sea,Unknown,Unknown,0,0,0,Unknown,Unknown,"37,94953","-8,8628",PRT,PRT,Portugal,01/01/1970,,,,01/11/2012,05/12/2013,2262917
576,Perama,GRPER,Sea,Unknown,Unknown,0,0,0,Unknown,Unknown,"37,96333","23,5667",GRC,GRC,Greece,01/01/1970,,,,01/11/2012,05/12/2013,255588
577,Megara,GRMGR,Sea,Unknown,Unknown,0,0,0,Unknown,Unknown,"37,97873","23,3957",GRC,GRC,Greece,01/01/1970,,,,01/11/2012,05/12/2013,257365
578,Skaramanga,GRSKA,Sea,Unknown,Unknown,0,0,0,Unknown,Unknown,"37,98763","23,5609",GRC,GRC,Greece,01/01/1970,,,,01/11/2012,05/12/2013,253688
579,Castellammare Del Golfo,ITCTR,Sea,Unknown,Unknown,0,0,0,Unknown,Unknown,"38,03963","12,8843",ITA,ITA,Italy,01/01/1970,,,,01/11/2012,05/12/2013,2525095
580,Berville,FRBEV,Sea,Unknown,Unknown,0,0,0,Unknown,Unknown,"49,43623","0,3619",FRA,FRA,France,01/01/1970,,,,01/11/2012,05/12/2013,3033136
581,Eleusis,GREEU,Sea,Unknown,Unknown,0,0,0,Unknown,Unknown,"38,03993","23,5479",GRC,GRC,Greece,01/01/1970,,,,01/11/2012,19/01/2015,264371
582,Messina,ITMSN,Sea,Unknown,Unknown,0,0,0,Unknown,Unknown,"38,17573","15,5675",ITA,ITA,Italy,01/01/1970,,,,01/11/2012,05/12/2013,2524170
583,Milazzo,ITMLZ,Sea,Unknown,Unknown,0,0,0,Unknown,Unknown,"38,21153","15,2599",ITA,ITA,Italy,01/01/1970,,,,01/11/2012,05/12/2013,2524155
584,Alicante,ESALC,Sea,Unknown,Unknown,0,0,0,Unknown,Unknown,"38,33723","-0,4869",ESP,ESP,Spain,01/01/1970,,,,01/11/2012,05/12/2013,2521978
585,Itea,GRITA,Sea,Unknown,Unknown,0,0,0,Unknown,Unknown,"38,43213","22,4231",GRC,GRC,Greece,01/01/1970,,,,01/11/2012,05/12/2013,261715
586,Benidorm,ESBEM,Sea,Unknown,Unknown,0,0,0,Unknown,Unknown,"38,53053","-0,1159",ESP,ESP,Spain,01/01/1970,,,,01/11/2012,05/12/2013,2521088
587,Salina,ITSLA,Sea,Unknown,Unknown,0,0,0,Unknown,Unknown,"38,58223","14,8283",ITA,ITA,Italy,01/01/1970,,,,01/11/2012,16/01/2015,999999999
588,Vieste,ITVIE,Sea,Unknown,Unknown,0,0,0,Unknown,Unknown,"41,88693","16,1709",ITA,ITA,Italy,01/01/1970,,,,01/11/2012,05/12/2013,3164387
589,Michurin,BGMIC,Sea,Unknown,Unknown,0,0,0,Unknown,Unknown,"42,17183","27,8627",BGR,BGR,Bulgaria,01/01/1970,,,,01/11/2012,20/01/2015,729125
590,Zelenika,YUZEL,Sea,Unknown,Unknown,0,0,0,Unknown,Unknown,"42,44853","18,5725",MNE,MNE,Montenegro,01/01/1970,,,,01/11/2012,05/12/2013,3186616
591,Burgas,BGBOJ,Sea,Unknown,Unknown,0,0,0,Unknown,Unknown,"42,49453","27,4773",BGR,BGR,Bulgaria,01/01/1970,,,,01/11/2012,05/12/2013,732770
592,Portoferraio,ITPFE,Sea,Unknown,Unknown,0,0,0,Unknown,Unknown,"42,81413","10,3091",ITA,ITA,Italy,01/01/1970,,,,01/11/2012,05/12/2013,3170094
593,Piombino,ITPIO,Sea,Unknown,Unknown,0,0,0,Unknown,Unknown,"42,93213","10,5445",ITA,ITA,Italy,01/01/1970,,,,01/11/2012,05/12/2013,3170674
594,Porto Corsini,ITPCS,Sea,Unknown,Unknown,0,0,0,Unknown,Unknown,"44,48613","12,2867",ITA,ITA,Italy,01/01/1970,,,,01/11/2012,05/12/2013,3170098
595,Arcachon,FRARC,Sea,Unknown,Unknown,0,0,0,Unknown,Unknown,"44,66273","-1,1589",FRA,FRA,France,01/01/1970,,,,01/11/2012,05/12/2013,3037253
596,Senj,HRSEN,Sea,Unknown,Unknown,0,0,0,Unknown,Unknown,"44,98893","14,8997",HRV,HRV,Croatia,01/01/1970,,,,01/11/2012,05/12/2013,3191055
597,Sulina (Port Et Zone Franche),ROSUL,Sea,Unknown,Unknown,0,0,0,Unknown,Unknown,"45,16293","29,6749",ROU,ROU,Romania,01/01/1970,,,,01/11/2012,20/01/2015,665790
598,Chioggia,ITCHI,Sea,Unknown,Unknown,0,0,0,Unknown,Unknown,"45,20573","12,2817",ITA,ITA,Italy,01/01/1970,,,,01/11/2012,05/12/2013,3178784
599,Venice,ITVCE,Sea,Unknown,Unknown,0,0,0,Unknown,Unknown,"45,43193","12,3177",ITA,ITA,Italy,01/01/1970,,,,01/11/2012,05/12/2013,3164603
600,Trieste,ITTRS,Sea,Unknown,Unknown,0,0,0,Unknown,Unknown,"45,65083","13,7541",ITA,ITA,Italy,01/01/1970,,,,01/11/2012,05/12/2013,3165185
601,La Rochelle,FRLRH,Sea,Unknown,Unknown,0,0,0,Unknown,Unknown,"46,15333","-1,1602",FRA,FRA,France,01/01/1970,,,,01/11/2012,05/12/2013,3006787
602,La Pallice,FRLPE,Sea,Unknown,Unknown,0,0,0,Unknown,Unknown,"46,16823","-1,2372",FRA,FRA,France,01/01/1970,,,,01/11/2012,05/12/2013,3007458
603,Yuzhnyy,UAYUZ,Sea,Medium,Open,0,0,0,No,Accurate,"46,61876","31,01423",UKR,UKR,Ukraine,02/03/2014,,,http://www.worldportsource.com,01/11/2012,02/03/2014,687997
604,Deauville,FRDOL,Sea,Unknown,Unknown,0,0,0,Unknown,Unknown,"49,36853","0,0817",FRA,FRA,France,01/01/1970,,,,01/11/2012,05/12/2013,3021668
605,Dieppe,FRDPE,Sea,Unknown,Unknown,0,0,0,Unknown,Unknown,"49,93733","1,0859",FRA,FRA,France,01/01/1970,,,,01/11/2012,05/12/2013,3021411
606,Bantry Bay,IEBYT,Sea,Unknown,Unknown,0,0,0,Unknown,Unknown,"51,68373","-9,4648",IRL,IRL,Ireland,01/01/1970,,,,01/11/2012,05/12/2013,2966356
607,Bar,YUBAR,Sea,Unknown,Unknown,0,0,0,Unknown,Unknown,"42,08503","19,0919",MNE,MNE,Montenegro,01/01/1970,,,,01/11/2012,05/12/2013,3204509
608,Galway,IEGWY,Sea,Unknown,Unknown,0,0,0,Unknown,Unknown,"53,26673","-9,0483",IRL,IRL,Ireland,01/01/1970,,,,01/11/2012,05/12/2013,2964180
609,Dun Laoghaire,IEDLG,Sea,Unknown,Unknown,0,0,0,Unknown,Unknown,"53,29013","-6,1269",IRL,IRL,Ireland,01/01/1970,,,,01/11/2012,05/12/2013,2964506
610,Eemshaven,NLEEM,Sea,Unknown,Unknown,0,0,0,Unknown,Unknown,"53,44813","6,8221",NLD,NLD,Netherlands,01/01/1970,,,,01/11/2012,16/01/2015,999999999
611,Stadersand,DESTS,Sea,Unknown,Unknown,0,0,0,Unknown,Unknown,"53,61613","9,5453",DEU,DEU,Germany,01/01/1970,,,,01/11/2012,05/12/2013,2829855
612,Norderney,DENRD,Sea,Unknown,Unknown,0,0,0,Unknown,Unknown,"53,70933","7,2053",DEU,DEU,Germany,01/01/1970,,,,01/11/2012,05/12/2013,2862041
613,Point Of Ayre,GBPTA,Sea,Unknown,Unknown,0,0,0,Unknown,Unknown,"54,41893","-4,3672",IMY,IMY,Isle of Man,01/01/1970,,,,01/11/2012,16/01/2015,999999999
614,Nowy Port,PLNOW,Sea,Unknown,Unknown,0,0,0,Unknown,Unknown,"54,42043","18,6137",POL,POL,Poland,01/01/1970,,,,01/11/2012,16/01/2015,999999999
615,Puttgarden,DEPUT,Sea,Unknown,Unknown,0,0,0,Unknown,Unknown,"54,50613","11,2289",DEU,DEU,Germany,01/01/1970,,,,01/11/2012,05/12/2013,2851594
616,Sassnitz,DESAS,Sea,Unknown,Unknown,0,0,0,Unknown,Unknown,"54,52213","13,6713",DEU,DEU,Germany,01/01/1970,,,,01/11/2012,05/12/2013,2841333
617,Ustka,PLUST,Sea,Unknown,Unknown,0,0,0,Unknown,Unknown,"54,58893","16,8585",POL,POL,Poland,01/01/1970,,,,01/11/2012,05/12/2013,3082756
618,Kalmar,SEKLR,Sea,Unknown,Unknown,0,0,0,Unknown,Unknown,"56,65713","16,3275",SWE,SWE,Sweden,01/01/1970,,,,01/11/2012,05/12/2013,2702261
619,Hadsund,DKHSU,Sea,Unknown,Unknown,0,0,0,Unknown,Unknown,"56,71083","10,1267",DNK,DNK,Denmark,01/01/1970,,,,01/11/2012,05/12/2013,2620952
620,Thisted,DKTED,Sea,Unknown,Unknown,0,0,0,Unknown,Unknown,"56,94553","8,7173",DNK,DNK,Denmark,01/01/1970,,,,01/11/2012,05/12/2013,2611755
621,Lindesnes,NOLDS,Sea,Unknown,Unknown,0,0,0,Unknown,Unknown,"57,98513","7,0395",NOR,NOR,Norway,01/01/1970,,,,01/11/2012,16/01/2015,999999999
622,Farsund,NOFAN,Sea,Unknown,Unknown,0,0,0,Unknown,Unknown,"58,08073","6,8093",NOR,NOR,Norway,01/01/1970,,,,01/11/2012,05/12/2013,3157799
623,Lillesand,NOLIL,Sea,Unknown,Unknown,0,0,0,Unknown,Unknown,"58,23463","8,3521",NOR,NOR,Norway,01/01/1970,,,,01/11/2012,05/12/2013,3147467
624,Oaxen,SEOAX,Sea,Unknown,Unknown,0,0,0,Unknown,Unknown,"58,95723","17,7161",SWE,SWE,Sweden,01/01/1970,,,,01/11/2012,05/12/2013,2687540
625,Stavanger,NOSVG,Sea,Unknown,Unknown,0,0,0,Unknown,Unknown,"58,95973","5,7443",NOR,NOR,Norway,01/01/1970,,,,01/11/2012,05/12/2013,3137115
626,Langesund,NOLAD,Sea,Unknown,Unknown,0,0,0,Unknown,Unknown,"58,99673","9,7383",NOR,NOR,Norway,01/01/1970,,,,01/11/2012,05/12/2013,3148354
627,Gluckstadt,DEGLU,Sea,Unknown,Unknown,0,0,0,Unknown,Unknown,"53,74763","9,3995",DEU,DEU,Germany,01/01/1970,,,,01/11/2012,05/12/2013,2919763
628,Morbylanga,SEMOR,Sea,Unknown,Unknown,0,0,0,Unknown,Unknown,"56,52933","16,3831",SWE,SWE,Sweden,01/01/1970,,,,01/11/2012,05/12/2013,2691348
629,Paskallavik,SEPAS,Sea,Unknown,Unknown,0,0,0,Unknown,Unknown,"57,17393","16,4683",SWE,SWE,Sweden,01/01/1970,,,,01/11/2012,05/12/2013,2684386
630,Butzfleth,DEBUZ,Sea,Unknown,Unknown,0,0,0,Unknown,Unknown,"53,65083","9,5161",DEU,DEU,Germany,01/01/1970,,,,01/11/2012,05/12/2013,2940487
631,Nykobing Mors,DKNYM,Sea,Unknown,Unknown,0,0,0,Unknown,Unknown,"56,78793","8,8749",DNK,DNK,Denmark,01/01/1970,,,,01/11/2012,05/12/2013,2615964
632,Studstrupvaerkets Havn,DKSSV,Sea,Unknown,Unknown,0,0,0,Unknown,Unknown,"56,25123","10,3553",DNK,DNK,Denmark,01/01/1970,,,,01/11/2012,16/01/2015,999999999
633,Oxelosund,SEOXE,Sea,Unknown,Unknown,0,0,0,Unknown,Unknown,"58,66293","17,1303",SWE,SWE,Sweden,01/01/1970,,,,01/11/2012,05/12/2013,2684653
634,Brevik,NOBVK,Sea,Unknown,Unknown,0,0,0,Unknown,Unknown,"59,05323","9,6997",NOR,NOR,Norway,01/01/1970,,,,01/11/2012,05/12/2013,3160007
635,Skudeneshavn,NOSKU,Sea,Unknown,Unknown,0,0,0,Unknown,Unknown,"59,14583","5,2603",NOR,NOR,Norway,01/01/1970,,,,01/11/2012,05/12/2013,3138429
636,Kopervik,NOKOP,Sea,Unknown,Unknown,0,0,0,Unknown,Unknown,"59,28353","5,3185",NOR,NOR,Norway,01/01/1970,,,,01/11/2012,05/12/2013,3149512
637,Toledo,USTOL,Lake,Unknown,Open,0,0,0,Unknown,Unknown,"41,64283","-83,5295",USA,USA,United States of America,01/01/1970,,,,01/11/2012,05/12/2013,5174035
638,Gary,USGYY,Lake,Unknown,Open,0,0,0,Unknown,Unknown,"41,65033","-87,4281",USA,USA,United States of America,01/01/1970,,,,01/11/2012,05/12/2013,4920607
639,Ashtabula,USASF,Lake,Unknown,Open,0,0,0,Unknown,Unknown,"41,90353","-80,8133",USA,USA,United States of America,01/01/1970,,,,01/11/2012,05/12/2013,5146089
640,Conneaut,USCDY,Lake,Unknown,Open,0,0,0,Unknown,Unknown,"41,96553","-80,5461",USA,USA,United States of America,01/01/1970,,,,01/11/2012,05/12/2013,5150986
641,Amherstburg,CAAMH,Lake,Unknown,Open,0,0,0,Unknown,Unknown,"42,09793","-83,1075",CAN,CAN,Canada,01/01/1970,,,,01/11/2012,05/12/2013,5884472
642,Erie,USERI,Lake,Unknown,Open,0,0,0,Unknown,Unknown,"42,12913","-80,0913",USA,USA,United States of America,01/01/1970,,,,01/11/2012,05/12/2013,5188843
643,Wyandotte,USWYD,Lake,Unknown,Open,0,0,0,Unknown,Unknown,"42,21553","-83,1388",USA,USA,United States of America,01/01/1970,,,,01/11/2012,05/12/2013,5015599
644,Windsor,CAWND,Lake,Unknown,Open,0,0,0,Unknown,Unknown,"42,32473","-82,9723",CAN,CAN,Canada,01/01/1970,,,,01/11/2012,05/12/2013,6182962
645,Algonac,USALG,Lake,Unknown,Open,0,0,0,Unknown,Unknown,"42,61653","-82,5183",CAN,CAN,United States of America,01/01/1970,,,,01/11/2012,16/01/2015,999999999
646,Algona,USUBJ,Lake,Unknown,Open,0,0,0,Unknown,Unknown,"42,61653","-82,5183",CAN,CAN,United States of America,01/01/1970,,,,01/11/2012,16/01/2015,999999999
647,Forestville,CAFRV,Sea,Unknown,Open,0,0,0,Unknown,Unknown,"48,75053","-69,0583",CAN,CAN,Canada,01/01/1970,,,,01/11/2012,05/12/2013,6944112
648,Izon,FRIZO,Sea,Unknown,Unknown,0,0,0,Unknown,Unknown,"44,93533","-0,36",FRA,FRA,France,01/01/1970,,,,01/11/2012,05/12/2013,3012593
649,Metlakatla,USMTM,Sea,Unknown,Open,0,0,0,Unknown,Unknown,"55,12893","-131,5776",USA,USA,United States of America,01/01/1970,,,,01/11/2012,05/12/2013,5555695
650,Hydaburg,USHYG,Sea,Unknown,Open,0,0,0,Unknown,Unknown,"55,20363","-132,8163",USA,USA,United States of America,01/01/1970,,,,01/11/2012,05/12/2013,5553646
651,Hyde,USHYD,Sea,Unknown,Open,0,0,0,Unknown,Unknown,"55,90553","-130,0057",CAN,CAN,Canada,01/01/1970,,,,01/11/2012,16/01/2015,999999999
652,Perryville,USPYX,Sea,Unknown,Open,0,0,0,Unknown,Unknown,"55,90583","-159,139",USA,USA,United States of America,01/01/1970,,,,01/11/2012,05/12/2013,5871444
653,Nanisivik,CANVK,Sea,Unknown,Open,0,0,0,Unknown,Unknown,"73,06653","-84,5255",CAN,CAN,Canada,01/01/1970,,,,01/11/2012,16/01/2015,999999999
654,Wrightsville,USXOG,Sea,Unknown,Open,0,0,0,Unknown,Unknown,"34,21793","-77,7988",USA,USA,United States of America,01/01/1970,,,,01/11/2012,05/12/2013,4500091
655,Benicia,USBNC,Sea,Unknown,Open,0,0,0,Unknown,Unknown,"38,05133","-122,1635",USA,USA,United States of America,01/01/1970,,,,01/11/2012,05/12/2013,5327550
656,Vallejo,USVLO,Sea,Unknown,Open,0,0,0,Unknown,Unknown,"38,07693","-122,2675",USA,USA,United States of America,01/01/1970,,,,01/11/2012,05/12/2013,5405380
657,Piney Point,USPYP,Sea,Unknown,Open,0,0,0,Unknown,Unknown,"38,13563","-76,5276",USA,USA,United States of America,01/01/1970,,,,01/11/2012,05/12/2013,4365569
658,Lewes,USLWP,Sea,Unknown,Open,0,0,0,Unknown,Unknown,"38,77803","-75,131",USA,USA,United States of America,01/01/1970,,,,01/11/2012,05/12/2013,4143354
659,Sparrows Point,USSRT,Sea,Unknown,Open,0,0,0,Unknown,Unknown,"39,20053","-76,4918",USA,USA,United States of America,01/01/1970,,,,01/11/2012,05/12/2013,4370085
660,Fort Bragg,USFOB,Sea,Unknown,Open,0,0,0,Unknown,Unknown,"39,45053","-123,814",USA,USA,United States of America,01/01/1970,,,,01/11/2012,05/12/2013,5350039
661,Havre De Grace,USHDC,Sea,Unknown,Open,0,0,0,Unknown,Unknown,"39,53153","-76,0855",USA,USA,United States of America,01/01/1970,,,,01/11/2012,05/12/2013,4357617
662,New Castle,USNQS,Sea,Unknown,Open,0,0,0,Unknown,Unknown,"39,65353","-75,5587",USA,USA,United States of America,01/01/1970,,,,01/11/2012,05/12/2013,4143834
663,Wilmington,USILG,Sea,Unknown,Open,0,0,0,Unknown,Unknown,"39,73093","-75,5038",USA,USA,United States of America,01/01/1970,,,,01/11/2012,05/12/2013,4145381
664,Marcus Hook,USMAH,Sea,Unknown,Open,0,0,0,Unknown,Unknown,"39,80323","-75,4135",USA,USA,United States of America,01/01/1970,,,,01/11/2012,05/12/2013,4559431
665,Camden,USCDE,Sea,Unknown,Open,0,0,0,Unknown,Unknown,"39,92753","-75,1292",USA,USA,United States of America,01/01/1970,,,,01/11/2012,05/12/2013,4501018
666,Brooklyn,USBOY,Sea,Unknown,Open,0,0,0,Unknown,Unknown,"40,68343","-74,0132",USA,USA,United States of America,01/01/1970,,,,01/11/2012,16/01/2015,999999999
667,Hartsdale,USHAS,Sea,Unknown,Open,0,0,0,Unknown,Unknown,"40,71213","-73,9963",USA,USA,United States of America,01/01/1970,,,,01/11/2012,05/12/2013,5120141
668,Eureka,USEKA,Sea,Unknown,Open,0,0,0,Unknown,Unknown,"40,79753","-124,1938",USA,USA,United States of America,01/01/1970,,,,01/11/2012,05/12/2013,5563397
669,Yonkers,USYON,Sea,Unknown,Open,0,0,0,Unknown,Unknown,"40,95133","-73,9054",USA,USA,United States of America,01/01/1970,,,,01/11/2012,05/12/2013,5145215
670,New Haven,USHVN,Sea,Unknown,Open,0,0,0,Unknown,Unknown,"41,27633","-72,9071",USA,USA,United States of America,01/01/1970,,,,01/11/2012,05/12/2013,4839366
671,Norwich,USNOC,Sea,Unknown,Open,0,0,0,Unknown,Unknown,"41,32233","-72,0814",USA,USA,United States of America,01/01/1970,,,,01/11/2012,16/01/2015,999999999
672,Woods Hole,USWOH,Sea,Unknown,Open,0,0,0,Unknown,Unknown,"41,52333","-70,6704",USA,USA,United States of America,01/01/1970,,,,01/11/2012,05/12/2013,4956152
673,Mellville,USMVI,Sea,Unknown,Open,0,0,0,Unknown,Unknown,"41,57273","-71,3066",USA,USA,United States of America,01/01/1970,,,,01/11/2012,05/12/2013,5223324
674,Tiverton,USTIV,Sea,Unknown,Open,0,0,0,Unknown,Unknown,"41,64793","-71,2167",USA,USA,United States of America,01/01/1970,,,,01/11/2012,05/12/2013,5225245
675,Mossel Bay,ZAMZY,Sea,Unknown,Open,0,0,0,Unknown,Unknown,"-34,17327","22,1421",ZAF,ZAF,South Africa,01/01/1970,,,,01/11/2012,05/12/2013,973709
676,Port Elizabeth,ZAPLZ,Sea,Unknown,Open,0,0,0,Yes,Unknown,"-33,96127","25,6479",ZAF,ZAF,South Africa,01/01/1970,,,,01/11/2012,25/05/2016,964420
677,Port Nolloth,ZANOL,Sea,Unknown,Open,0,0,0,Unknown,Unknown,"-29,24907","16,8667",ZAF,ZAF,South Africa,01/01/1970,,,,01/11/2012,05/12/2013,3362713
678,Luderitz,NALUD,Sea,Unknown,Open,0,0,0,Unknown,Unknown,"-26,64367","15,1487",NAM,NAM,Namibia,01/01/1970,,,,01/11/2012,05/12/2013,3355672
679,Angoche,MZANO,Sea,Unknown,Open,0,0,0,Unknown,Unknown,"-16,23563","39,90093",,MOZ,,01/01/1970,,,,01/11/2012,21/03/2017,1052944
680,Porto Alexandre,AOPLE,Sea,Unknown,Open,0,0,0,Unknown,Unknown,"-15,79607","11,8261",AGO,AGO,Angola,01/01/1970,,,,01/11/2012,20/01/2015,3345790
681,Pointe Des Galets,REPDG,Sea,Unknown,Open,0,0,0,Unknown,Unknown,"-20,91107","55,2925",REU,REU,Reunion,01/01/1970,,,,01/11/2012,20/01/2015,935616
682,Mtwara,TZMYW,Sea,Unknown,Open,0,0,0,Unknown,Unknown,"-10,26327","40,1877",TZA,TZA,United Republic of Tanzania,01/01/1970,,,,01/11/2012,05/12/2013,877747
683,Kilwa Masoko,TZKIM,Sea,Unknown,Open,0,0,0,Unknown,Unknown,"-8,93277","39,5169",TZA,TZA,United Republic of Tanzania,01/01/1970,,,,01/11/2012,05/12/2013,157377
684,Emden,DEEME,Sea,Unknown,Unknown,0,0,0,Unknown,Unknown,"53,35773","7,2019",DEU,DEU,Germany,01/01/1970,,,,01/11/2012,05/12/2013,2930596
685,Kilwa Kivinje,TZKIK,Sea,Unknown,Open,0,0,0,Unknown,Unknown,"-8,74797","39,4105",TZA,TZA,United Republic of Tanzania,01/01/1970,,,,01/11/2012,05/12/2013,157379
686,Ambriz,AOAZZ,Sea,Unknown,Open,0,0,0,Unknown,Unknown,"-7,84837","13,1149",AGO,AGO,Angola,01/01/1970,,,,01/11/2012,05/12/2013,2243914
687,Palanca Terminal,AOPAT,Sea,Unknown,Open,0,0,0,Unknown,Unknown,"-6,95207","12,4035",AGO,AGO,Angola,01/01/1970,,,,01/11/2012,16/01/2015,999999999
688,Soyo-Quinfuquena Terminal,AOSOQ,Sea,Unknown,Open,0,0,0,Unknown,Unknown,"-6,33107","12,2295",AGO,AGO,Angola,01/01/1970,,,,01/11/2012,16/01/2015,999999999
689,Malongo,AOMAL,Sea,Unknown,Open,0,0,0,Unknown,Unknown,"-5,39606","12,19396",AGO,AGO,Angola,01/01/1970,,,,01/11/2012,20/01/2015,2239852
690,Djeno Terminal,CGDJE,Sea,Very Small,Open,0,0,0,Unknown,Unknown,"-4,91913","11,92924",COG,COG,Congo,01/01/1970,,,,01/11/2012,22/03/2017,2260392
691,M'Bya Terminal,GAMBY,Sea,Very Small,Open,0,0,0,Unknown,Unknown,"-3,88157","10,9267",GAB,GAB,Gabon,01/01/1970,,,,01/11/2012,19/01/2015,999999999
692,Lucina,GALUC,Sea,Very Small,Open,0,0,0,Unknown,Unknown,"-3,63047","10,9035",GAB,GAB,Gabon,01/01/1970,,,,01/11/2012,19/01/2015,2399001
693,Que Oboe / Eket,NGOBO,Unknown,Very Small,Open,0,0,0,Unknown,Unknown,"4,54093","7,9953",NGA,,Nigeria,01/01/1970,,,,01/11/2012,16/02/2018,2338110
694,Sitra,BHSIT,Unknown,Small,Open,0,0,0,Unknown,Unknown,"26,15067","50,65165",BHR,BHR,Bahrain,01/01/1970,,,,01/11/2012,05/12/2013,290104
695,Abu Zenima,EGAZA,Unknown,Very Small,Open,0,0,0,Unknown,Unknown,"29,04313","33,1191",EGY,EGY,Egypt,01/01/1970,,,,01/11/2012,05/12/2013,361930
696,Takamatsu,JPTAK,Sea,Unknown,Open,0,0,0,Unknown,Unknown,"34,35789","134,06855",JPN,JPN,Japan,01/01/1970,,,,01/11/2012,05/12/2013,1851100
697,Nador,MANDR,Sea,Unknown,Open,0,0,0,Unknown,Unknown,"35,27713","-2,9303",ESP,ESP,Morocco,01/01/1970,,,,01/11/2012,19/01/2015,2541479
698,Maizuru,JPMAI,Sea,Unknown,Open,0,0,0,Unknown,Unknown,"35,45383","135,31004",JPN,JPN,Japan,01/01/1970,,,,01/11/2012,05/12/2013,1857766
699,Asilah,MAASI,Sea,Unknown,Open,0,0,0,Unknown,Unknown,"35,47124","-6,03424",MAR,MAR,Morocco,01/01/1970,,,,01/11/2012,05/12/2013,2557055
700,Arzew,DZAZW,Sea,Unknown,Open,0,0,0,Unknown,Unknown,"35,85073","-0,3053",DZA,DZA,Algeria,01/01/1970,,,,01/11/2012,05/12/2013,2506385
701,Kashima,JPKSM,Sea,Unknown,Open,0,0,0,Unknown,Unknown,"35,92775","140,69993",JPN,JPN,Japan,01/01/1970,,,,01/11/2012,19/01/2015,1860748
702,Tenes,DZTEN,Sea,Unknown,Open,0,0,0,Unknown,Unknown,"36,51813","1,3061",DZA,DZA,Algeria,01/01/1970,,,,01/11/2012,05/12/2013,2477148
703,Bejaia,DZBJA,Sea,Unknown,Open,0,0,0,Unknown,Unknown,"36,75123","5,0797",DZA,DZA,Algeria,01/01/1970,,,,01/11/2012,05/12/2013,2505329
704,Onahama,JPONA,Sea,Unknown,Open,0,0,0,Unknown,Unknown,"36,94093","140,9073",JPN,JPN,Japan,01/01/1970,,,,01/11/2012,05/12/2013,2111398
705,Kashiwazaki,JPAIK,Sea,Unknown,Open,0,0,0,Unknown,Unknown,"37,36487","138,53919",JPN,JPN,Japan,01/01/1970,,,,01/11/2012,05/12/2013,1859908
706,Paranagua,BRPNG,Sea,Unknown,Unknown,0,0,0,Unknown,Unknown,"-25,50747","-48,508",BRA,BRA,Brazil,01/01/1970,,,,01/11/2012,05/12/2013,3455070
707,Lanshan,CNLSN,Sea,Unknown,Unknown,0,0,0,Unknown,Unknown,"35,10023","119,3631",CHN,CHN,China,01/01/1970,,,,01/11/2012,05/12/2013,1804461
708,Nishinomiya,JPNYA,Sea,Unknown,Unknown,0,0,0,Unknown,Unknown,"34,72673","135,3339",JPN,JPN,Japan,01/01/1970,,,,01/11/2012,05/12/2013,1855207
709,Beykoz,TRBEY,Sea,Unknown,Unknown,0,0,0,Unknown,Unknown,"41,12753","29,1005",TUR,TUR,Turkey,01/01/1970,,,,01/11/2012,05/12/2013,750662
710,Sariyer,TRSRY,Sea,Unknown,Unknown,0,0,0,Unknown,Unknown,"41,17253","29,0661",TUR,TUR,Turkey,01/01/1970,,,,01/11/2012,05/12/2013,740006
711,Tacloban,PHTAC,Sea,Small,Unknown,0,0,0,Unknown,Unknown,"11,24803","125,00129",PHL,PHL,Philippines,01/01/1970,,,,01/11/2012,18/05/2016,1684712
712,Oki,JPOKI,Sea,Unknown,Unknown,0,0,0,Unknown,Unknown,"36,19203","133,3223",JPN,JPN,Japan,01/01/1970,,,,01/11/2012,05/12/2013,1854260
713,Naryan Mar,RUNNM,River,Unknown,Unknown,0,0,0,Unknown,Unknown,"67,62873","53,0271",RUS,RUS,Russian Federation,01/01/1970,,,,01/11/2012,05/12/2013,523392
714,Colonia,UYCYR,Sea,Small,Unknown,0,0,0,Unknown,Unknown,"-34,47477","-57,85",URY,URY,Uruguay,01/01/1970,,,,01/11/2012,20/01/2015,3443013
715,Cayo Arcas Terminal,MXCAT,Sea,Very Small,Unknown,0,0,0,Unknown,Unknown,"20,18333",-92,MEX,MEX,Mexico,01/01/1970,,,,01/11/2012,19/01/2015,999999999
716,Eten,PEEEN,Sea,Very Small,Unknown,0,0,0,Unknown,Unknown,"-6,92758","-79,86957",,PER,,01/01/1970,,,,01/11/2012,14/06/2017,3697083
717,Kayts,LKKAY,Sea,Very Small,Unknown,0,0,0,Unknown,Unknown,"9,69953","79,8681",LKA,LKA,Sri Lanka,01/01/1970,,,,01/11/2012,05/12/2013,1240779
718,Mannar,LKMAN,Sea,Very Small,Unknown,0,0,0,Unknown,Unknown,"8,98973","79,9031",LKA,LKA,Sri Lanka,01/01/1970,,,,01/11/2012,05/12/2013,1236150
719,Mindelo,CVMIN,Sea,Very Small,Unknown,0,0,0,Unknown,Unknown,"16,88843","-24,9964",CPV,CPV,Cape Verde,01/01/1970,,,,01/11/2012,05/12/2013,3374462
720,Encarnacion,PYENO,River,Very Small,Unknown,0,0,0,Unknown,Unknown,"-27,33727","-55,878",PRY,PRY,Paraguay,01/01/1970,,,,01/11/2012,05/12/2013,3438735
721,Ciudad Bolivar,VECBL,River,Very Small,Unknown,0,0,0,Unknown,Unknown,"8,14433","-63,5412",VEN,VEN,Venezuela,01/01/1970,,,,01/11/2012,05/12/2013,3645532
722,Buatan,IDBUN,River,Very Small,Unknown,0,0,0,Unknown,Unknown,"0,74333","101,8163",IDN,IDN,Indonesia,01/01/1970,,,,01/11/2012,05/12/2013,1647983
723,Pennington,NGPEN,Unknown,Very Small,Open,0,0,0,Unknown,Unknown,"4,24973","5,6025",NGA,,Nigeria,01/01/1970,,,,01/11/2012,16/02/2018,999999999
724,Sal Rei,CVSAR,Sea,Very Small,Open,0,0,0,Unknown,Unknown,"16,17533","-22,9235",CPV,CPV,Cape Verde,01/01/1970,,,,01/11/2012,05/12/2013,3374235
725,Larkollen,NOLRK,Sea,Unknown,Unknown,0,0,0,Unknown,Unknown,"59,32093","10,6885",NOR,NOR,Norway,01/01/1970,,,,01/11/2012,05/12/2013,3148138
726,Rasta,SERST,Sea,Unknown,Unknown,0,0,0,Unknown,Unknown,"59,33433","18,0049",SWE,SWE,Sweden,01/01/1970,,,,01/11/2012,05/12/2013,2683058
727,Horten,NOHOR,Sea,Unknown,Unknown,0,0,0,Unknown,Unknown,"59,40833","10,4947",NOR,NOR,Norway,01/01/1970,,,,01/11/2012,05/12/2013,3151770
728,Holmestrand,NOHOL,Sea,Unknown,Unknown,0,0,0,Unknown,Unknown,"59,48823","10,3309",NOR,NOR,Norway,01/01/1970,,,,01/11/2012,05/12/2013,3152132
729,Halvorshavn,NOHAN,Sea,Unknown,Unknown,0,0,0,Unknown,Unknown,"59,57643","10,6279",NOR,NOR,Norway,01/01/1970,,,,01/11/2012,16/01/2015,999999999
730,Slemmestad,NOSLM,Sea,Unknown,Unknown,0,0,0,Unknown,Unknown,"59,78653","10,5097",NOR,NOR,Norway,01/01/1970,,,,01/11/2012,05/12/2013,3138304
731,Lervik,NOLER,Sea,Unknown,Unknown,0,0,0,Unknown,Unknown,"59,78833","5,5009",NOR,NOR,Norway,01/01/1970,,,,01/11/2012,05/12/2013,3147822
732,Hargshamn,SEHAN,Sea,Unknown,Unknown,0,0,0,Unknown,Unknown,"60,15973","18,4929",SWE,SWE,Sweden,01/01/1970,,,,01/11/2012,05/12/2013,2707764
733,Kumlinge,FIKUM,Sea,Unknown,Unknown,0,0,0,Unknown,Unknown,"60,24873","20,7597",FIN,FIN,Finland,01/01/1970,,,,01/11/2012,16/01/2015,999999999
734,Kobe,JPUKB,Sea,Unknown,Open,0,0,0,Unknown,Unknown,"34,67549","135,22546",JPN,JPN,Japan,01/01/1970,,,,01/11/2012,05/12/2013,1859171
735,Fosnavag,NOFOS,Sea,Unknown,Unknown,0,0,0,Unknown,Unknown,"62,34873","5,6531",NOR,NOR,Norway,01/01/1970,,,,01/11/2012,05/12/2013,3156680
736,Heroya,NOHRY,Sea,Unknown,Unknown,0,0,0,Unknown,Unknown,"59,10233","9,5875",NOR,NOR,Norway,01/01/1970,,,,01/11/2012,05/12/2013,3152868
737,Maloy,NOMAY,Sea,Unknown,Unknown,0,0,0,Unknown,Unknown,"61,93483","5,0395",NOR,NOR,Norway,01/01/1970,,,,01/11/2012,05/12/2013,3146487
738,Valloy,NOVAL,Sea,Unknown,Unknown,0,0,0,Unknown,Unknown,"59,26713","10,4957",NOR,NOR,Norway,01/01/1970,,,,01/11/2012,16/01/2015,999999999
739,Svano,SESVX,Sea,Unknown,Unknown,0,0,0,Unknown,Unknown,"62,91233","17,8589",SWE,SWE,Sweden,01/01/1970,,,,01/11/2012,05/12/2013,2670454
740,Vasteras,SEVST,Sea,Unknown,Unknown,0,0,0,Unknown,Unknown,"59,60513","16,5587",SWE,SWE,Sweden,01/01/1970,,,,01/11/2012,05/12/2013,2664454
741,Kristiansund,NOKSU,Sea,Unknown,Unknown,0,0,0,Unknown,Unknown,"63,11393","7,7489",NOR,NOR,Norway,01/01/1970,,,,01/11/2012,05/12/2013,3149312
742,Pietarsaari,FIPRS,Sea,Unknown,Unknown,0,0,0,Unknown,Unknown,"63,68873","22,6891",FIN,FIN,Finland,01/01/1970,,,,01/11/2012,16/01/2015,999999999
743,Leksvik,NOLKV,Sea,Unknown,Unknown,0,0,0,Unknown,Unknown,"63,84253","10,7109",NOR,NOR,Norway,01/01/1970,,,,01/11/2012,05/12/2013,3147816
744,Keflavikurkaupstadur,ISKEV,Sea,Unknown,Unknown,0,0,0,Unknown,Unknown,"63,99753","-22,5462",ISL,ISL,Iceland,01/01/1970,,,,01/11/2012,05/12/2013,3415496
745,Kalajoki,FIKJO,Sea,Unknown,Unknown,0,0,0,Unknown,Unknown,"64,27583","23,9135",FIN,FIN,Finland,01/01/1970,,,,01/11/2012,05/12/2013,654837
746,Munksund,SEMUN,Sea,Unknown,Unknown,0,0,0,Unknown,Unknown,"65,27553","21,4997",SWE,SWE,Sweden,01/01/1970,,,,01/11/2012,05/12/2013,604231
747,Sandvik,SESAK,Sea,Unknown,Unknown,0,0,0,Unknown,Unknown,"65,72913","23,7875",SWE,SWE,Sweden,01/01/1970,,,,01/11/2012,05/12/2013,603094
748,Skagastrond,ISSKA,Sea,Unknown,Unknown,0,0,0,Unknown,Unknown,"65,82993","-20,3288",ISL,ISL,Iceland,01/01/1970,,,,01/11/2012,05/12/2013,3416248
749,Saltdal,NOSDL,Sea,Unknown,Unknown,0,0,0,Unknown,Unknown,"67,10813","15,4357",NOR,NOR,Norway,01/01/1970,,,,01/11/2012,16/01/2015,999999999
750,Moskenes,NOMSK,Sea,Unknown,Unknown,0,0,0,Unknown,Unknown,"67,99983","13,1645",NOR,NOR,Norway,01/01/1970,,,,01/11/2012,16/01/2015,999999999
751,Narvik,NONVK,Sea,Unknown,Unknown,0,0,0,Unknown,Unknown,"68,43113","17,4159",NOR,NOR,Norway,01/01/1970,,,,01/11/2012,05/12/2013,3144987
752,Ramfjordnes,NORMJ,Sea,Unknown,Unknown,0,0,0,Unknown,Unknown,"69,52413","19,0409",NOR,NOR,Norway,01/01/1970,,,,01/11/2012,16/01/2015,999999999
753,Nesseby,NONSB,Sea,Unknown,Unknown,0,0,0,Unknown,Unknown,"70,15113","28,8945",NOR,NOR,Norway,01/01/1970,,,,01/11/2012,05/12/2013,778560
754,Vestmannaeyjar - Hofn,ISVES,Sea,Unknown,Unknown,0,0,0,Unknown,Unknown,"63,44513","-20,2688",ISL,ISL,Iceland,01/01/1970,,,,01/11/2012,05/12/2013,3412093
755,Rorvik,NORVK,Sea,Unknown,Unknown,0,0,0,Unknown,Unknown,"64,83793","11,1747",NOR,NOR,Norway,01/01/1970,,,,01/11/2012,05/12/2013,3141310
756,Appledore,GBAPP,Sea,Unknown,Unknown,0,0,0,Unknown,Unknown,"51,04773","-4,2412",GBR,GBR,U.K. of Great Britain & Northern Ireland,01/01/1970,,,,01/11/2012,05/12/2013,2657233
757,Ramsgate,GBRMG,Sea,Unknown,Unknown,0,0,0,Unknown,Unknown,"51,34083","1,4249",GBR,GBR,U.K. of Great Britain & Northern Ireland,01/01/1970,,,,01/11/2012,05/12/2013,2639660
758,Canvey Island,GBCAN,Sea,Unknown,Unknown,0,0,0,Unknown,Unknown,"51,51673","0,6085",GBR,GBR,U.K. of Great Britain & Northern Ireland,01/01/1970,,,,01/11/2012,05/12/2013,7911271
759,Marans,FRMRN,Sea,Unknown,Unknown,0,0,0,Unknown,Unknown,"46,30983","-0,8136",FRA,FRA,France,01/01/1970,,,,01/11/2012,05/12/2013,2996103
760,Whitstable,GBWTS,Sea,Unknown,Unknown,0,0,0,Unknown,Unknown,"51,35673","1,0065",GBR,GBR,U.K. of Great Britain & Northern Ireland,01/01/1970,,,,01/11/2012,05/12/2013,2634021
761,Oakhamness,GBOAK,Sea,Unknown,Unknown,0,0,0,Unknown,Unknown,"51,42433","0,6205",GBR,GBR,U.K. of Great Britain & Northern Ireland,01/01/1970,,,,01/11/2012,16/01/2015,999999999
762,Redcliff Bay,GBREB,Sea,Unknown,Unknown,0,0,0,Unknown,Unknown,"51,47813","-2,8161",GBR,GBR,U.K. of Great Britain & Northern Ireland,01/01/1970,,,,01/11/2012,16/01/2015,999999999
763,Holyhead,GBHLY,Sea,Unknown,Unknown,0,0,0,Unknown,Unknown,"53,31483","-4,6365",GBR,GBR,U.K. of Great Britain & Northern Ireland,01/01/1970,,,,01/11/2012,05/12/2013,2646686
764,Killingholme,GBKGH,Sea,Unknown,Unknown,0,0,0,Unknown,Unknown,"53,64833","-0,2198",GBR,GBR,U.K. of Great Britain & Northern Ireland,01/01/1970,,,,01/11/2012,05/12/2013,2641323
765,Workington,GBWOR,Sea,Unknown,Unknown,0,0,0,Unknown,Unknown,"54,64973","-3,5676",GBR,GBR,U.K. of Great Britain & Northern Ireland,01/01/1970,,,,01/11/2012,05/12/2013,2633553
766,Petit Couronne,FRPET,Sea,Unknown,Unknown,0,0,0,Unknown,Unknown,"49,38353","1,0133",FRA,FRA,France,01/01/1970,,,,01/11/2012,05/12/2013,3002918
767,Seaham,GBSEA,Sea,Unknown,Unknown,0,0,0,Unknown,Unknown,"54,82783","-1,3232",GBR,GBR,U.K. of Great Britain & Northern Ireland,01/01/1970,,,,01/11/2012,05/12/2013,2638302
768,Sharpness,GBSSS,Sea,Unknown,Unknown,0,0,0,Unknown,Unknown,"51,71273","-2,4906",GBR,GBR,U.K. of Great Britain & Northern Ireland,01/01/1970,,,,01/11/2012,05/12/2013,2638117
769,Harwich,GBHRW,Sea,Unknown,Unknown,0,0,0,Unknown,Unknown,"51,93653","1,2741",GBR,GBR,U.K. of Great Britain & Northern Ireland,01/01/1970,,,,01/11/2012,05/12/2013,2647383
770,Ellesmere Port,GBELL,Sea,Unknown,Unknown,0,0,0,Unknown,Unknown,"53,29853","-2,8963",GBR,GBR,U.K. of Great Britain & Northern Ireland,01/01/1970,,,,01/11/2012,05/12/2013,2650096
771,King'S Lynn,GBKLN,Sea,Unknown,Unknown,0,0,0,Unknown,Unknown,"52,79073","0,3673",GBR,GBR,U.K. of Great Britain & Northern Ireland,01/01/1970,,,,01/11/2012,05/12/2013,2645456
772,Stanlow,GBSOW,Sea,Unknown,Unknown,0,0,0,Unknown,Unknown,"53,29353","-2,8637",GBR,GBR,U.K. of Great Britain & Northern Ireland,01/01/1970,,,,01/11/2012,16/01/2015,999999999
773,Immingham,GBIMM,Sea,Unknown,Unknown,0,0,0,Unknown,Unknown,"53,62813","-0,1842",GBR,GBR,U.K. of Great Britain & Northern Ireland,01/01/1970,,,,01/11/2012,05/12/2013,2646256
774,Hartlepool,GBHTP,Sea,Unknown,Unknown,0,0,0,Unknown,Unknown,"54,70033","-1,1974",GBR,GBR,U.K. of Great Britain & Northern Ireland,01/01/1970,,,,01/11/2012,05/12/2013,2647400
775,El Ferrol,ESFER,Sea,Unknown,Unknown,0,0,0,Unknown,Unknown,"43,47963","-8,2329",ESP,ESP,Spain,01/01/1970,,,,01/11/2012,05/12/2013,3123493
776,Bayonne,FRBAY,Sea,Unknown,Unknown,0,0,0,Unknown,Unknown,"43,49543","-1,4663",FRA,FRA,France,01/01/1970,,,,01/11/2012,05/12/2013,3034475
777,Solin,HRSLN,Sea,Unknown,Unknown,0,0,0,Unknown,Unknown,"43,52913","16,4759",HRV,HRV,Croatia,01/01/1970,,,,01/11/2012,05/12/2013,3190359
778,Cannes,FRCEQ,Sea,Unknown,Unknown,0,0,0,Unknown,Unknown,"43,54963","7,0267",FRA,FRA,France,01/01/1970,,,,01/11/2012,05/12/2013,3028808
779,Silistra,BGSLS,Sea,Unknown,Unknown,0,0,0,Unknown,Unknown,"44,12513","27,2481",ROU,ROU,Bulgaria,01/01/1970,,,,01/11/2012,20/01/2015,727221
780,Medgidia,ROMED,Sea,Unknown,Unknown,0,0,0,Unknown,Unknown,"44,25413","28,2777",ROU,ROU,Romania,01/01/1970,,,,01/11/2012,05/12/2013,673636
781,Portofino,ITPTF,Sea,Unknown,Unknown,0,0,0,Unknown,Unknown,"44,39313","8,9953",ITA,ITA,Italy,01/01/1970,,,,01/11/2012,05/12/2013,3170089
782,Ravenna,ITRAN,Sea,Unknown,Unknown,0,0,0,Unknown,Unknown,"44,41243","12,2023",ITA,ITA,Italy,01/01/1970,,,,01/11/2012,05/12/2013,3169561
783,Voltri,ITVTI,Sea,Unknown,Unknown,0,0,0,Unknown,Unknown,"44,41673","8,9129",ITA,ITA,Italy,01/01/1970,,,,01/11/2012,16/01/2015,999999999
784,Yalta,UAYAL,Sea,Small,Open,0,0,0,No,Accurate,"44,49583","34,17014",UKR,UKR,Ukraine,02/03/2014,,,http://www.worldportsource.com,01/11/2012,02/03/2014,688533
785,Bassens,FRBAS,Sea,Unknown,Unknown,0,0,0,Unknown,Unknown,"44,90373","-0,5346",FRA,FRA,France,01/01/1970,,,,01/11/2012,05/12/2013,3034691
786,Libourne,FRLIB,Sea,Unknown,Unknown,0,0,0,Unknown,Unknown,"44,90773","-0,2436",FRA,FRA,France,01/01/1970,,,,01/11/2012,05/12/2013,2998517
787,Rasa,HRRAS,Sea,Unknown,Unknown,0,0,0,Unknown,Unknown,"45,02573","14,0529",HRV,HRV,Croatia,01/01/1970,,,,01/11/2012,05/12/2013,3191963
788,Pauillac,FRPAP,Sea,Unknown,Unknown,0,0,0,Unknown,Unknown,"45,20143","-0,7368",FRA,FRA,France,01/01/1970,,,,01/11/2012,05/12/2013,2988350
789,Braila,ROBRA,Sea,Unknown,Unknown,0,0,0,Unknown,Unknown,"45,26503","27,9725",ROU,ROU,Romania,01/01/1970,,,,01/11/2012,05/12/2013,683902
790,Bakar,HRBAK,Sea,Unknown,Unknown,0,0,0,Unknown,Unknown,"45,30323","14,5357",HRV,HRV,Croatia,01/01/1970,,,,01/11/2012,05/12/2013,3204612
791,Rijeka Bakar,HRRJK,Sea,Unknown,Unknown,0,0,0,Unknown,Unknown,"45,32643","14,4403",HRV,HRV,Croatia,01/01/1970,,,,01/11/2012,05/12/2013,3191648
792,Ust Dunaysk,UAUDY,Sea,Small,Open,0,0,0,No,Accurate,"45,46723","29,7116",UKR,UKR,Ukraine,02/03/2014,,,http://www.worldportsource.com,01/11/2012,20/01/2015,710074
793,Reni,UARNI,River,Small,Open,0,0,0,No,Accurate,"45,42225","28,2937",UKR,UKR,Ukraine,02/03/2014,,,http://www.worldportsource.com,01/11/2012,02/03/2014,695670
794,Koper,SIKOP,Sea,Unknown,Unknown,0,0,0,Unknown,Unknown,"45,54353","13,7445",SVN,SVN,Slovenia,01/01/1970,,,,01/11/2012,05/12/2013,3197753
795,Monfalcone,ITMNF,Sea,Unknown,Unknown,0,0,0,Unknown,Unknown,"45,79103","13,5389",ITA,ITA,Italy,01/01/1970,,,,01/11/2012,05/12/2013,3173153
796,Tonnay Charente,FRTON,Sea,Unknown,Unknown,0,0,0,Unknown,Unknown,"45,93973","-0,8906",FRA,FRA,France,01/01/1970,,,,01/11/2012,05/12/2013,2972470
797,Rochefort,FRRCO,Sea,Unknown,Unknown,0,0,0,Unknown,Unknown,"45,94133","-0,95",FRA,FRA,France,01/01/1970,,,,01/11/2012,05/12/2013,2983276
798,Viana Do Castelo,PTVDC,Sea,Unknown,Unknown,0,0,0,Unknown,Unknown,"41,69063","-8,8213",PRT,PRT,Portugal,01/01/1970,,,,01/11/2012,05/12/2013,2732773
799,Shengjin,ALSHG,Sea,Unknown,Unknown,0,0,0,Unknown,Unknown,"41,81483","19,5951",ALB,ALB,Albania,01/01/1970,,,,01/11/2012,05/12/2013,3184136
800,Pontevedra,ESPEV,Sea,Unknown,Unknown,0,0,0,Unknown,Unknown,"42,41993","-8,6602",ESP,ESP,Spain,01/01/1970,,,,01/11/2012,05/12/2013,3113209
801,Porto Santo Stefano,ITPSS,Sea,Unknown,Unknown,0,0,0,Unknown,Unknown,"42,43433","11,0933",ITA,ITA,Italy,01/01/1970,,,,01/11/2012,05/12/2013,3170071
802,Pula,HRPUY,Sea,Unknown,Unknown,0,0,0,Unknown,Unknown,"44,87203","13,8409",HRV,HRV,Croatia,01/01/1970,,,,01/11/2012,05/12/2013,3192224
803,Izmail,UAIZM,River,Small,Open,0,0,0,No,Accurate,"45,32346","28,85139",UKR,UKR,Ukraine,02/03/2014,,,http://www.worldportsource.com,01/11/2012,02/03/2014,707308
804,Kerch,UAKEH,Sea,Medium,Open,0,0,0,No,Accurate,"45,35806","36,48697",UKR,UKR,Ukraine,02/03/2014,,,http://www.worldportsource.com,01/11/2012,02/03/2014,706524
805,Kherson,UAKHE,Sea,Medium,Open,0,0,0,No,Accurate,"46,65916","32,66671",UKR,UKR,Ukraine,02/03/2014,,,http://www.worldportsource.com,01/11/2012,02/03/2014,706448
806,Vannes,FRVNE,Sea,Unknown,Unknown,0,0,0,Unknown,Unknown,"47,64133","-2,7569",FRA,FRA,France,01/01/1970,,,,01/11/2012,05/12/2013,2970777
807,Redon,FRRDN,Sea,Unknown,Unknown,0,0,0,Unknown,Unknown,"47,64493","-2,0875",FRA,FRA,France,01/01/1970,,,,01/11/2012,05/12/2013,2984192
808,Strasbourg,FRSXB,Sea,Unknown,Unknown,0,0,0,Unknown,Unknown,"48,56773","7,7145",FRA,FRA,France,01/01/1970,,,,01/11/2012,05/12/2013,2973783
809,Morlaix,FRMXN,Sea,Unknown,Unknown,0,0,0,Unknown,Unknown,"48,58073","-3,8313",FRA,FRA,France,01/01/1970,,,,01/11/2012,05/12/2013,2991772
810,Pontrieux,FRPOX,Sea,Unknown,Unknown,0,0,0,Unknown,Unknown,"48,69673","-3,1713",FRA,FRA,France,01/01/1970,,,,01/11/2012,05/12/2013,2986121
811,Lannion,FRLAI,Sea,Unknown,Unknown,0,0,0,Unknown,Unknown,"48,73573","-3,4714",FRA,FRA,France,01/01/1970,,,,01/11/2012,05/12/2013,3007609
812,Paimpol,FRPAI,Sea,Unknown,Unknown,0,0,0,Unknown,Unknown,"48,75413","-3,1264",FRA,FRA,France,01/01/1970,,,,01/11/2012,05/12/2013,2988796
813,Rouen,FRURO,Sea,Unknown,Unknown,0,0,0,Unknown,Unknown,"49,45093","1,0533",FRA,FRA,France,01/01/1970,,,,01/11/2012,05/12/2013,2982652
814,Gravenchon,FRGRN,Sea,Unknown,Unknown,0,0,0,Unknown,Unknown,"49,47023","0,5277",FRA,FRA,France,01/01/1970,,,,01/11/2012,05/12/2013,2990056
815,Abbeville,FRABB,Sea,Unknown,Unknown,0,0,0,Unknown,Unknown,"50,10493","1,8365",FRA,FRA,France,01/01/1970,,,,01/11/2012,05/12/2013,3038789
816,Penzance,GBPEN,Sea,Unknown,Unknown,0,0,0,Unknown,Unknown,"50,11683","-5,5328",GBR,GBR,U.K. of Great Britain and Northern Ireland,01/01/1970,,,,01/11/2012,05/12/2013,2640377
817,Truro,GBTRU,Sea,Unknown,Unknown,0,0,0,Unknown,Unknown,"50,25993","-5,0454",GBR,GBR,U.K. of Great Britain and Northern Ireland,01/01/1970,,,,01/11/2012,05/12/2013,2635412
818,Fowey,GBFOY,Sea,Unknown,Unknown,0,0,0,Unknown,Unknown,"50,32783","-4,6567",GBR,GBR,U.K. of Great Britain and Northern Ireland,01/01/1970,,,,01/11/2012,05/12/2013,2649126
819,Par,GBPAR,Sea,Unknown,Unknown,0,0,0,Unknown,Unknown,"50,34933","-4,7",GBR,GBR,U.K. of Great Britain and Northern Ireland,01/01/1970,,,,01/11/2012,05/12/2013,2640623
820,Teignmouth,GBTNM,Sea,Unknown,Unknown,0,0,0,Unknown,Unknown,"50,54853","-3,502",GBR,GBR,U.K. of Great Britain and Northern Ireland,01/01/1970,,,,01/11/2012,05/12/2013,2636132
821,Padstow,GBPAD,Sea,Unknown,Unknown,0,0,0,Unknown,Unknown,"50,54933","-4,9359",GBR,GBR,U.K. of Great Britain and Northern Ireland,01/01/1970,,,,01/11/2012,05/12/2013,2640685
822,Liege (Luik),BELGG,Sea,Unknown,Unknown,0,0,0,Unknown,Unknown,"50,62873","5,5771",BEL,BEL,Belgium,01/01/1970,,,,01/11/2012,05/12/2013,2792413
823,Poole,GBPOO,Sea,Unknown,Unknown,0,0,0,Unknown,Unknown,"50,72523","-1,9916",GBR,GBR,U.K. of Great Britain and Northern Ireland,01/01/1970,,,,01/11/2012,05/12/2013,2640101
824,Boulogne Sur Mer,FRBOL,Sea,Unknown,Unknown,0,0,0,Unknown,Unknown,"50,73053","1,6001",FRA,FRA,France,01/01/1970,,,,01/11/2012,05/12/2013,3031133
825,Cowes,GBCOW,Sea,Unknown,Unknown,0,0,0,Unknown,Unknown,"50,76573","-1,3005",GBR,GBR,U.K. of Great Britain and Northern Ireland,01/01/1970,,,,01/11/2012,05/12/2013,2652204
826,Newhaven,GBNHV,Sea,Unknown,Unknown,0,0,0,Unknown,Unknown,"50,78513","0,0407",GBR,GBR,U.K. of Great Britain and Northern Ireland,01/01/1970,,,,01/11/2012,05/12/2013,2641637
827,Hamble,GBHAM,Sea,Unknown,Unknown,0,0,0,Unknown,Unknown,"50,82423","-1,3118",GBR,GBR,U.K. of Great Britain and Northern Ireland,01/01/1970,,,,01/11/2012,05/12/2013,2647585
828,Shoreham,GBSHO,Sea,Unknown,Unknown,0,0,0,Unknown,Unknown,"50,83573","-0,2674",GBR,GBR,U.K. of Great Britain and Northern Ireland,01/01/1970,,,,01/11/2012,05/12/2013,2637916
829,Portslade,GBPTS,Sea,Unknown,Unknown,0,0,0,Unknown,Unknown,"50,83693","-0,2618",GBR,GBR,U.K. of Great Britain and Northern Ireland,01/01/1970,,,,01/11/2012,05/12/2013,2639998
830,Fawley,GBFAW,Sea,Unknown,Unknown,0,0,0,Unknown,Unknown,"50,84573","-1,3584",GBR,GBR,U.K. of Great Britain and Northern Ireland,01/01/1970,,,,01/11/2012,05/12/2013,2649618
831,Brussel (Bruxelles),BEBRU,Sea,Unknown,Unknown,0,0,0,Unknown,Unknown,"50,85573","4,3459",BEL,BEL,Belgium,01/01/1970,,,,01/11/2012,05/12/2013,2800866
832,Maastricht,NLMST,Sea,Unknown,Unknown,0,0,0,Unknown,Unknown,"50,85853","5,6999",NLD,NLD,Netherlands,01/01/1970,,,,01/11/2012,05/12/2013,2751283
833,Southampton,GBSOU,Sea,Unknown,Unknown,0,0,0,Unknown,Unknown,"50,91733","-1,378",GBR,GBR,U.K. of Great Britain and Northern Ireland,01/01/1970,,,,01/11/2012,05/12/2013,2637487
834,Rye,GBRYE,Sea,Unknown,Unknown,0,0,0,Unknown,Unknown,"50,95273","0,7331",GBR,GBR,U.K. of Great Britain and Northern Ireland,01/01/1970,,,,01/11/2012,05/12/2013,2638909
835,Calais,FRCQF,Sea,Unknown,Unknown,0,0,0,Unknown,Unknown,"50,96913","1,8511",FRA,FRA,France,01/01/1970,,,,01/11/2012,05/12/2013,3029162
836,Bideford,GBBID,Sea,Unknown,Unknown,0,0,0,Unknown,Unknown,"51,02613","-4,2083",GBR,GBR,U.K. of Great Britain and Northern Ireland,01/01/1970,,,,01/11/2012,05/12/2013,2655707
837,Dunkerque (Dunkirk),FRDKK,Sea,Unknown,Unknown,0,0,0,Unknown,Unknown,"51,04933","2,3841",FRA,FRA,France,01/01/1970,,,,01/11/2012,05/12/2013,3020686
838,Doornzelle,BEDOE,Sea,Unknown,Unknown,0,0,0,Unknown,Unknown,"51,12123","3,7575",BEL,BEL,Belgium,01/01/1970,,,,01/11/2012,05/12/2013,2799270
839,Bridgwater,GBBRW,Sea,Unknown,Unknown,0,0,0,Unknown,Unknown,"51,12553","-2,9984",GBR,GBR,U.K. of Great Britain and Northern Ireland,01/01/1970,,,,01/11/2012,05/12/2013,2654730
840,Hemiksem (Hemixen),BEHEX,Sea,Unknown,Unknown,0,0,0,Unknown,Unknown,"51,14313","4,3341",BEL,BEL,Belgium,01/01/1970,,,,01/11/2012,05/12/2013,2796085
841,Deal,GBDEX,Sea,Unknown,Unknown,0,0,0,Unknown,Unknown,"51,20893","1,3979",GBR,GBR,U.K. of Great Britain and Northern Ireland,01/01/1970,,,,01/11/2012,05/12/2013,2651468
842,Antwerpen (Antwerp),BEANR,Sea,Unknown,Unknown,0,0,0,Unknown,Unknown,"51,21353","4,3865",BEL,BEL,Belgium,01/01/1970,,,,01/11/2012,05/12/2013,2803138
843,Bruges,BEBGS,Sea,Unknown,Unknown,0,0,0,Unknown,Unknown,"51,22463","3,2323",BEL,BEL,Belgium,01/01/1970,,,,01/11/2012,05/12/2013,2800931
844,Zeebrugge,BEZEE,Sea,Unknown,Unknown,0,0,0,Unknown,Unknown,"51,33723","3,1979",BEL,BEL,Belgium,01/01/1970,,,,01/11/2012,05/12/2013,2783307
845,Faversham,GBFAV,Sea,Unknown,Unknown,0,0,0,Unknown,Unknown,"51,34373","0,8903",GBR,GBR,U.K. of Great Britain and Northern Ireland,01/01/1970,,,,01/11/2012,05/12/2013,2649622
846,Barry Dock,GBBAD,Sea,Unknown,Unknown,0,0,0,Unknown,Unknown,"51,39583","-3,2837",GBR,GBR,U.K. of Great Britain and Northern Ireland,01/01/1970,,,,01/11/2012,05/12/2013,2656235
847,Duisburg,DEDUI,Sea,Unknown,Unknown,0,0,0,Unknown,Unknown,"51,40733","6,7527",DEU,DEU,Germany,01/01/1970,,,,01/11/2012,05/12/2013,2934691
848,Tilbury,GBTIL,Sea,Unknown,Unknown,0,0,0,Unknown,Unknown,"51,45453","0,3589",GBR,GBR,U.K. of Great Britain and Northern Ireland,01/01/1970,,,,01/11/2012,05/12/2013,2635836
849,Cardiff,GBCDF,Sea,Unknown,Unknown,0,0,0,Unknown,Unknown,"51,46303","-3,1729",GBR,GBR,U.K. of Great Britain and Northern Ireland,01/01/1970,,,,01/11/2012,05/12/2013,2653822
850,Purfleet,GBPFT,Sea,Unknown,Unknown,0,0,0,Unknown,Unknown,"51,47593","0,2453",GBR,GBR,U.K. of Great Britain and Northern Ireland,01/01/1970,,,,01/11/2012,05/12/2013,2639845
851,Avonmouth,GBAVO,Sea,Unknown,Unknown,0,0,0,Unknown,Unknown,"51,49983","-2,7182",GBR,GBR,U.K. of Great Britain and Northern Ireland,01/01/1970,,,,01/11/2012,05/12/2013,2656737
852,North Woolwich,GBWOL,Sea,Unknown,Unknown,0,0,0,Unknown,Unknown,"51,49983","0,0559",GBR,GBR,U.K. of Great Britain and Northern Ireland,01/01/1970,,,,01/11/2012,05/12/2013,2641215
853,Portbury,GBPRU,Sea,Unknown,Unknown,0,0,0,Unknown,Unknown,"51,50123","-2,7309",GBR,GBR,U.K. of Great Britain and Northern Ireland,01/01/1970,,,,01/11/2012,05/12/2013,2640075
854,Silvertown,GBSVT,Sea,Unknown,Unknown,0,0,0,Unknown,Unknown,"51,50483","-0,0582",GBR,GBR,U.K. of Great Britain and Northern Ireland,01/01/1970,,,,01/11/2012,16/01/2015,999999999
855,Coryton,GBCOY,Sea,Unknown,Unknown,0,0,0,Unknown,Unknown,"51,51863","0,5203",GBR,GBR,U.K. of Great Britain and Northern Ireland,01/01/1970,,,,01/11/2012,05/12/2013,2652300
856,Southend,GBSND,Sea,Unknown,Unknown,0,0,0,Unknown,Unknown,"51,53383","0,7195",GBR,GBR,U.K. of Great Britain and Northern Ireland,01/01/1970,,,,01/11/2012,05/12/2013,2637433
857,Newport,GBNPT,Sea,Unknown,Unknown,0,0,0,Unknown,Unknown,"51,57113","-2,9837",GBR,GBR,U.K. of Great Britain and Northern Ireland,01/01/1970,,,,01/11/2012,05/12/2013,2641598
858,Rochford,GBRFD,Sea,Unknown,Unknown,0,0,0,Unknown,Unknown,"51,58053","0,7217",GBR,GBR,U.K. of Great Britain and Northern Ireland,01/01/1970,,,,01/11/2012,05/12/2013,2639265
859,Oosterhout,NLOOS,Sea,Unknown,Unknown,0,0,0,Unknown,Unknown,"51,63533","4,8577",NLD,NLD,Netherlands,01/01/1970,,,,01/11/2012,05/12/2013,2749450
860,Pembroke,GBPEM,Sea,Unknown,Unknown,0,0,0,Unknown,Unknown,"51,68293","-4,9244",GBR,GBR,U.K. of Great Britain and Northern Ireland,01/01/1970,,,,01/11/2012,05/12/2013,2640503
861,Moerdijk,NLMOE,Sea,Unknown,Unknown,0,0,0,Unknown,Unknown,"51,69063","4,6053",NLD,NLD,Netherlands,01/01/1970,,,,01/11/2012,05/12/2013,2750769
862,Maldon,GBMAL,Sea,Unknown,Unknown,0,0,0,Unknown,Unknown,"51,73103","0,6865",GBR,GBR,U.K. of Great Britain and Northern Ireland,01/01/1970,,,,01/11/2012,05/12/2013,2643160
863,Brightlingsea,GBBLS,Sea,Unknown,Unknown,0,0,0,Unknown,Unknown,"51,80733","1,0275",GBR,GBR,U.K. of Great Britain and Northern Ireland,01/01/1970,,,,01/11/2012,05/12/2013,2654711
864,Dordrecht,NLDOR,Sea,Unknown,Unknown,0,0,0,Unknown,Unknown,"51,81313","4,6577",NLD,NLD,Netherlands,01/01/1970,,,,01/11/2012,05/12/2013,2756669
865,Emmerich,DEEMM,Sea,Unknown,Unknown,0,0,0,Unknown,Unknown,"51,83133","6,2409",DEU,DEU,Germany,01/01/1970,,,,01/11/2012,05/12/2013,2930509
866,Wivenhoe,GBWIV,Sea,Unknown,Unknown,0,0,0,Unknown,Unknown,"51,85153","0,9615",GBR,GBR,U.K. of Great Britain and Northern Ireland,01/01/1970,,,,01/11/2012,05/12/2013,2633717
867,Colchester,GBCOL,Sea,Unknown,Unknown,0,0,0,Unknown,Unknown,"51,89433","0,8959",GBR,GBR,U.K. of Great Britain and Northern Ireland,01/01/1970,,,,01/11/2012,05/12/2013,2652618
868,Schiedam,NLSCI,Sea,Unknown,Unknown,0,0,0,Unknown,Unknown,"51,89773","4,4079",NLD,NLD,Netherlands,01/01/1970,,,,01/11/2012,05/12/2013,2747596
869,Vlaardingen,NLVLA,Sea,Unknown,Unknown,0,0,0,Unknown,Unknown,"51,89793","4,3243",NLD,NLD,Netherlands,01/01/1970,,,,01/11/2012,05/12/2013,2745467
870,Rotterdam,NLRTM,Sea,Unknown,Unknown,0,0,0,Unknown,Unknown,"51,90793","4,4059",NLD,NLD,Netherlands,01/01/1970,,,,01/11/2012,05/12/2013,2747891
871,Europoort (Europort),NLEUR,Sea,Unknown,Unknown,0,0,0,Unknown,Unknown,"51,94973","4,0989",NLD,NLD,Netherlands,01/01/1970,,,,01/11/2012,16/01/2015,999999999
872,Mistley,GBMIS,Sea,Unknown,Unknown,0,0,0,Unknown,Unknown,"51,95753","1,0743",GBR,GBR,U.K. of Great Britain and Northern Ireland,01/01/1970,,,,01/11/2012,05/12/2013,2642416
873,Felixstowe,GBFXT,Sea,Unknown,Unknown,0,0,0,Unknown,Unknown,"51,95993","1,3421",GBR,GBR,U.K. of Great Britain and Northern Ireland,01/01/1970,,,,01/11/2012,05/12/2013,2649579
874,Fishguard,GBFIS,Sea,Unknown,Unknown,0,0,0,Unknown,Unknown,"52,00333","-4,9732",GBR,GBR,U.K. of Great Britain and Northern Ireland,01/01/1970,,,,01/11/2012,05/12/2013,2649372
875,Dunmore East,IEDNM,Sea,Unknown,Unknown,0,0,0,Unknown,Unknown,"52,15493","-6,987",IRL,IRL,Ireland,01/01/1970,,,,01/11/2012,05/12/2013,2964492
876,Deventer,NLDEV,Sea,Unknown,Unknown,0,0,0,Unknown,Unknown,"52,26053","6,1495",NLD,NLD,Netherlands,01/01/1970,,,,01/11/2012,05/12/2013,2756987
877,Waterford,IEWAT,Sea,Unknown,Unknown,0,0,0,Unknown,Unknown,"52,26283","-7,1",IRL,IRL,Ireland,01/01/1970,,,,01/11/2012,05/12/2013,2960992
878,Tralee,IETRA,Sea,Unknown,Unknown,0,0,0,Unknown,Unknown,"52,26473","-9,7223",IRL,IRL,Ireland,01/01/1970,,,,01/11/2012,05/12/2013,2961123
879,New Ross,IENRS,Sea,Unknown,Unknown,0,0,0,Unknown,Unknown,"52,38013","-6,9612",IRL,IRL,Ireland,01/01/1970,,,,01/11/2012,05/12/2013,2962252
880,Zaandam,NLZAA,Sea,Unknown,Unknown,0,0,0,Unknown,Unknown,"52,42973","4,8213",NLD,NLD,Netherlands,01/01/1970,,,,01/11/2012,05/12/2013,2744118
881,Varberg,SEVAG,Sea,Unknown,Unknown,0,0,0,Unknown,Unknown,"57,10603","12,2451",SWE,SWE,Sweden,01/01/1970,,,,01/11/2012,05/12/2013,2664996
882,Tarbert,GBTAB,Sea,Unknown,Unknown,0,0,0,Unknown,Unknown,"52,57553","-9,3667",IRL,IRL,Ireland,01/01/1970,,,,01/11/2012,05/12/2013,2961267
883,Kilrush,IEKLR,Sea,Unknown,Unknown,0,0,0,Unknown,Unknown,"52,63713","-9,4933",IRL,IRL,Ireland,01/01/1970,,,,01/11/2012,05/12/2013,2963218
884,Wisbech,GBWIS,Sea,Unknown,Unknown,0,0,0,Unknown,Unknown,"52,67273","0,1557",GBR,GBR,U.K. of Great Britain and Northern Ireland,01/01/1970,,,,01/11/2012,05/12/2013,2633771
885,Fosdyke,GBFDK,Sea,Unknown,Unknown,0,0,0,Unknown,Unknown,"52,87233","-0,0472",GBR,GBR,U.K. of Great Britain and Northern Ireland,01/01/1970,,,,01/11/2012,05/12/2013,2649165
886,Portmadoc,GBPMD,Sea,Unknown,Unknown,0,0,0,Unknown,Unknown,"52,93013","-4,1303",GBR,GBR,U.K. of Great Britain and Northern Ireland,01/01/1970,,,,01/11/2012,05/12/2013,2640045
887,Den Helder,NLDHR,Sea,Unknown,Unknown,0,0,0,Unknown,Unknown,"52,96073","4,7813",NLD,NLD,Netherlands,01/01/1970,,,,01/11/2012,05/12/2013,2757220
888,Boston,GBBOS,Sea,Unknown,Unknown,0,0,0,Unknown,Unknown,"52,97453","-0,0264",GBR,GBR,U.K. of Great Britain and Northern Ireland,01/01/1970,,,,01/11/2012,05/12/2013,2655138
889,Papenburg,DEPAP,Sea,Unknown,Unknown,0,0,0,Unknown,Unknown,"53,07353","7,3655",DEU,DEU,Germany,01/01/1970,,,,01/11/2012,05/12/2013,2855525
890,Bremen,DEBRE,Sea,Unknown,Unknown,0,0,0,Unknown,Unknown,"53,11043","8,7487",DEU,DEU,Germany,01/01/1970,,,,01/11/2012,05/12/2013,2944388
891,Shikama,JPSKM,Sea,Unknown,Open,0,0,0,Unknown,Unknown,"34,78085","134,65848",JPN,JPN,Japan,01/01/1970,,,,01/11/2012,05/12/2013,1851935
892,Port Dinorwic,GBPDI,Sea,Unknown,Unknown,0,0,0,Unknown,Unknown,"53,18433","-4,2206",GBR,GBR,U.K. of Great Britain and Northern Ireland,01/01/1970,,,,01/11/2012,05/12/2013,6951032
893,Mega,JPHIM,Sea,Unknown,Open,0,0,0,Unknown,Unknown,"34,77547","134,69146",JPN,JPN,Japan,01/01/1970,,,,01/11/2012,05/12/2013,1857429
894,New Holland,GBNHO,Sea,Unknown,Unknown,0,0,0,Unknown,Unknown,"53,20053","-0,3328",GBR,GBR,U.K. of Great Britain and Northern Ireland,01/01/1970,,,,01/11/2012,05/12/2013,2641633
895,Groningen,NLGRQ,Sea,Unknown,Unknown,0,0,0,Unknown,Unknown,"53,22463","6,6021",NLD,NLD,Netherlands,01/01/1970,,,,01/11/2012,05/12/2013,2755251
896,Leer,DELEE,Sea,Unknown,Unknown,0,0,0,Unknown,Unknown,"53,23053","7,4357",DEU,DEU,Germany,01/01/1970,,,,01/11/2012,05/12/2013,2879697
897,Elsfleth,DEELS,Sea,Unknown,Unknown,0,0,0,Unknown,Unknown,"53,24213","8,4807",DEU,DEU,Germany,01/01/1970,,,,01/11/2012,05/12/2013,2930726
898,Suape,BRSUA,Sea,Unknown,Unknown,0,0,0,Unknown,Unknown,"-8,39767","-34,9578",BRA,BRA,Brazil,01/01/1970,,,,01/11/2012,20/01/2015,3390760
899,Beaumaris,GBBMR,Sea,Unknown,Unknown,0,0,0,Unknown,Unknown,"53,26503","-4,1016",GBR,GBR,U.K. of Great Britain and Northern Ireland,01/01/1970,,,,01/11/2012,05/12/2013,2656073
900,Douglas,GBDGS,Sea,Unknown,Unknown,0,0,0,Unknown,Unknown,"54,15803","-4,4806",IMY,IMY,Isle of Man,01/01/1970,,,,01/11/2012,16/01/2015,999999999
901,Mostyn,GBCHE,Sea,Unknown,Unknown,0,0,0,Unknown,Unknown,"53,31613","-3,2568",GBR,GBR,U.K. of Great Britain and Northern Ireland,01/01/1970,,,,01/11/2012,05/12/2013,2642137
902,Brake,DEBKE,Sea,Unknown,Unknown,0,0,0,Unknown,Unknown,"53,33443","8,4911",DEU,DEU,Germany,01/01/1970,,,,01/11/2012,05/12/2013,2945662
903,Garston,GBGTN,Sea,Unknown,Unknown,0,0,0,Unknown,Unknown,"53,34613","-2,9066",GBR,GBR,U.K. of Great Britain and Northern Ireland,01/01/1970,,,,01/11/2012,05/12/2013,2648827
904,Runcorn,GBRUN,Sea,Unknown,Unknown,0,0,0,Unknown,Unknown,"53,34693","-2,7441",GBR,GBR,U.K. of Great Britain and Northern Ireland,01/01/1970,,,,01/11/2012,05/12/2013,2638960
905,Eastham,GBEAM,Sea,Unknown,Unknown,0,0,0,Unknown,Unknown,"53,34713","-2,976",GBR,GBR,U.K. of Great Britain and Northern Ireland,01/01/1970,,,,01/11/2012,05/12/2013,2650429
906,Port Sunlight,GBPSU,Sea,Unknown,Unknown,0,0,0,Unknown,Unknown,"53,34933","-2,9786",GBR,GBR,U.K. of Great Britain and Northern Ireland,01/01/1970,,,,01/11/2012,05/12/2013,2639990
907,Bromborough,GBBHK,Sea,Unknown,Unknown,0,0,0,Unknown,Unknown,"53,35633","-2,9858",GBR,GBR,U.K. of Great Britain and Northern Ireland,01/01/1970,,,,01/11/2012,05/12/2013,2654596
908,Dublin,IEDUB,Sea,Unknown,Unknown,0,0,0,Unknown,Unknown,"53,36233","-6,2365",IRL,IRL,Ireland,01/01/1970,,,,01/11/2012,05/12/2013,2964574
909,Tsu,JPTSU,Sea,Unknown,Open,0,0,0,Unknown,Unknown,"34,67778","136,54318",JPN,JPN,Japan,01/01/1970,,,,01/11/2012,05/12/2013,1849796
910,Dingle,GBDIN,Sea,Unknown,Unknown,0,0,0,Unknown,Unknown,"53,38413","-2,4797",GBR,GBR,U.K. of Great Britain and Northern Ireland,01/01/1970,,,,01/11/2012,16/01/2015,999999999
911,Warrington,GBWRN,Sea,Unknown,Unknown,0,0,0,Unknown,Unknown,"53,38733","-2,5866",GBR,GBR,U.K. of Great Britain and Northern Ireland,01/01/1970,,,,01/11/2012,05/12/2013,2634739
912,Gainsborough,GBGAI,Sea,Unknown,Unknown,0,0,0,Unknown,Unknown,"53,39773","-0,7846",GBR,GBR,U.K. of Great Britain and Northern Ireland,01/01/1970,,,,01/11/2012,05/12/2013,2648945
913,Gamba,GAGAX,Sea,Very Small,Open,0,0,0,Unknown,Unknown,"-2,81077","10,0487",GAB,GAB,Gabon,01/01/1970,,,,01/11/2012,15/10/2014,2400547
914,Cap Lopez,GACLZ,Sea,Very Small,Open,0,0,0,Unknown,Unknown,"-0,62827","8,7069",GAB,GAB,Gabon,01/01/1970,,,,01/11/2012,19/01/2015,2396518
915,Owendo,GAOWE,Sea,Small,Open,0,0,0,Yes,Unknown,"0,28793","9,5069",GAB,GAB,Gabon,01/01/1970,,,,01/11/2012,25/05/2016,2396657
916,Bata,GQBSG,Sea,Small,Open,0,0,0,Unknown,Unknown,"1,85953","9,7609",GNQ,GNQ,Equatorial Guinea,01/01/1970,,,,01/11/2012,04/08/2014,2310046
917,Pattani,THPAN,Sea,Unknown,Open,0,0,0,Unknown,Unknown,"6,89641","101,26857",THA,THA,Thailand,01/01/1970,,,,01/11/2012,05/12/2013,1607978
918,Villanueva,PHVNV,Sea,Unknown,Open,0,0,0,Unknown,Unknown,"8,57646","124,76158",PHL,PHL,Philippines,01/01/1970,,,,01/11/2012,05/12/2013,1679873
919,Khanom,THKHA,Sea,Unknown,Open,0,0,0,Unknown,Unknown,"9,2085","99,88275",THA,THA,Thailand,01/01/1970,,,,01/11/2012,05/12/2013,8125982
920,Sriracha,THSRI,Sea,Unknown,Open,0,0,0,Unknown,Unknown,"13,11357","100,89068",THA,THA,Thailand,01/01/1970,,,,01/11/2012,05/12/2013,1606250
921,San Fernando,PHSFE,Sea,Small,Open,0,0,0,Unknown,Unknown,"16,60876","120,30097",PHL,PHL,Philippines,01/01/1970,,,,01/11/2012,23/12/2013,1690033
922,Arzanah Island,AEARZ,Sea,Unknown,Open,0,0,0,Unknown,Unknown,"24,7798","52,56409",ARE,ARE,United Arab Emirates,01/01/1970,,,,01/11/2012,16/01/2015,999999999
923,Das Island,AEDAS,Sea,Unknown,Open,0,0,0,Unknown,Unknown,"25,14182","52,87945",ARE,ARE,United Arab Emirates,01/01/1970,,,,01/11/2012,16/01/2015,999999999
924,Mina Saqr,AEMSA,Sea,Unknown,Open,0,0,0,Unknown,Unknown,"25,97333","56,0541",ARE,ARE,United Arab Emirates,01/01/1970,,,,01/11/2012,20/01/2015,291693
925,Naha,JPNAH,Sea,Unknown,Open,0,0,0,Unknown,Unknown,"26,25035","127,6901",JPN,JPN,Japan,01/01/1970,,,,01/11/2012,05/12/2013,1855056
926,Hurghada,EGHRG,Sea,Unknown,Open,0,0,0,Unknown,Unknown,"27,23243","33,8457",EGY,EGY,Egypt,01/01/1970,,,,01/11/2012,19/01/2015,361291
927,Mina Saud,KWMIS,Sea,Unknown,Open,0,0,0,Unknown,Unknown,"28,71721","48,37879",KWT,KWT,Kuwait,01/01/1970,,,,01/11/2012,19/01/2015,285542
928,Agadir,MAAGA,Sea,Unknown,Open,0,0,0,Unknown,Unknown,"30,42093","-9,6292",MAR,MAR,Morocco,01/01/1970,,,,01/11/2012,05/12/2013,2561668
929,Oita,JPOIT,Sea,Unknown,Open,0,0,0,Unknown,Unknown,"33,27397","131,68755",JPN,JPN,Japan,01/01/1970,,,,01/11/2012,05/12/2013,1854487
930,El Jadida,MAELJ,Sea,Unknown,Open,0,0,0,Unknown,Unknown,"33,25813","-8,4984",MAR,MAR,Morocco,01/01/1970,,,,01/11/2012,05/12/2013,2550078
931,Casablanca,MACAS,Sea,Unknown,Open,0,0,0,Unknown,Unknown,"33,61393","-7,6112",MAR,MAR,Morocco,01/01/1970,,,,01/11/2012,05/12/2013,2553604
932,Moji,JPMOJ,Sea,Unknown,Open,0,0,0,Unknown,Unknown,"33,95201","130,96579",JPN,JPN,Japan,01/01/1970,,,,01/11/2012,19/01/2015,1852225
933,Iwakuni,JPIWK,Sea,Unknown,Open,0,0,0,Unknown,Unknown,"34,17367","132,24187",JPN,JPN,Japan,01/01/1970,,,,01/11/2012,05/12/2013,1861212
934,Kitakyushu,JPTBT,Sea,Unknown,Open,0,0,0,Unknown,Unknown,"33,92387","130,85043",JPN,JPN,Japan,01/01/1970,,,,01/11/2012,05/12/2013,1859307
935,Gabes,TNGAE,Sea,Unknown,Open,0,0,0,Unknown,Unknown,"33,91773","10,1053",TUN,TUN,Tunisia,01/01/1970,,,,01/11/2012,05/12/2013,2468369
936,Hibiki,JPHBK,Sea,Unknown,Open,0,0,0,Unknown,Unknown,"33,93548","130,77317",JPN,JPN,Japan,01/01/1970,,,,01/11/2012,19/01/2015,1859307
937,Niihama,JPIHA,Sea,Unknown,Open,0,0,0,Unknown,Unknown,"33,97982","133,27406",JPN,JPN,Japan,01/01/1970,,,,01/11/2012,05/12/2013,1855425
938,Komatsujima,JPKOM,Sea,Unknown,Open,0,0,0,Unknown,Unknown,"34,00233","134,6003",JPN,JPN,Japan,01/01/1970,,,,01/11/2012,05/12/2013,1858902
939,Masinloc,PHMSC,Sea,Very Small,Open,0,0,0,Unknown,Unknown,"15,53133","119,9485",PHL,PHL,Philippines,01/01/1970,,,,01/11/2012,05/12/2013,1700665
940,Romblon,PHRLN,Sea,Small,Open,0,0,0,Unknown,Unknown,"12,57789","122,27159",PHL,PHL,Philippines,01/01/1970,,,,01/11/2012,05/12/2013,1691538
941,Isabel,PHISL,Sea,Small,Open,0,0,0,Unknown,Unknown,"10,89011","124,44013",PHL,PHL,Philippines,01/01/1970,,,,01/11/2012,18/05/2016,1710523
942,Nasipit,PHNAS,Sea,Small,Open,0,0,0,Unknown,Unknown,"8,98813","125,3435",PHL,PHL,Philippines,01/01/1970,,,,01/11/2012,05/12/2013,1698063
943,General Santos,PHDAD,Sea,Small,Open,0,0,0,Yes,Unknown,"6,08211","125,15194",PHL,PHL,Philippines,01/01/1970,,,,01/11/2012,09/01/2014,1713022
944,Pulupandan,PHPUL,Sea,Small,Open,0,0,0,Unknown,Unknown,"10,52538","122,79646",PHL,PHL,Philippines,01/01/1970,,,,01/11/2012,05/12/2013,1692489
945,San Jose,PHSJI,Sea,Small,Open,0,0,0,Unknown,Unknown,"10,74022","121,93662",PHL,PHL,Philippines,01/01/1970,,,,01/11/2012,05/12/2013,1689540
946,Mishima-Kawanoe,JPKWN,Sea,Unknown,Open,0,0,0,Unknown,Unknown,"34,00577","133,55796",JPN,JPN,Japan,01/01/1970,,,,01/11/2012,05/12/2013,1926092
947,Rabat,MARBA,Sea,Unknown,Open,0,0,0,Unknown,Unknown,"34,05373","-6,8233",MAR,MAR,Morocco,01/01/1970,,,,01/11/2012,05/12/2013,2538475
948,Imabari,JPIMB,Sea,Unknown,Open,0,0,0,Unknown,Unknown,"34,06973","133,0117",JPN,JPN,Japan,01/01/1970,,,,01/11/2012,05/12/2013,1926134
949,Shimotsu,JPSMT,Sea,Unknown,Open,0,0,0,Unknown,Unknown,"34,11835","135,14001",JPN,JPN,Japan,01/01/1970,,,,01/11/2012,05/12/2013,1852173
950,Mategata,JPMAG,Sea,Unknown,Open,0,0,0,Unknown,Unknown,"34,11782","132,90879",JPN,JPN,Japan,01/01/1970,,,,01/11/2012,05/12/2013,6417033
951,Sale,MASAL,Sea,Unknown,Open,0,0,0,Unknown,Unknown,"34,11113","-6,7723",MAR,MAR,Morocco,01/01/1970,,,,01/11/2012,05/12/2013,2537763
952,Miyaura,JPOMS,Sea,Unknown,Open,0,0,0,Unknown,Unknown,"34,24882","132,99484",JPN,JPN,Japan,01/01/1970,,,,01/11/2012,05/12/2013,1926087
953,La Skhirra,TNLSK,Sea,Unknown,Open,0,0,0,Unknown,Unknown,"34,28273","10,0943",TUN,TUN,Tunisia,01/01/1970,,,,01/11/2012,05/12/2013,2473161
954,Sakaide,JPSKD,Sea,Unknown,Open,0,0,0,Unknown,Unknown,"34,35664","133,85226",JPN,JPN,Japan,01/01/1970,,,,01/11/2012,05/12/2013,1853190
955,Toba,JPTOB,Sea,Unknown,Open,0,0,0,Unknown,Unknown,"34,48845","136,8437",JPN,JPN,Japan,01/01/1970,,,,01/11/2012,05/12/2013,1850345
956,Hannan,JPHAN,Sea,Unknown,Open,0,0,0,Unknown,Unknown,"34,46403","135,34943",JPN,JPN,Japan,01/01/1970,,,,01/11/2012,19/01/2015,1861091
957,Himeji,JPABO,Sea,Unknown,Open,0,0,0,Unknown,Unknown,"34,76937","134,60381",JPN,JPN,Japan,01/01/1970,,,,01/11/2012,19/01/2015,1862627
958,Ghazaouet,DZGHA,Sea,Unknown,Open,0,0,0,Unknown,Unknown,"35,10993","-1,8632",DZA,DZA,Algeria,01/01/1970,,,,01/11/2012,05/12/2013,2496042
959,Al Hoceima,MAAHU,Sea,Unknown,Open,0,0,0,Unknown,Unknown,"35,25703","-3,9107",MAR,MAR,Morocco,01/01/1970,,,,01/11/2012,05/12/2013,2558545
960,Yokohama,JPYOK,Sea,Unknown,Open,0,0,0,Unknown,Unknown,"35,42804","139,67341",JPN,JPN,Japan,01/01/1970,,,,01/11/2012,05/12/2013,1848354
961,Tokyo,JPTYO,Sea,Unknown,Open,0,0,0,Unknown,Unknown,"35,60678","139,80236",JPN,JPN,Japan,01/01/1970,,,,01/11/2012,19/01/2015,1850147
962,Sousse,TNSUS,Sea,Unknown,Open,0,0,0,Unknown,Unknown,"35,84133","10,6431",TUN,TUN,Tunisia,01/01/1970,,,,01/11/2012,05/12/2013,2464915
963,Mostaganem,DZMOS,Sea,Unknown,Open,0,0,0,Unknown,Unknown,"35,93753","0,0783",DZA,DZA,Algeria,01/01/1970,,,,01/11/2012,05/12/2013,2487134
964,Fushiki,JPFSK,Sea,Unknown,Open,0,0,0,Unknown,Unknown,"36,77316","137,11509",JPN,JPN,Japan,01/01/1970,,,,01/11/2012,05/12/2013,1863793
965,Alger,DZALG,Sea,Unknown,Open,0,0,0,Unknown,Unknown,"36,81833","3,0041",DZA,DZA,Algeria,01/01/1970,,,,01/11/2012,05/12/2013,2507480
966,Skikda,DZSKI,Sea,Unknown,Open,0,0,0,Unknown,Unknown,"36,89053","6,9071",DZA,DZA,Algeria,01/01/1970,,,,01/11/2012,05/12/2013,2479536
967,Annaba,DZAAE,Sea,Unknown,Open,0,0,0,Unknown,Unknown,"36,90793","7,7809",DZA,DZA,Algeria,01/01/1970,,,,01/11/2012,05/12/2013,2506999
968,Dellys,DZDEL,Sea,Unknown,Open,0,0,0,Unknown,Unknown,"36,92353","3,8797",DZA,DZA,Algeria,01/01/1970,,,,01/11/2012,05/12/2013,2500583
969,Collo,DZCOL,Sea,Unknown,Open,0,0,0,Unknown,Unknown,"37,01643","6,5651",DZA,DZA,Algeria,01/01/1970,,,,01/11/2012,05/12/2013,2501162
970,Bizerte,TNBIZ,Sea,Unknown,Open,0,0,0,Unknown,Unknown,"37,27113","9,8737",TUN,TUN,Tunisia,01/01/1970,,,,01/11/2012,05/12/2013,2472706
971,Soma,JPSMA,Sea,Unknown,Open,0,0,0,Unknown,Unknown,"37,83213","140,9627",JPN,JPN,Japan,01/01/1970,,,,01/11/2012,05/12/2013,6822169
972,Zanzibar,TZZNZ,Sea,Unknown,Open,0,0,0,Unknown,Unknown,"-6,15757","39,1985",TZA,TZA,United Republic of Tanzania,01/01/1970,,,,01/11/2012,05/12/2013,148730
973,Port Victoria,SCPOV,Sea,Unknown,Open,0,0,0,Unknown,Unknown,"-4,60967","55,4587",SYC,SYC,Seychelles,01/01/1970,,,,01/11/2012,05/12/2013,241131
974,Port Gentil,GAPOG,Sea,Medium,Open,0,0,0,Unknown,Unknown,"-0,71557","8,7851",GAB,GAB,Gabon,01/01/1970,,,,01/11/2012,04/08/2014,2396518
975,Ekuata,GAEKU,Sea,Very Small,Open,0,0,0,Unknown,Unknown,"0,25153","9,3131",GAB,GAB,Gabon,01/01/1970,,,,01/11/2012,15/10/2014,2400720
976,Campo,CMCMO,Sea,Very Small,Open,0,0,0,Unknown,Unknown,"2,34383","9,8203",CMR,,Equatorial Guinea,01/01/1970,,,,01/11/2012,16/02/2018,2233381
977,Phuket,THHKT,Sea,Unknown,Open,0,0,0,Unknown,Unknown,"7,87653","98,3959",THA,THA,Thailand,01/01/1970,,,,01/11/2012,05/12/2013,1151254
978,Krabi,THKBV,Sea,Unknown,Open,0,0,0,Unknown,Unknown,"8,05549","98,91879",THA,THA,Thailand,01/01/1970,,,,01/11/2012,05/12/2013,1152633
979,El Iskandariya,EGALY,Sea,Unknown,Open,0,0,0,Unknown,Unknown,"31,14933","29,8799",EGY,EGY,Egypt,01/01/1970,,,,01/11/2012,19/01/2015,361058
980,Funabashi,JPOGA,Sea,Unknown,Open,0,0,0,Unknown,Unknown,"35,67698","139,97563",JPN,JPN,Japan,01/01/1970,,,,01/11/2012,05/12/2013,1863905
981,Safi,MASFI,Sea,Unknown,Open,0,0,0,Unknown,Unknown,"32,30793","-9,2427",MAR,MAR,Morocco,01/01/1970,,,,01/11/2012,05/12/2013,2537881
982,Kure,JPKRE,Sea,Unknown,Open,0,0,0,Unknown,Unknown,"34,23893","132,5339",JPN,JPN,Japan,01/01/1970,,,,01/11/2012,05/12/2013,1858296
983,Kenitra-Media,MANNA,Sea,Unknown,Open,0,0,0,Unknown,Unknown,"34,26393","-6,6734",MAR,MAR,Morocco,01/01/1970,,,,01/11/2012,05/12/2013,2544571
984,Hatsukaichi,JPAKT,Sea,Unknown,Open,0,0,0,Unknown,Unknown,"34,34854","132,34183",JPN,JPN,Japan,01/01/1970,,,,01/11/2012,05/12/2013,1863018
985,Hiroshima,JPHIJ,Sea,Unknown,Open,0,0,0,Unknown,Unknown,"34,35091","132,4482",JPN,JPN,Japan,01/01/1970,,,,01/11/2012,05/12/2013,1862415
986,Tangier,MATNG,Sea,Unknown,Open,0,0,0,Unknown,Unknown,"35,79323","-5,788",MAR,MAR,Morocco,01/01/1970,,,,01/11/2012,05/12/2013,2530335
987,Richards Bay,ZARCB,Sea,Unknown,Open,0,0,0,Unknown,Unknown,"-28,79007","32,0633",ZAF,ZAF,South Africa,01/01/1970,,,,01/11/2012,05/12/2013,962367
988,Moma,MZMMW,Sea,Unknown,Open,0,0,0,Unknown,Unknown,"-16,76688","39,22151",MOZ,MOZ,Mozambique,01/01/1970,,,,01/11/2012,21/03/2017,1037225
989,Benguela,AOBUG,Sea,Unknown,Open,0,0,0,Unknown,Unknown,"-12,57177","13,4005",AGO,AGO,Angola,01/01/1970,,,,01/11/2012,05/12/2013,3351663
990,Lobito,AOLOB,Sea,Small,Open,0,0,0,Yes,Unknown,"-12,35887","13,5425",AGO,AGO,Angola,01/01/1970,,,,01/11/2012,23/02/2018,3372346
991,Novo Redondo,AONOE,Sea,Unknown,Open,0,0,0,Unknown,Unknown,"-11,19487","13,8371",AGO,AGO,Angola,01/01/1970,,,,01/11/2012,16/01/2015,3346015
992,Porto Amboim,AOPBN,Sea,Unknown,Open,0,0,0,Unknown,Unknown,"-10,74577","13,7387",AGO,AGO,Angola,01/01/1970,,,,01/11/2012,05/12/2013,3346661
993,Chiwan,CNCWN,Sea,Unknown,Unknown,0,0,0,Unknown,Unknown,"22,46713","113,8847",CHN,CHN,China,01/01/1970,,,,01/11/2012,05/12/2013,1814950
994,Lindi,TZLDI,Sea,Unknown,Open,0,0,0,Unknown,Unknown,"-9,99917","39,7165",TZA,TZA,United Republic of Tanzania,01/01/1970,,,,01/11/2012,05/12/2013,878281
995,Luanda,AOLAD,Sea,Unknown,Open,0,0,0,Yes,Unknown,"-8,80407","13,2333",AGO,AGO COD,Angola,01/01/1970,,,,01/11/2012,25/05/2016,2240449
996,Cabinda,AOCAB,Sea,Unknown,Open,0,0,0,Unknown,Unknown,"-5,54839","12,19677",AGO,AGO,Angola,01/01/1970,,,,01/11/2012,05/12/2013,2243271
997,Pangani,TZPAN,Sea,Unknown,Open,0,0,0,Unknown,Unknown,"-5,42497","38,9781",TZA,TZA,United Republic of Tanzania,01/01/1970,,,,01/11/2012,05/12/2013,150793
998,Tanga,TZTGT,Sea,Unknown,Open,0,0,0,Unknown,Unknown,"-5,06557","39,1087",TZA,TZA,United Republic of Tanzania,01/01/1970,,,,01/11/2012,05/12/2013,149606
999,Libreville,GALBV,Sea,Small,Open,0,0,0,Unknown,Unknown,"0,37983","9,4527",GAB,GAB COD,Gabon,01/01/1970,,,,01/11/2012,15/02/2016,2399697
1000,Santo Antonio,STSAA,Sea,Unknown,Open,0,0,0,Unknown,Unknown,"1,64893","7,4251",STP,STP,Sao Tome and Principe,01/01/1970,,,,01/11/2012,05/12/2013,2410805
1001,Kribi,CMKBI,Sea,Very Small,Open,0,0,0,Yes,Unknown,"2,93013","9,9027",CMR,"CMR, CAF",Cameroon,01/01/1970,,,,01/11/2012,15/02/2018,2229761
1002,Victoria,CMVCC,Sea,Very Small,Open,0,0,0,Unknown,Unknown,"4,01063","9,2023",CMR,,Cameroon,01/01/1970,,,,01/11/2012,16/02/2018,2229411
1003,Songkhla,THSGZ,Sea,Unknown,Open,0,0,0,Unknown,Unknown,"7,22451","100,57485",THA,THA,Thailand,01/01/1970,,,,01/11/2012,05/12/2013,1606147
1004,Kantang,THKAN,Sea,Unknown,Open,0,0,0,Unknown,Unknown,"7,41069","99,50939",THA,THA,Thailand,01/01/1970,,,,01/11/2012,05/12/2013,1153072
1005,Nasugbu,PHNUG,Sea,Unknown,Open,0,0,0,Unknown,Unknown,"14,08363","120,6251",PHL,PHL,Philippines,01/01/1970,,,,01/11/2012,05/12/2013,1698030
1006,Ajman,AEAJM,Sea,Unknown,Open,0,0,0,Unknown,Unknown,"25,41093","55,4573",ARE,ARE,United Arab Emirates,01/01/1970,,,,01/11/2012,05/12/2013,292932
1007,Ras Al Khaimah,AERKT,Sea,Unknown,Open,0,0,0,Unknown,Unknown,"25,79233","55,9461",ARE,ARE,United Arab Emirates,01/01/1970,,,,01/11/2012,05/12/2013,291074
1008,Laayoune,MAEUN,Sea,Unknown,Open,0,0,0,Unknown,Unknown,"27,09803","-13,4145",ESH,ESH,Western Sahara,01/01/1970,,,,01/11/2012,28/08/2014,2462881
1009,Abu Rudeis,EGAUE,Sea,Unknown,Open,0,0,0,Unknown,Unknown,"28,90733","33,1831",EGY,EGY,Egypt,01/01/1970,,,,01/11/2012,05/12/2013,362208
1010,Mersa El Hamra,EGMAH,Sea,Unknown,Open,0,0,0,Unknown,Unknown,"30,96213","28,7775",EGY,EGY,Egypt,01/01/1970,,,,01/11/2012,19/01/2015,356177
1011,Mohammedia,MAMOH,Sea,Unknown,Open,0,0,0,Unknown,Unknown,"33,71793","-7,3894",MAR,MAR,Morocco,01/01/1970,,,,01/11/2012,05/12/2013,2542051
1012,Matsuyama,JPMYJ,Sea,Unknown,Open,0,0,0,Unknown,Unknown,"33,86093","132,7141",JPN,JPN,Japan,01/01/1970,,,,01/11/2012,05/12/2013,1926091
1013,Yawata,JPYWT,Sea,Unknown,Open,0,0,0,Unknown,Unknown,"33,89189","130,78839",JPN,JPN,Japan,01/01/1970,,,,01/11/2012,19/01/2015,1859307
1014,Djerba,TNDJE,Sea,Unknown,Open,0,0,0,Unknown,Unknown,"33,88626","10,85775",TUN,TUN,Tunisia,01/01/1970,,,,01/11/2012,05/12/2013,2470384
1015,Hirao,JPHRA,Sea,Unknown,Open,0,0,0,Unknown,Unknown,"33,91013","132,0501",JPN,JPN,Japan,01/01/1970,,,,01/11/2012,05/12/2013,1862513
1016,Shimonoseki,JPSHS,Sea,Unknown,Open,0,0,0,Unknown,Unknown,"33,93169","130,89938",JPN,JPN,Japan,01/01/1970,,,,01/11/2012,05/12/2013,1852225
1017,Kudamatsu,JPKUD,Sea,Unknown,Open,0,0,0,Unknown,Unknown,"34,00113","131,8615",JPN,JPN,Japan,01/01/1970,,,,01/11/2012,05/12/2013,1858498
1018,Mitajiri,JPNAN,Sea,Unknown,Open,0,0,0,Unknown,Unknown,"34,03675","131,59573",JPN,JPN,Japan,01/01/1970,,,,01/11/2012,19/01/2015,1862302
1019,Tonda,JPTND,Sea,Unknown,Open,0,0,0,Unknown,Unknown,"34,0556","131,74443",JPN,JPN,Japan,01/01/1970,,,,01/11/2012,05/12/2013,1850036
1020,Tokuyama,JPTKY,Sea,Unknown,Open,0,0,0,Unknown,Unknown,"34,04574","131,7966",JPN,JPN,Japan,01/01/1970,,,,01/11/2012,05/12/2013,1850152
1021,Tokushima,JPTKS,Sea,Unknown,Open,0,0,0,Unknown,Unknown,"34,05209","134,59368",JPN,JPN,Japan,01/01/1970,,,,01/11/2012,05/12/2013,1850158
1022,Kainan,JPKAI,Sea,Unknown,Open,0,0,0,Unknown,Unknown,"34,14803","135,2021",JPN,JPN,Japan,01/01/1970,,,,01/11/2012,05/12/2013,1860785
1023,Naruto,JPNRU,Sea,Unknown,Open,0,0,0,Unknown,Unknown,"34,11381","134,60369",JPN,JPN,Japan,01/01/1970,,,,01/11/2012,05/12/2013,1855580
1024,Kanokawa,JPKKW,Sea,Unknown,Open,0,0,0,Unknown,Unknown,"34,19169","132,44372",JPN,JPN,Japan,01/01/1970,,,,01/11/2012,05/12/2013,1860126
1025,Etajima,JPETA,Sea,Unknown,Open,0,0,0,Unknown,Unknown,"34,22441","132,44182",JPN,JPN,Japan,01/01/1970,,,,01/11/2012,19/01/2015,1860126
1026,Hiki,JPHIK,Sea,Unknown,Open,0,0,0,Unknown,Unknown,"34,23966","135,12477",JPN,JPN,Japan,01/01/1970,,,,01/11/2012,19/01/2015,1926004
1027,Higashi-Harima,JPTSG,Sea,Unknown,Open,0,0,0,Unknown,Unknown,"34,71554","134,83762",JPN,JPN,Japan,01/01/1970,,,,01/11/2012,05/12/2013,1862832
1028,Larache,MALAR,Sea,Unknown,Open,0,0,0,Unknown,Unknown,"35,20493","-6,152",MAR,MAR,Morocco,01/01/1970,,,,01/11/2012,05/12/2013,2543549
1029,Legazpi,PHLGP,Sea,Small,Open,0,0,0,Unknown,Unknown,"13,14366","123,75644",PHL,PHL,Philippines,01/01/1970,,,,01/11/2012,05/12/2013,1706889
1030,Zamboanga,PHBLU,Sea,Small,Open,0,0,0,Unknown,Unknown,"6,90514","122,07155",PHL,PHL,Philippines,01/01/1970,,,,01/11/2012,05/12/2013,1679432
1031,Mati,PHMXI,Sea,Small,Open,0,0,0,Unknown,Unknown,"6,93925","126,23625",PHL,PHL,Philippines,01/01/1970,,,,01/11/2012,05/12/2013,1700360
1032,Uraga,JPKRH,Sea,Unknown,Open,0,0,0,Unknown,Unknown,"35,22457","139,71867",JPN,JPN,Japan,01/01/1970,,,,01/11/2012,05/12/2013,1849223
1033,Phangnga,THPHA,River,Unknown,Open,0,0,0,Unknown,Unknown,"8,40034","98,51238",THA,THA,Thailand,01/01/1970,,,,01/11/2012,05/12/2013,1151464
1034,Chanthaburi,THCHA,River,Unknown,Open,0,0,0,Unknown,Unknown,"12,60208","102,11342",THA,THA,Thailand,01/01/1970,,,,01/11/2012,05/12/2013,1611269
1035,Misima Island,PGMIS,Unknown,Unknown,Open,0,0,0,Unknown,Unknown,"-10,63817","152,8343",PNG,PNG,Papua New Guinea,01/01/1970,,,,01/11/2012,20/01/2015,999999999
1036,Moudi Terminal,CMMOU,Unknown,Very Small,Open,0,0,0,Unknown,Unknown,"4,10893","8,4781",CMR,,Cameroon,01/01/1970,,,,01/11/2012,16/02/2018,999999999
1037,Kole Terminal,CMKOL,Unknown,Very Small,Open,0,0,0,Unknown,Unknown,"4,21153","8,5491",CMR,,Cameroon,01/01/1970,,,,01/11/2012,16/02/2018,999999999
1038,Vatia,FJVAT,Unknown,Unknown,Unknown,0,0,0,Unknown,Unknown,"-17,39871","177,7635",,FJI,,01/01/1970,,,,01/11/2012,29/03/2017,2200897
1039,Namatanai,PGATN,Unknown,Unknown,Unknown,0,0,0,Unknown,Unknown,"-3,66167","152,4441",PNG,PNG,Papua New Guinea,01/01/1970,,,,01/11/2012,03/09/2014,2090020
1040,Abau,PGABW,Unknown,Unknown,Unknown,0,0,0,Unknown,Unknown,"-10,16917","148,7531",PNG,PNG,Papua New Guinea,01/01/1970,,,,01/11/2012,05/12/2013,2134009
1041,Tufi,PGTFI,Unknown,Unknown,Unknown,0,0,0,Unknown,Unknown,"-9,08367","149,3147",PNG,PNG,Papua New Guinea,01/01/1970,,,,01/11/2012,05/12/2013,2085070
1042,Buna,PGBNA,Unknown,Unknown,Unknown,0,0,0,Unknown,Unknown,"-8,66777","148,3991",PNG,PNG,Papua New Guinea,01/01/1970,,,,01/11/2012,05/12/2013,2098831
1043,Salamaua,PGSMU,Unknown,Unknown,Unknown,0,0,0,Unknown,Unknown,"-7,05607","147,0405",PNG,PNG,Papua New Guinea,01/01/1970,,,,01/11/2012,05/12/2013,2087367
1044,Talasea,PGTLW,Unknown,Unknown,Unknown,0,0,0,Unknown,Unknown,"-5,33867","150,0435",PNG,PNG,Papua New Guinea,01/01/1970,,,,01/11/2012,05/12/2013,2085944
1045,Zawia Terminal,LYZAW,Unknown,Very Small,Unknown,0,0,0,Unknown,Unknown,"32,7926","12,67689",LBY,LBY,Libya,01/01/1970,,,,01/11/2012,06/04/2017,2218970
1046,Abu Al Bukhoosh,AEABU,Unknown,Unknown,Unknown,0,0,0,Unknown,Unknown,"25,42853","53,1281",ARE,ARE,United Arab Emirates,01/01/1970,,,,01/11/2012,16/01/2015,999999999
1047,Lazarev,RULAZ,Sea,Unknown,Unknown,0,0,0,Unknown,Unknown,"52,21223","141,5173",RUS,RUS,Russian Federation,01/01/1970,,,,01/11/2012,05/12/2013,2123836
1048,Caleta Olivia,ARCVI,Sea,Unknown,Unknown,0,0,0,Unknown,Unknown,"-46,43057","-67,5091",ARG,ARG,Argentina,01/01/1970,,,,01/11/2012,05/12/2013,3863379
1049,Rio Gallegos,ARRGL,Sea,Unknown,Unknown,0,0,0,Unknown,Unknown,"-51,62267","-69,2108",ARG,ARG,Argentina,01/01/1970,,,,01/11/2012,05/12/2013,3838859
1050,Bluff,NZBLU,Sea,Unknown,Unknown,0,0,0,Unknown,Unknown,"-46,61107","168,3549",NZL,NZL,New Zealand,01/01/1970,,,,01/11/2012,05/12/2013,2206939
1051,Invercargill,NZIVC,Sea,Unknown,Unknown,0,0,0,Unknown,Unknown,"-46,42087","168,3409",NZL,NZL,New Zealand,01/01/1970,,,,01/11/2012,05/12/2013,2189529
1052,Port Chalmers,NZPOE,Sea,Unknown,Unknown,0,0,0,Unknown,Unknown,"-45,76287","170,6671",NZL,NZL,New Zealand,01/01/1970,,,,01/11/2012,05/12/2013,2208238
1053,Doubtful Sound,NZDGO,Sea,Unknown,Unknown,0,0,0,Unknown,Unknown,"-45,28507","166,8605",NZL,NZL,New Zealand,01/01/1970,,,,01/11/2012,16/01/2015,999999999
1054,Akaroa,NZAKA,Sea,Unknown,Unknown,0,0,0,Unknown,Unknown,"-43,80197","172,9615",NZL,NZL,New Zealand,01/01/1970,,,,01/11/2012,05/12/2013,6222028
1055,Vadinar,INVAD,Sea,Unknown,Unknown,0,0,0,Unknown,Unknown,"22,46553","69,7193",IND,IND,India,01/01/1970,,,,01/11/2012,19/01/2015,1269317
1056,Port Huon,AUPHU,Sea,Unknown,Unknown,0,0,0,Unknown,Unknown,"-43,15957","146,9765",AUS,AUS,Australia,01/01/1970,,,,01/11/2012,16/01/2015,999999999
1057,Hobart,AUHBA,Sea,Unknown,Unknown,0,0,0,Unknown,Unknown,"-42,86637","147,3295",AUS,AUS,Australia,01/01/1970,,,,01/11/2012,05/12/2013,2163355
1058,Greymouth,NZGMN,Sea,Unknown,Unknown,0,0,0,Unknown,Unknown,"-42,44457","171,2051",NZL,NZL,New Zealand,01/01/1970,,,,01/11/2012,05/12/2013,2206895
1059,Kaikoura,NZKBZ,Sea,Unknown,Unknown,0,0,0,Unknown,Unknown,"-42,40527","173,6887",NZL,NZL,New Zealand,01/01/1970,,,,01/11/2012,05/12/2013,2189272
1060,Westport,NZWSZ,Sea,Unknown,Unknown,0,0,0,Unknown,Unknown,"-41,74497","171,6473",NZL,NZL,New Zealand,01/01/1970,,,,01/11/2012,05/12/2013,2206900
1061,Nelson,NZNSN,Sea,Unknown,Unknown,0,0,0,Unknown,Unknown,"-41,28447","173,2371",NZL,NZL,New Zealand,01/01/1970,,,,01/11/2012,05/12/2013,2186280
1062,Devonport,AUDPO,Sea,Unknown,Unknown,0,0,0,Unknown,Unknown,"-41,16637","146,3559",AUS,AUS,Australia,01/01/1970,,,,01/11/2012,05/12/2013,2168943
1063,Iwanai,JPIWN,Sea,Unknown,Unknown,0,0,0,Unknown,Unknown,"42,98293","140,5073",JPN,JPN,Japan,01/01/1970,,,,01/11/2012,05/12/2013,2129868
1064,Port Dalrymple,AUPTD,Sea,Unknown,Unknown,0,0,0,Unknown,Unknown,"-41,14237","146,8403",AUS,AUS,Australia,01/01/1970,,,,01/11/2012,16/01/2015,999999999
1065,Burnie,AUBWT,Sea,Unknown,Unknown,0,0,0,Unknown,Unknown,"-41,05167","145,9063",AUS,AUS,Australia,01/01/1970,,,,01/11/2012,05/12/2013,2173125
1066,Port Latta,AUPLA,Sea,Unknown,Unknown,0,0,0,Unknown,Unknown,"-40,85197","145,3791",AUS,AUS,Australia,01/01/1970,,,,01/11/2012,05/12/2013,2152662
1067,Stanley,AUSTA,Sea,Unknown,Unknown,0,0,0,Unknown,Unknown,"-40,76247","145,2991",AUS,AUS,Australia,01/01/1970,,,,01/11/2012,05/12/2013,2148528
1068,Port Taranaki,NZNPL,Sea,Unknown,Unknown,0,0,0,Unknown,Unknown,"-39,06087","174,0265",NZL,NZL,New Zealand,01/01/1970,,,,01/11/2012,16/01/2015,999999999
1069,Westernport,AUWEP,Sea,Unknown,Unknown,0,0,0,Unknown,Unknown,"-38,37077","145,2157",AUS,AUS,Australia,01/01/1970,,,,01/11/2012,16/01/2015,999999999
1070,Mount Maunganui,NZMMU,Sea,Unknown,Unknown,0,0,0,Unknown,Unknown,"-37,63817","176,1761",NZL,NZL,New Zealand,01/01/1970,,,,01/11/2012,05/12/2013,2208041
1071,Beachport,AUBCH,Sea,Unknown,Unknown,0,0,0,Unknown,Unknown,"-37,49387","140,0071",AUS,AUS,Australia,01/01/1970,,,,01/11/2012,05/12/2013,2176552
1072,Thames,NZTMZ,Sea,Unknown,Unknown,0,0,0,Unknown,Unknown,"-37,14177","175,5313",NZL,NZL,New Zealand,01/01/1970,,,,01/11/2012,05/12/2013,2208333
1073,Talca,CLTLX,Sea,Unknown,Unknown,0,0,0,Unknown,Unknown,"-36,69057","-73,0982",CHL,CHL,Chile,01/01/1970,,,,01/11/2012,05/12/2013,3870282
1074,Ballast Head,AUBAH,Sea,Unknown,Unknown,0,0,0,Unknown,Unknown,"-35,75187","137,7953",AUS,AUS,Australia,01/01/1970,,,,01/11/2012,16/01/2015,999999999
1075,Marsden Point,NZMAP,Sea,Unknown,Unknown,0,0,0,Unknown,Unknown,"-35,75097","174,3489",NZL,NZL,New Zealand,01/01/1970,,,,01/11/2012,16/01/2015,999999999
1076,Kingscote,AUKGC,Sea,Unknown,Unknown,0,0,0,Unknown,Unknown,"-35,64427","137,6323",AUS,AUS,Australia,01/01/1970,,,,01/11/2012,05/12/2013,2068429
1077,Albany,AUALH,Sea,Unknown,Unknown,0,0,0,Unknown,Unknown,"-35,03147","117,8797",AUS,AUS,Australia,01/01/1970,,,,01/11/2012,05/12/2013,2077963
1078,Port Giles,AUPGI,Sea,Unknown,Unknown,0,0,0,Unknown,Unknown,"-35,02737","137,7579",AUS,AUS,Australia,01/01/1970,,,,01/11/2012,16/01/2015,999999999
1079,Maldonado,UYMDO,Sea,Unknown,Unknown,0,0,0,Unknown,Unknown,"-34,96177","-54,921",URY,URY,Uruguay,01/01/1970,,,,01/11/2012,05/12/2013,3441894
1080,Port Lincoln,AUPLO,Sea,Unknown,Unknown,0,0,0,Unknown,Unknown,"-34,75167","135,8907",AUS,AUS,Australia,01/01/1970,,,,01/11/2012,05/12/2013,2063036
1081,Port Kembla,AUPKL,Sea,Unknown,Unknown,0,0,0,Unknown,Unknown,"-34,46347","150,9015",AUS,AUS,Australia,01/01/1970,,,,01/11/2012,05/12/2013,2152671
1082,Cape Leeuwin,AUCLN,Sea,Unknown,Unknown,0,0,0,Unknown,Unknown,"-34,37957","115,1385",AUS,AUS,Australia,01/01/1970,,,,01/11/2012,16/01/2015,999999999
1083,Esperance,AUEPR,Sea,Unknown,Unknown,0,0,0,Unknown,Unknown,"-33,86507","121,8957",AUS,AUS,Australia,01/01/1970,,,,01/11/2012,05/12/2013,2071860
1084,Bunbury,AUBUY,Sea,Unknown,Unknown,0,0,0,Unknown,Unknown,"-33,32177","115,6419",AUS,AUS,Australia,01/01/1970,,,,01/11/2012,05/12/2013,2075432
1085,Tome,CLTOM,Sea,Unknown,Unknown,0,0,0,Unknown,Unknown,"-36,62017","-72,9633",CHL,CHL,Chile,01/01/1970,,,,01/11/2012,05/12/2013,3869657
1086,Whyalla,AUWYA,Sea,Unknown,Unknown,0,0,0,Unknown,Unknown,"-33,03827","137,5913",AUS,AUS,Australia,01/01/1970,,,,01/11/2012,05/12/2013,2058430
1087,Port Bonython,AUPBY,Sea,Unknown,Unknown,0,0,0,Unknown,Unknown,"-32,99657","137,7629",AUS,AUS,Australia,01/01/1970,,,,01/11/2012,16/01/2015,999999999
1088,Thevenard,AUTHE,Sea,Unknown,Unknown,0,0,0,Unknown,Unknown,"-32,14617","133,6501",AUS,AUS,Australia,01/01/1970,,,,01/11/2012,05/12/2013,2060362
1089,Rio Grande,BRRIG,Sea,Unknown,Unknown,0,0,0,Unknown,Unknown,"-32,05147","-52,0815",BRA,BRA,Brazil,01/01/1970,,,,01/11/2012,05/12/2013,3451138
1090,Rottnest Island,AURTS,Sea,Unknown,Unknown,0,0,0,Unknown,Unknown,"-31,99997","115,4923",AUS,AUS,Australia,01/01/1970,,,,01/11/2012,16/01/2015,999999999
1091,Los Vilos,CLLOS,Sea,Unknown,Unknown,0,0,0,Unknown,Unknown,"-31,90807","-71,5104",CHL,CHL,Chile,01/01/1970,,,,01/11/2012,05/12/2013,3881285
1092,Lord Howe Is,AULDH,Sea,Unknown,Unknown,0,0,0,Unknown,Unknown,"-31,54357","159,0881",AUS,AUS,Australia,01/01/1970,,,,01/11/2012,05/12/2013,6930427
1093,Coffs Harbour,AUCFS,Sea,Unknown,Unknown,0,0,0,Unknown,Unknown,"-30,30357","153,1439",AUS,AUS,Australia,01/01/1970,,,,01/11/2012,05/12/2013,2171085
1094,Tramandai,BRTRM,Sea,Unknown,Unknown,0,0,0,Unknown,Unknown,"-29,97257","-50,1111",BRA,BRA,Brazil,01/01/1970,,,,01/11/2012,05/12/2013,3446232
1095,Imbituba,BRIBB,Sea,Unknown,Unknown,0,0,0,Unknown,Unknown,"-28,22667","-48,6484",BRA,BRA,Brazil,01/01/1970,,,,01/11/2012,05/12/2013,3461370
1096,Caloundra Head,AUCAL,Sea,Unknown,Unknown,0,0,0,Unknown,Unknown,"-26,80807","153,1565",AUS,AUS,Australia,01/01/1970,,,,01/11/2012,05/12/2013,2172710
1097,Sao Francisco Do Sul,BRSFS,Sea,Unknown,Unknown,0,0,0,Unknown,Unknown,"-26,23837","-48,6382",BRA,BRA,Brazil,01/01/1970,,,,01/11/2012,05/12/2013,3449112
1098,Useless Loop,AUUSL,Sea,Unknown,Unknown,0,0,0,Unknown,Unknown,"-26,13757","113,4153",AUS,AUS,Australia,01/01/1970,,,,01/11/2012,16/01/2015,999999999
1099,Antonina,BRANT,Sea,Unknown,Unknown,0,0,0,Unknown,Unknown,"-25,44407","-48,7021",BRA,BRA,Brazil,01/01/1970,,,,01/11/2012,05/12/2013,3472048
1100,Urangan,AUURN,Sea,Unknown,Unknown,0,0,0,Unknown,Unknown,"-25,25597","152,8287",AUS,AUS,Australia,01/01/1970,,,,01/11/2012,05/12/2013,2145392
1101,Sao Sebastiao,BRSSO,Sea,Unknown,Unknown,0,0,0,Unknown,Unknown,"-23,80217","-45,3913",BRA,BRA,Brazil,01/01/1970,,,,01/11/2012,05/12/2013,3448257
1102,Angra Dos Reis,BRADR,Sea,Unknown,Unknown,0,0,0,Unknown,Unknown,"-23,01377","-44,3089",BRA,BRA,Brazil,01/01/1970,,,,01/11/2012,05/12/2013,3472177
1103,Forno,BRFNO,Sea,Unknown,Unknown,0,0,0,Unknown,Unknown,"-22,96047","-42,0109",BRA,BRA,Brazil,01/01/1970,,,,01/11/2012,16/01/2015,3468615
1104,Bahia De Sepetiba,BRSPB,Sea,Unknown,Unknown,0,0,0,Unknown,Unknown,"-22,92887","-43,824",BRA,BRA,Brazil,01/01/1970,,,,01/11/2012,20/01/2015,3451190
1105,Exmouth,AUPEX,Sea,Unknown,Unknown,0,0,0,Unknown,Unknown,"-22,32597","114,1771",AUS,AUS,Australia,01/01/1970,,,,01/11/2012,16/01/2015,999999999
1106,Ducos,NCDUS,Sea,Unknown,Unknown,0,0,0,Unknown,Unknown,"-22,23827","166,3959",NCL,NCL,New Caledonia,01/01/1970,,,,01/11/2012,19/01/2015,2139521
1107,Numazu,JPNUM,Sea,Unknown,Unknown,0,0,0,Unknown,Unknown,"35,08553","138,8685",JPN,JPN,Japan,01/01/1970,,,,01/11/2012,05/12/2013,1854902
1108,Saladin Marine Terminal,AUSMT,Sea,Unknown,Unknown,0,0,0,Unknown,Unknown,"-21,39707","115,0477",AUS,AUS,Australia,01/01/1970,,,,01/11/2012,16/01/2015,999999999
1109,Haypoint,AUHPT,Sea,Unknown,Unknown,0,0,0,Unknown,Unknown,"-21,28167","149,2729",AUS,AUS,Australia,01/01/1970,,,,01/11/2012,05/12/2013,2163754
1110,Barrow Island,AUBWB,Sea,Unknown,Unknown,0,0,0,Unknown,Unknown,"-20,86107","115,4205",AUS,AUS,Australia,01/01/1970,,,,01/11/2012,16/01/2015,999999999
1111,Cape Preston,AUCPN,Sea,Unknown,Unknown,0,0,0,Unknown,Unknown,"-20,83577","116,1639",AUS,AUS,Australia,01/01/1970,,,,01/11/2012,16/01/2015,999999999
1112,Varanus Island,AUVAR,Sea,Unknown,Unknown,0,0,0,Unknown,Unknown,"-20,64947","115,5811",AUS,AUS,Australia,01/01/1970,,,,01/11/2012,16/01/2015,999999999
1113,Point Samson,AUPSM,Sea,Unknown,Unknown,0,0,0,Unknown,Unknown,"-20,63137","117,2003",AUS,AUS,Australia,01/01/1970,,,,01/11/2012,05/12/2013,2063176
1114,Port Hedland,AUPHE,Sea,Unknown,Unknown,0,0,0,Unknown,Unknown,"-20,30037","118,5715",AUS,AUS,Australia,01/01/1970,,,,01/11/2012,05/12/2013,2063042
1115,Abbot Point,AUABP,Sea,Unknown,Unknown,0,0,0,Unknown,Unknown,"-19,88787","148,0749",AUS,AUS,Australia,01/01/1970,,,,01/11/2012,16/01/2015,999999999
1116,Pisagua,CLPIS,Sea,Unknown,Unknown,0,0,0,Unknown,Unknown,"-19,60557","-70,2276",CHL,CHL,Chile,01/01/1970,,,,01/11/2012,05/12/2013,3875795
1117,Lucinda,AULUC,Sea,Unknown,Unknown,0,0,0,Unknown,Unknown,"-18,53027","146,3307",AUS,AUS,Australia,01/01/1970,,,,01/11/2012,05/12/2013,2159397
1118,Broome,AUBME,Sea,Unknown,Unknown,0,0,0,Unknown,Unknown,"-17,97557","122,2269",AUS,AUS,Australia,01/01/1970,,,,01/11/2012,05/12/2013,2075720
1119,Mourilyan,AUMOU,Sea,Unknown,Unknown,0,0,0,Unknown,Unknown,"-17,59887","146,1255",AUS,AUS,Australia,01/01/1970,,,,01/11/2012,05/12/2013,2156472
1120,Vaitape,PFVAI,Sea,Unknown,Unknown,0,0,0,Unknown,Unknown,"-16,51117","-151,7513",PYF,PYF,French Polynesia,01/01/1970,,,,01/11/2012,05/12/2013,4033077
1121,Yampi,AUYAM,Sea,Unknown,Unknown,0,0,0,Unknown,Unknown,"-16,11767","123,6855",AUS,AUS,Australia,01/01/1970,,,,01/11/2012,16/01/2015,999999999
1122,San Juan,PESJA,Sea,Unknown,Unknown,0,0,0,Unknown,Unknown,"-15,35647","-75,15993",,PER,,01/01/1970,,,,01/11/2012,14/06/2017,3929520
1123,Cape Flattery,AUCQP,Sea,Unknown,Unknown,0,0,0,Unknown,Unknown,"-14,95467","145,3521",AUS,AUS,Australia,01/01/1970,,,,01/11/2012,16/01/2015,999999999
1124,Ilheus,BRIOS,Sea,Unknown,Unknown,0,0,0,Unknown,Unknown,"-14,78147","-39,0321",BRA,BRA,Brazil,01/01/1970,,,,01/11/2012,05/12/2013,3461408
1125,Tambo De Mora,PETDM,Sea,Unknown,Unknown,0,0,0,Unknown,Unknown,"-13,47125","-76,19091",,PER,,01/01/1970,,,,01/11/2012,14/06/2017,3927962
1126,Bathurst Island,AUBRT,Sea,Unknown,Unknown,0,0,0,Unknown,Unknown,"-11,48027","130,1755",AUS,AUS,Australia,01/01/1970,,,,01/11/2012,16/01/2015,999999999
1127,Aracaju,BRAJU,Sea,Unknown,Unknown,0,0,0,Unknown,Unknown,"-10,90807","-37,0531",BRA,BRA,Brazil,01/01/1970,,,,01/11/2012,05/12/2013,3471872
1128,Thursday Island,AUTIS,Sea,Unknown,Unknown,0,0,0,Unknown,Unknown,"-10,58257","142,2877",AUS,AUS,Australia,01/01/1970,,,,01/11/2012,16/01/2015,999999999
1129,Maceio,BRMCZ,Sea,Unknown,Unknown,0,0,0,Unknown,Unknown,"-9,67337","-35,7276",BRA,BRA,Brazil,01/01/1970,,,,01/11/2012,05/12/2013,3395981
1130,Taiohae,PFTAI,Sea,Unknown,Unknown,0,0,0,Unknown,Unknown,"-8,93927","-140,0551",PYF,PYF,French Polynesia,01/01/1970,,,,01/11/2012,05/12/2013,8063344
1131,Funafuti,TVFUN,Sea,Unknown,Unknown,0,0,0,Unknown,Unknown,"-8,49767","179,1897",TUV,TUV,Tuvalu,01/01/1970,,,,01/11/2012,05/12/2013,2110394
1132,Trujillo,PETRU,Sea,Unknown,Unknown,0,0,0,Unknown,Unknown,"-8,07882","-79,12117",PER,PER,Peru,01/01/1970,,,,01/11/2012,14/06/2017,3691175
1133,Tsuruga,JPTRG,Sea,Unknown,Unknown,0,0,0,Unknown,Unknown,"35,65833","136,0649",JPN,JPN,Japan,01/01/1970,,,,01/11/2012,05/12/2013,1849592
1134,Cabedelo,BRCDO,Sea,Unknown,Unknown,0,0,0,Unknown,Unknown,"-6,96597","-34,8309",BRA,BRA,Brazil,01/01/1970,,,,01/11/2012,05/12/2013,3404558
1135,Choiseul Bay,SBCHY,Sea,Unknown,Unknown,0,0,0,Unknown,Unknown,"-6,68667","156,4077",SLB,SLB,Solomon Islands,01/01/1970,,,,01/11/2012,20/01/2015,2104192
1136,Fortaleza,BRFOR,Sea,Unknown,Unknown,0,0,0,Unknown,Unknown,"-3,71867","-38,5306",BRA,BRA,Brazil,01/01/1970,,,,01/11/2012,05/12/2013,3399415
1137,Tutoia,BRTUT,Sea,Unknown,Unknown,0,0,0,Unknown,Unknown,"-2,76537","-42,2596",BRA,BRA,Brazil,01/01/1970,,,,01/11/2012,05/12/2013,3385899
1138,Vila De Conde,BRVDC,Sea,Unknown,Unknown,0,0,0,Unknown,Unknown,"-1,54727","-48,7616",BRA,BRA,Brazil,01/01/1970,,,,01/11/2012,16/01/2015,3405870
1139,Gan Island,MVGAN,Sea,Unknown,Unknown,0,0,0,Unknown,Unknown,"-0,68307","73,1685",MDV,MDV,Maldives,01/01/1970,,,,01/11/2012,19/01/2015,999999999
1140,Nauru Island,NRINU,Sea,Unknown,Unknown,0,0,0,Unknown,Unknown,"-0,53477","166,9379",NRU,NRU,Nauru,01/01/1970,,,,01/11/2012,19/01/2015,7626461
1141,Macapa,BRMCP,Sea,Unknown,Unknown,0,0,0,Unknown,Unknown,"0,02803","-51,0391",BRA,BRA,Brazil,01/01/1970,,,,01/11/2012,05/12/2013,3396016
1142,Tarawa,KITRW,Sea,Unknown,Unknown,0,0,0,Unknown,Unknown,"1,32813","172,9803",KIR,KIR,Kiribati,01/01/1970,,,,01/11/2012,05/12/2013,2110257
1143,Lingga,MYLGG,Sea,Unknown,Unknown,0,0,0,Unknown,Unknown,"1,36453","111,1669",MYS,MYS,Malaysia,01/01/1970,,,,01/11/2012,05/12/2013,1735756
1144,Woodlands,SGWDL,Sea,Unknown,Unknown,0,0,0,Unknown,Unknown,"1,42793","103,6885",SGP,SGP,Singapore,01/01/1970,,,,01/11/2012,05/12/2013,1882316
1145,Jambongan,MYJAM,Sea,Unknown,Unknown,0,0,0,Unknown,Unknown,"1,45143","103,7621",MYS,MYS,Malaysia,01/01/1970,,,,01/11/2012,19/01/2015,1732752
1146,Tanjong Mani,MYTMI,Sea,Unknown,Unknown,0,0,0,Unknown,Unknown,"2,15273","111,3489",MYS,MYS,Malaysia,01/01/1970,,,,01/11/2012,05/12/2013,1735825
1147,Tanjong Kling,MYTKL,Sea,Unknown,Unknown,0,0,0,Unknown,Unknown,"2,15733","111,3355",MYS,MYS,Malaysia,01/01/1970,,,,01/11/2012,19/01/2015,1735825
1148,El Meks,,Sea,Unknown,Open,0,0,0,Unknown,Unknown,"31,15088","29,84909",EGY,EGY,Egypt,01/01/1970,,,,01/11/2012,05/12/2013,360805
1149,Port Dickson,MYPDI,Sea,Unknown,Unknown,0,0,0,Unknown,Unknown,"2,51933","101,8017",MYS,MYS,Malaysia,01/01/1970,,,,01/11/2012,05/12/2013,1734815
1150,Bintulu,MYBTU,Sea,Unknown,Unknown,0,0,0,Unknown,Unknown,"3,18693","113,0295",MYS,MYS,Malaysia,01/01/1970,,,,01/11/2012,05/12/2013,1737486
1151,Kuantan,MYKUA,Sea,Unknown,Unknown,0,0,0,Unknown,Unknown,"3,96303","103,4335",MYS,MYS,Malaysia,01/01/1970,,,,01/11/2012,05/12/2013,8306375
1152,Male,MVMLE,Sea,Unknown,Unknown,0,0,0,Unknown,Unknown,"4,16603","73,5015",MDV,MDV,Maldives,01/01/1970,,,,01/11/2012,05/12/2013,1282027
1153,Wallace Bay,MYWAL,Sea,Unknown,Unknown,0,0,0,Unknown,Unknown,"4,24733","117,6531",MYS,MYS,Malaysia,01/01/1970,,,,01/11/2012,05/12/2013,1734188
1154,Tawau,MYTWU,Sea,Unknown,Unknown,0,0,0,Unknown,Unknown,"4,25013","117,8713",MYS,MYS,Malaysia,01/01/1970,,,,01/11/2012,05/12/2013,1734199
1155,Kemaman,MYKEM,Sea,Unknown,Unknown,0,0,0,Unknown,Unknown,"4,25483","103,4779",MYS,MYS,Malaysia,01/01/1970,,,,01/11/2012,05/12/2013,1768409
1156,Miri,MYMYY,Sea,Unknown,Unknown,0,0,0,Unknown,Unknown,"4,38113","113,9689",MYS,MYS,Malaysia,01/01/1970,,,,01/11/2012,05/12/2013,1738050
1157,Kerteh Terminal,MYKET,Sea,Unknown,Unknown,0,0,0,Unknown,Unknown,"4,56453","103,4707",MYS,MYS,Malaysia,01/01/1970,,,,01/11/2012,05/12/2013,1734316
1158,Seria,BNSER,Sea,Unknown,Unknown,0,0,0,Unknown,Unknown,"4,61293","114,3009",BRN,BRN,Brunei Darussalam,01/01/1970,,,,01/11/2012,05/12/2013,1820187
1159,Lumut,BNLUM,Sea,Unknown,Unknown,0,0,0,Unknown,Unknown,"4,67493","114,4671",BRN,BRN,Brunei Darussalam,01/01/1970,,,,01/11/2012,20/01/2015,1820704
1160,Tanjong Salirong,BNTAS,Sea,Unknown,Unknown,0,0,0,Unknown,Unknown,"4,87953","115,0991",BRN,BRN,Brunei Darussalam,01/01/1970,,,,01/11/2012,16/01/2015,1820906
1161,Bakapit,MYBKP,Sea,Unknown,Unknown,0,0,0,Unknown,Unknown,"4,95453","118,5755",MYS,MYS,Malaysia,01/01/1970,,,,01/11/2012,05/12/2013,1781820
1162,Lahad Datu,MYLDU,Sea,Unknown,Unknown,0,0,0,Unknown,Unknown,"5,02433","118,3273",MYS,MYS,Malaysia,01/01/1970,,,,01/11/2012,05/12/2013,1733953
1163,Sipitang,MYSPT,Sea,Unknown,Unknown,0,0,0,Unknown,Unknown,"5,06873","115,5403",MYS,MYS,Malaysia,01/01/1970,,,,01/11/2012,05/12/2013,1733868
1164,Labuan,MYLBU,Sea,Unknown,Unknown,0,0,0,Unknown,Unknown,"5,27473","115,2529",MYS,MYS,Malaysia,01/01/1970,,,,01/11/2012,05/12/2013,7302815
1165,Labuan Hadji,MYLBH,Sea,Unknown,Unknown,0,0,0,Unknown,Unknown,"5,28383","115,1723",MYS,MYS,Malaysia,01/01/1970,,,,01/11/2012,19/01/2015,999999999
1166,Bagan Luar,MYBWH,Sea,Unknown,Unknown,0,0,0,Unknown,Unknown,"5,41093","100,3421",MYS,MYS,Malaysia,01/01/1970,,,,01/11/2012,05/12/2013,1781984
1167,Sandakan,MYSDK,Sea,Unknown,Unknown,0,0,0,Unknown,Unknown,"5,83803","118,1167",MYS,MYS,Malaysia,01/01/1970,,,,01/11/2012,05/12/2013,1734052
1168,Kota Kinabalu,MYBKI,Sea,Unknown,Unknown,0,0,0,Unknown,Unknown,"5,97153","116,0667",MYS,MYS,Malaysia,01/01/1970,,,,01/11/2012,05/12/2013,1733432
1169,Langkawi,MYLGK,Sea,Unknown,Unknown,0,0,0,Unknown,Unknown,"6,42183","99,7601",MYS,MYS,Malaysia,01/01/1970,,,,01/11/2012,19/01/2015,999999999
1170,Turbo,COTRB,Sea,Unknown,Unknown,0,0,0,Unknown,Unknown,"8,08929","-76,73191",COL,COL,Colombia,01/01/1970,,,,01/11/2012,07/04/2017,3666570
1171,Tagoloan Mis. Or,PHTGO,Sea,Unknown,Unknown,0,0,0,Unknown,Unknown,"8,53805","124,74277",PHL,PHL,Philippines,01/01/1970,,,,01/11/2012,05/12/2013,1684379
1172,Taroa,MHTAR,Sea,Unknown,Unknown,0,0,0,Unknown,Unknown,"8,71573","171,2339",MHL,MHL,Marshall Islands,01/01/1970,,,,01/11/2012,05/12/2013,4039539
1173,Tuticorin,INTUT,Sea,Medium,Unknown,0,0,0,Unknown,Unknown,"8,74983","78,1953",IND,IND,India,01/01/1970,,,,01/11/2012,05/05/2015,8629640
1174,Gingoog,PHGIN,Sea,Unknown,Unknown,0,0,0,Unknown,Unknown,"8,82713","125,1003",PHL,PHL,Philippines,01/01/1970,,,,01/11/2012,05/12/2013,1712875
1175,Neendhakara,INNEE,Sea,Unknown,Unknown,0,0,0,Unknown,Unknown,"8,92893","76,5425",IND,IND,India,01/01/1970,,,,01/11/2012,05/12/2013,1261323
1176,Coloncha,VECOL,Sea,Unknown,Unknown,0,0,0,Unknown,Unknown,"9,20313","-71,7521",VEN,VEN,Venezuela,01/01/1970,,,,01/11/2012,05/12/2013,3646933
1177,Bais,PHBAI,Sea,Unknown,Unknown,0,0,0,Unknown,Unknown,"9,58443","123,1349",PHL,PHL,Philippines,01/01/1970,,,,01/11/2012,05/12/2013,1728772
1178,San Lorenzo / Maracaibo L,VESLV,Sea,Unknown,Unknown,0,0,0,Unknown,Unknown,"9,79173","-71,0739",VEN,VEN,Venezuela,01/01/1970,,,,01/11/2012,05/12/2013,3628027
1179,Catia La Mar,VECLM,Sea,Unknown,Unknown,0,0,0,Unknown,Unknown,"10,60873","-67,0291",VEN,VEN,Venezuela,01/01/1970,,,,01/11/2012,05/12/2013,3646190
1180,Anamur,TRANA,Sea,Unknown,Unknown,0,0,0,Unknown,Unknown,"36,05263","32,8577",TUR,TUR,Turkey,01/01/1970,,,,01/11/2012,05/12/2013,323828
1181,El Tablazo / Maracaibo L,VEETV,Sea,Unknown,Unknown,0,0,0,Unknown,Unknown,"10,73933","-71,531",VEN,VEN,Venezuela,01/01/1970,,,,01/11/2012,05/12/2013,3789547
1182,Nagapattinam,INNPT,Sea,Unknown,Unknown,0,0,0,Unknown,Unknown,"10,76533","79,8543",IND,IND,India,01/01/1970,,,,01/11/2012,05/12/2013,1262260
1183,Karikal,INKRK,Sea,Unknown,Unknown,0,0,0,Unknown,Unknown,"10,92513","79,8567",IND,IND,India,01/01/1970,,,,01/11/2012,05/12/2013,1267887
1184,Pampatar,VEPMP,Sea,Unknown,Unknown,0,0,0,Unknown,Unknown,"11,00973","-63,7894",VEN,VEN,Venezuela,01/01/1970,,,,01/11/2012,05/12/2013,3630893
1185,Tellicherry,INTEL,Sea,Unknown,Unknown,0,0,0,Unknown,Unknown,"11,74213","75,4867",IND,IND,India,01/01/1970,,,,01/11/2012,05/12/2013,1254780
1186,Culion,PHCUJ,Sea,Unknown,Unknown,0,0,0,Unknown,Unknown,"11,92133","120,0561",PHL,PHL,Philippines,01/01/1970,,,,01/11/2012,05/12/2013,1716526
1187,Perim Island,YEPRM,Sea,Unknown,Unknown,0,0,0,Unknown,Unknown,"12,65153","43,4165",YEM,,Yemen,20/02/2017,,,,01/11/2012,20/02/2017,72736
1188,Chennai,INMAA,Sea,Large,Unknown,0,0,0,Unknown,Unknown,"13,09853","80,2971",IND,IND,India,01/01/1970,,,,01/11/2012,05/05/2015,1264527
1189,Hondagua,PHHON,Sea,Unknown,Unknown,0,0,0,Unknown,Unknown,"13,94453","122,2187",PHL,PHL,Philippines,01/01/1970,,,,01/11/2012,05/12/2013,1711538
1190,Cavite,PHCVE,Sea,Unknown,Unknown,0,0,0,Unknown,Unknown,"14,48093","120,9047",PHL,PHL,Philippines,01/01/1970,,,,01/11/2012,05/12/2013,1717641
1191,Ras Al Kalib,YERAK,Sea,Unknown,Unknown,0,0,0,Unknown,Unknown,"14,91153","42,8781",YEM,,Yemen,20/02/2017,,,,01/11/2012,20/02/2017,79415
1192,Mormugao,INMRM,Sea,Medium,Unknown,0,0,0,Unknown,Unknown,"15,40303","73,7999",IND,IND,India,01/01/1970,,,,01/11/2012,05/05/2015,1263494
1193,Salalah,OMRAY,Sea,Large,Open,16,0,0,Yes,Accurate,"16,93874","53,99858",OMN,"OMN,YEM",Oman,01/01/1970,,,,01/11/2012,15/09/2015,286750
1194,Kakinada,INKAK,Sea,Medium,Unknown,0,0,0,Unknown,Unknown,"16,93263","82,2613",IND,IND,India,01/01/1970,,,,01/11/2012,05/05/2015,1268561
1195,Sanya,CNSYX,Sea,Unknown,Unknown,0,0,0,Unknown,Unknown,"18,23103","109,4935",CHN,CHN,China,01/01/1970,,,,01/11/2012,05/12/2013,1796556
1196,Jawaharlal Nehru,INNSA,Sea,Unknown,Unknown,0,0,0,Unknown,Unknown,"18,95113","72,9611",IND,IND,India,01/01/1970,,,,01/11/2012,19/01/2015,1275339
1197,Veraval,INVVA,Sea,Medium,Unknown,0,0,0,Unknown,Unknown,"20,90433","70,3565",IND,IND,India,01/01/1970,,,,01/11/2012,05/05/2015,1253237
1198,Mangrol,INMGR,Sea,Unknown,Unknown,0,0,0,Unknown,Unknown,"21,10243","70,1075",IND,IND,India,01/01/1970,,,,01/11/2012,05/12/2013,1263752
1199,Zhanjiang,CNZHA,Sea,Unknown,Unknown,0,0,0,Unknown,Unknown,"21,18923","110,4017",CHN,CHN,China,01/01/1970,,,,01/11/2012,20/01/2015,1784990
1200,Bacolod,PHBCD,Sea,Unknown,Unknown,0,0,0,Planned,Unknown,"10,67183","122,9443",PHL,PHL,Philippines,01/01/1970,,,,01/11/2012,05/12/2013,1729564
1201,Catbalogan,PHCTS,Sea,Small,Unknown,0,0,0,Unknown,Unknown,"11,76113","124,8857",PHL,PHL,Philippines,01/01/1970,,,,01/11/2012,05/12/2013,1717911
1202,Jimenez,PHJNZ,Sea,Very Small,Unknown,0,0,0,Unknown,Unknown,"8,33337","123,85658",PHL,PHL,Philippines,01/01/1970,,,,01/11/2012,05/12/2013,1710181
1203,Puerto Princesa,PHPPS,Sea,Small,Unknown,0,0,0,Unknown,Unknown,"9,74358","118,7289",PHL,PHL,Philippines,01/01/1970,,,,01/11/2012,05/12/2013,1692685
1204,Tagbilaran,PHTAG,Sea,Small,Unknown,0,0,0,Unknown,Unknown,"9,65018","123,84943",PHL,PHL,Philippines,01/01/1970,,,,01/11/2012,05/12/2013,1684497
1205,Balogo,PHBLG,Sea,Medium,Open,0,0,0,Planned,Accurate,"13,75535","121,04302",PHL,PHL,Philippines,01/01/1970,,,,01/11/2012,05/12/2013,1726119
1206,Polloc,PHPLC,Sea,Medium,Open,0,0,0,Unknown,Accurate,"7,34783","124,22071",PHL,PHL,Philippines,01/01/1970,,,,01/11/2012,18/05/2016,1693112
1207,Beihai,CNBHY,Sea,Unknown,Unknown,0,0,0,Unknown,Unknown,"21,48393","109,0811",CHN,CHN,China,01/01/1970,,,,01/11/2012,05/12/2013,1816705
1208,Shuidong,CNSDG,Sea,Unknown,Unknown,0,0,0,Unknown,Unknown,"21,50333","111,0025",CHN,CHN,China,01/01/1970,,,,01/11/2012,05/12/2013,1794499
1209,Yangjiang,CNYJI,Sea,Unknown,Unknown,0,0,0,Unknown,Unknown,"21,81813","111,9713",CHN,CHN,China,01/01/1970,,,,01/11/2012,05/12/2013,1806408
1210,Hong Kong,HKHKG,Sea,Unknown,Unknown,0,0,0,Unknown,Unknown,"22,29183","114,1777",HKG,HKG,Hong Kong,01/01/1970,,,,01/11/2012,05/12/2013,1819729
1211,Okha,INOKH,Sea,Unknown,Unknown,0,0,0,Unknown,Unknown,"22,47023","69,0831",IND,IND,India,01/01/1970,,,,01/11/2012,05/12/2013,1261066
1212,Yantian,CNYTN,Sea,Unknown,Unknown,0,0,0,Unknown,Unknown,"22,57643","114,2607",CHN,CHN,China,01/01/1970,,,,01/11/2012,05/12/2013,1787075
1213,Kaohsiung,TWKHH,Sea,Unknown,Unknown,0,0,0,Unknown,Unknown,"22,60793","120,2609",CHN,CHN,China,01/01/1970,,,,01/11/2012,20/01/2015,1673820
1214,Navalakhi,INNAV,Sea,Medium,Unknown,0,0,0,Unknown,Unknown,"22,96573","70,4651",IND,IND,India,01/01/1970,,,,01/11/2012,05/05/2015,1261655
1215,Shantou,CNSWA,Sea,Unknown,Unknown,0,0,0,Unknown,Unknown,"23,34873","116,6653",CHN,CHN,China,01/01/1970,,,,01/11/2012,05/12/2013,1795940
1216,Hualien,TWHUN,Sea,Unknown,Unknown,0,0,0,Unknown,Unknown,"23,98973","121,6241",CHN,CHN,China,01/01/1970,,,,01/11/2012,16/01/2015,1674504
1217,Zhangzhou,CNZZU,Sea,Unknown,Unknown,0,0,0,Unknown,Unknown,"24,40953","118,0299",CHN,CHN,China,01/01/1970,,,,01/11/2012,16/01/2015,1785018
1218,Suao,TWSUO,Sea,Unknown,Unknown,0,0,0,Unknown,Unknown,"24,60243","121,8551",CHN,CHN,China,01/01/1970,,,,01/11/2012,20/01/2015,1674199
1219,Macau,MOFMM,Sea,Unknown,Unknown,0,0,0,Unknown,Unknown,"22,18703","113,5457",MAC,MAC,Macao,01/01/1970,,,,01/11/2012,05/12/2013,1821274
1220,Halul,QAHAL,Sea,Unknown,Unknown,0,0,0,Unknown,Unknown,"25,66243","52,4135",QAT,QAT,Qatar,01/01/1970,,,,01/11/2012,16/01/2015,999999999
1221,Fuzhou,CNFOC,Sea,Unknown,Unknown,0,0,0,Unknown,Unknown,"26,04653","119,2983",CHN,CHN,China,01/01/1970,,,,01/11/2012,05/12/2013,1810821
1222,Nishihara,JPNHR,Sea,Unknown,Unknown,0,0,0,Unknown,Unknown,"26,23683","127,7879",JPN,JPN,Japan,01/01/1970,,,,01/11/2012,05/12/2013,1855341
1223,Al Khobar,SAALK,Sea,Unknown,Unknown,0,0,0,Unknown,Unknown,"26,27583","50,2257",SAU,SAU,Saudi Arabia,01/01/1970,,,,01/11/2012,05/12/2013,109323
1224,Heianza,JPHEI,Sea,Unknown,Unknown,0,0,0,Unknown,Unknown,"26,32053","127,9105",JPN,JPN,Japan,01/01/1970,,,,01/11/2012,05/12/2013,1862933
1225,Kinwan,JPKIN,Sea,Unknown,Unknown,0,0,0,Unknown,Unknown,"26,35093","127,9621",JPN,JPN,Japan,01/01/1970,,,,01/11/2012,19/01/2015,1862933
1226,Miyazu,JPMIY,Sea,Unknown,Unknown,0,0,0,Unknown,Unknown,"35,53663","135,2029",JPN,JPN,Japan,01/01/1970,,,,01/11/2012,05/12/2013,1856703
1227,Juaymah Terminal,SAJUT,Sea,Unknown,Unknown,0,0,0,Unknown,Unknown,"26,92903","50,0535",SAU,SAU,Saudi Arabia,01/01/1970,,,,01/11/2012,20/01/2015,999999999
1228,Wenzhou,CNWNZ,Sea,Unknown,Unknown,0,0,0,Unknown,Unknown,"28,02533","120,6517",CHN,CHN,China,01/01/1970,,,,01/11/2012,05/12/2013,1791388
1229,Haimen,CNHME,Sea,Unknown,Unknown,0,0,0,Unknown,Unknown,"28,69153","121,4437",CHN,CHN,China,01/01/1970,,,,01/11/2012,20/01/2015,8400694
1230,Futajima,JPFUT,Sea,Unknown,Unknown,0,0,0,Unknown,Unknown,"33,59773","130,3825",JPN,JPN,Japan,01/01/1970,,,,01/11/2012,19/01/2015,1863967
1231,Zhoushan,CNZOS,Sea,Unknown,Unknown,0,0,0,Unknown,Unknown,"30,00693","122,0987",CHN,CHN,China,01/01/1970,,,,01/11/2012,20/01/2015,1886762
1232,Marsa El Brega,LYLMQ,Sea,Medium,Unknown,0,0,0,Unknown,Unknown,"30,41715","19,58225",,LBY,,01/01/1970,,,,01/11/2012,06/04/2017,2215210
1233,Ras Lanuf,LYRLA,Sea,Small,Unknown,0,0,0,Unknown,Unknown,"30,48744","18,58627",,LBY,,01/01/1970,,,,01/11/2012,06/04/2017,2212984
1234,Es Sider,LYESI,Sea,Very Small,Unknown,0,0,0,Unknown,Unknown,"30,63684","18,36643",LBY,LBY,Libya,01/01/1970,,,,01/11/2012,06/04/2017,2219340
1235,Zueitina,LYZUE,Sea,Very Small,Unknown,0,0,0,Unknown,Unknown,"30,89874","20,07456",,LBY,,01/01/1970,,,,01/11/2012,06/04/2017,88380
1236,Kiire,JPKII,Sea,Unknown,Unknown,0,0,0,Unknown,Unknown,"31,37533","130,5567",JPN,JPN,Japan,01/01/1970,,,,01/11/2012,05/12/2013,1859501
1237,Amamioshima,JPASJ,Sea,Unknown,Unknown,0,0,0,Unknown,Unknown,"31,56393","130,5651",JPN,JPN,Japan,01/01/1970,,,,01/11/2012,19/01/2015,7303136
1238,Jiangyin,CNJIA,Sea,Unknown,Unknown,0,0,0,Unknown,Unknown,"31,91133","120,2031",CHN,CHN,China,01/01/1970,,,,01/11/2012,20/01/2015,1796236
1239,Nantong,CNNTG,Sea,Unknown,Unknown,0,0,0,Unknown,Unknown,"32,00013","120,8187",CHN,CHN,China,01/01/1970,,,,01/11/2012,05/12/2013,1799722
1240,Misumi,JPMIS,Sea,Unknown,Unknown,0,0,0,Unknown,Unknown,"32,60103","130,4751",JPN,JPN,Japan,01/01/1970,,,,01/11/2012,19/01/2015,1862794
1241,Shimabara,JPSMB,Sea,Unknown,Unknown,0,0,0,Unknown,Unknown,"32,78883","130,3795",JPN,JPN,Japan,01/01/1970,,,,01/11/2012,05/12/2013,1852479
1242,Matsushima,JPMAT,Sea,Unknown,Unknown,0,0,0,Unknown,Unknown,"32,93193","129,6229",JPN,JPN,Japan,01/01/1970,,,,01/11/2012,19/01/2015,1852667
1243,Sakito,JPSTO,Sea,Unknown,Unknown,0,0,0,Unknown,Unknown,"33,00953","129,5625",JPN,JPN,Japan,01/01/1970,,,,01/11/2012,05/12/2013,1853099
1244,Tsukumi,JPTMI,Sea,Unknown,Unknown,0,0,0,Unknown,Unknown,"33,08083","131,8611",JPN,JPN,Japan,01/01/1970,,,,01/11/2012,05/12/2013,1849661
1245,Ainoura,JPAIN,Sea,Unknown,Unknown,0,0,0,Unknown,Unknown,"33,18763","129,6309",JPN,JPN,Japan,01/01/1970,,,,01/11/2012,05/12/2013,1865664
1246,Imari,JPIMI,Sea,Unknown,Unknown,0,0,0,Unknown,Unknown,"33,30433","129,8193",JPN,JPN,Japan,01/01/1970,,,,01/11/2012,05/12/2013,1861677
1247,Cheju,KRCHA,Sea,Unknown,Unknown,0,0,0,Unknown,Unknown,"33,51393","126,5123",KOR,KOR,Republic of Korea,01/01/1970,,,,01/11/2012,05/12/2013,1846266
1248,Nagahama,JPNGH,Sea,Unknown,Unknown,0,0,0,Unknown,Unknown,"33,61043","132,4813",JPN,JPN,Japan,01/01/1970,,,,01/11/2012,05/12/2013,1926080
1249,Ras Bahrgan,IRRBA,Sea,Unknown,Unknown,0,0,0,Unknown,Unknown,"29,72673","50,3357",IRN,IRN,Iran (Islamic Republic of),01/01/1970,,,,01/11/2012,19/01/2015,134217
1250,Kanda,JPKND,Sea,Unknown,Unknown,0,0,0,Unknown,Unknown,"33,78742","130,99792",JPN,JPN,Japan,01/01/1970,,,,01/11/2012,05/12/2013,1860234
1251,Kyrenia,CYKYR,Sea,Small,Open,0,0,0,Unknown,Unknown,"35,33673","33,3473",CYP,CYP,Cyprus,01/01/1970,,,,01/11/2012,23/12/2013,146412
1252,Takuma,JPTKM,Sea,Unknown,Unknown,0,0,0,Unknown,Unknown,"34,23183","133,6581",JPN,JPN,Japan,01/01/1970,,,,01/11/2012,05/12/2013,1850777
1253,Marugame,JPMAR,Sea,Unknown,Unknown,0,0,0,Unknown,Unknown,"34,26943","133,7491",JPN,JPN,Japan,01/01/1970,,,,01/11/2012,05/12/2013,1857665
1254,Izumisano,JPIZS,Sea,Unknown,Unknown,0,0,0,Unknown,Unknown,"34,41523","135,3229",JPN,JPN,Japan,01/01/1970,,,,01/11/2012,05/12/2013,1861091
1255,Sakai,JPSAK,Sea,Unknown,Unknown,0,0,0,Unknown,Unknown,"34,55545","135,41883",JPN,JPN,Japan,01/01/1970,,,,01/11/2012,05/12/2013,1853195
1256,Omaezaki,JPOMZ,Sea,Unknown,Unknown,0,0,0,Unknown,Unknown,"34,62215","138,21307",JPN,JPN,Japan,01/01/1970,,,,01/11/2012,05/12/2013,6822196
1257,Tahara,JPATM,Sea,Unknown,Unknown,0,0,0,Unknown,Unknown,"34,65413","137,0683",JPN,JPN,Japan,01/01/1970,,,,01/11/2012,19/01/2015,1851259
1258,Limassol,CYLMS,Sea,Unknown,Open,0,0,0,Unknown,Unknown,"34,68093","33,0645",CYP,CYP,Cyprus,01/01/1970,Lemesos,,,01/11/2012,23/12/2013,146384
1259,Yosu,KRYOS,Sea,Unknown,Unknown,0,0,0,Unknown,Unknown,"34,73153","127,7509",KOR,KOR,Republic of Korea,01/01/1970,,,,01/11/2012,05/12/2013,1884138
1260,Oshima,JPOSM,Sea,Unknown,Unknown,0,0,0,Unknown,Unknown,"34,74983","139,3575",JPN,JPN,Japan,01/01/1970,,,,01/11/2012,19/01/2015,8660346
1261,Mokpo,KRMOK,Sea,Unknown,Unknown,0,0,0,Unknown,Unknown,"34,76643","126,4035",KOR,KOR,Republic of Korea,01/01/1970,,,,01/11/2012,05/12/2013,1841066
1262,Kinuura,JPKNU,Sea,Unknown,Unknown,0,0,0,Unknown,Unknown,"34,82853","136,9373",JPN,JPN,Japan,01/01/1970,,,,01/11/2012,19/01/2015,1856057
1263,Hamada,JPHMD,Sea,Unknown,Unknown,0,0,0,Unknown,Unknown,"34,87263","132,0499",JPN,JPN,Japan,01/01/1970,,,,01/11/2012,05/12/2013,1863310
1264,Larnaca,CYLCA,Sea,Small,Open,0,0,0,Unknown,Unknown,"34,91023","33,6481",CYP,CYP,Cyprus,01/01/1970,,,,01/11/2012,23/12/2013,146400
1265,Tateyama,JPTTY,Sea,Unknown,Unknown,0,0,0,Unknown,Unknown,"34,98753","139,8587",JPN,JPN,Japan,01/01/1970,,,,01/11/2012,05/12/2013,1850523
1266,Shimizu,JPSMZ,Sea,Unknown,Unknown,0,0,0,Unknown,Unknown,"34,99983","138,5021",JPN,JPN,Japan,01/01/1970,,,,01/11/2012,05/12/2013,1852416
1267,Nagoya,JPNGO,Sea,Unknown,Unknown,0,0,0,Unknown,Unknown,"35,02735","136,84663",JPN,JPN,Japan,01/01/1970,,,,01/11/2012,19/01/2015,1856057
1268,Famagusta,CYFMG,Sea,Small,Open,0,0,0,Unknown,Unknown,"35,11953","33,9595",CYP,CYP,Cyprus,01/01/1970,,,,01/11/2012,23/12/2013,146617
1269,Yokosuka,JPYOS,Sea,Unknown,Unknown,0,0,0,Unknown,Unknown,"35,28433","139,6577",JPN,JPN,Japan,01/01/1970,,,,01/11/2012,05/12/2013,1848313
1270,Kalecik,CYKAL,Sea,Unknown,Open,0,0,0,Unknown,Unknown,"35,31693","33,9745",CYP,CYP,Cyprus,01/01/1970,Gastria,,,01/11/2012,19/01/2015,999999999
1271,Kisarazu,JPKZU,Sea,Unknown,Unknown,0,0,0,Unknown,Unknown,"35,38693","139,9205",JPN,JPN,Japan,01/01/1970,,,,01/11/2012,05/12/2013,1859393
1272,Uchiura,JPUCR,Sea,Unknown,Unknown,0,0,0,Unknown,Unknown,"35,52713","135,4965",JPN,JPN,Japan,01/01/1970,,,,01/11/2012,19/01/2015,1857766
1273,Sakaiminato,JPSMN,Sea,Unknown,Unknown,0,0,0,Unknown,Unknown,"35,53163","133,2477",JPN,JPN,Japan,01/01/1970,,,,01/11/2012,05/12/2013,1853174
1274,Chiba,JPCHB,Sea,Unknown,Unknown,0,0,0,Unknown,Unknown,"35,57636","140,09222",JPN,JPN,Japan,01/01/1970,,,,01/11/2012,05/12/2013,2113015
1275,Tsuiyama,JPTYM,Sea,Unknown,Unknown,0,0,0,Unknown,Unknown,"35,64503","134,8359",JPN,JPN,Japan,01/01/1970,,,,01/11/2012,05/12/2013,1849726
1276,Fukui,JPFKJ,Sea,Unknown,Unknown,0,0,0,Unknown,Unknown,"36,21873","136,1447",JPN,JPN,Japan,01/01/1970,,,,01/11/2012,19/01/2015,6822141
1277,Rhodes,GRRHO,Sea,Unknown,Unknown,0,0,0,Unknown,Unknown,"36,43533","28,2399",GRC,GRC,Greece,01/01/1970,,,,01/11/2012,19/01/2015,999999999
1278,Hitachi,JPHTC,Sea,Unknown,Unknown,0,0,0,Unknown,Unknown,"36,49573","140,6293",JPN,JPN,Japan,01/01/1970,,,,01/11/2012,19/01/2015,6822096
1279,Toyama,JPTOY,Sea,Unknown,Unknown,0,0,0,Unknown,Unknown,"36,75781","137,22828",JPN,JPN,Japan,01/01/1970,,,,01/11/2012,05/12/2013,1849876
1280,Pyongtaek,KRPTK,Sea,Unknown,Unknown,0,0,0,Unknown,Unknown,"36,89133","126,3945",KOR,KOR,Republic of Korea,01/01/1970,,,,01/11/2012,05/12/2013,1838343
1281,Nanao,JPNNO,Sea,Unknown,Unknown,0,0,0,Unknown,Unknown,"37,05153","136,9745",JPN,JPN,Japan,01/01/1970,,,,01/11/2012,05/12/2013,1855670
1282,Naoetsu,JPNAO,Sea,Unknown,Unknown,0,0,0,Unknown,Unknown,"37,17513","138,2331",JPN,JPN,Japan,01/01/1970,,,,01/11/2012,05/12/2013,1855620
1283,Wajima,JPWJM,Sea,Unknown,Unknown,0,0,0,Unknown,Unknown,"37,37033","136,7917",JPN,JPN,Japan,01/01/1970,,,,01/11/2012,19/01/2015,1848976
1284,Inchon,KRINC,Sea,Unknown,Unknown,0,0,0,Unknown,Unknown,"37,45913","126,6093",KOR,KOR,Republic of Korea,01/01/1970,,,,01/11/2012,19/01/2015,1843564
1285,Edincik,TREDK,Sea,Unknown,Unknown,0,0,0,Unknown,Unknown,"40,35893","27,8413",TUR,TUR,Turkey,01/01/1970,,,,01/11/2012,05/12/2013,747714
1286,Erdek,TRERK,Sea,Unknown,Unknown,0,0,0,Unknown,Unknown,"40,39313","27,8025",TUR,TUR,Turkey,01/01/1970,,,,01/11/2012,05/12/2013,747482
1287,Hachinohe,JPHHE,Sea,Unknown,Unknown,0,0,0,Unknown,Unknown,"40,54401","141,52266",JPN,JPN,Japan,01/01/1970,,,,01/11/2012,05/12/2013,2130203
1288,Hereke,TRHER,Sea,Unknown,Unknown,0,0,0,Unknown,Unknown,"40,70713","29,6215",TUR,TUR,Turkey,01/01/1970,,,,01/11/2012,05/12/2013,745660
1289,Golcuk,TRGOK,Sea,Unknown,Unknown,0,0,0,Unknown,Unknown,"40,73613","29,8147",TUR,TUR,Turkey,01/01/1970,,,,01/11/2012,05/12/2013,746666
1290,Diliskelesi,TRDIL,Sea,Unknown,Unknown,0,0,0,Unknown,Unknown,"40,74953","29,5173",TUR,TUR,Turkey,01/01/1970,,,,01/11/2012,20/01/2015,745652
1291,Tutunciftlik,TRTUT,Sea,Unknown,Unknown,0,0,0,Unknown,Unknown,"40,75413","29,7913",TUR,TUR,Turkey,01/01/1970,,,,01/11/2012,20/01/2015,737961
1292,Yarimca,TRYAR,Sea,Unknown,Unknown,0,0,0,Unknown,Unknown,"40,75693","29,7639",TUR,TUR,Turkey,01/01/1970,,,,01/11/2012,20/01/2015,737961
1293,Aomori,JPAOJ,Sea,Unknown,Unknown,0,0,0,Unknown,Unknown,"40,83133","140,7665",JPN,JPN,Japan,01/01/1970,,,,01/11/2012,05/12/2013,2130658
1294,Buyukcekmece,TRBCE,Sea,Unknown,Unknown,0,0,0,Unknown,Unknown,"41,02303","28,5891",TUR,TUR,Turkey,01/01/1970,,,,01/11/2012,05/12/2013,6947641
1295,Unye,TRUNY,Sea,Unknown,Unknown,0,0,0,Unknown,Unknown,"41,13953","37,3015",TUR,TUR,Turkey,01/01/1970,,,,01/11/2012,05/12/2013,738349
1296,Batumi,GEBUS,Sea,Unknown,Unknown,0,0,0,Unknown,Unknown,"41,65333","41,6509",GEO,GEO,Georgia,01/01/1970,,,,01/11/2012,05/12/2013,615532
1297,Hakodate,JPHKD,Sea,Unknown,Unknown,0,0,0,Unknown,Unknown,"41,77393","140,7295",JPN,JPN,Japan,01/01/1970,,,,01/11/2012,05/12/2013,2130188
1298,Cide,TRCID,Sea,Unknown,Unknown,0,0,0,Unknown,Unknown,"41,91653","33,0111",TUR,TUR,Turkey,01/01/1970,,,,01/11/2012,05/12/2013,749183
1299,Ayancik,TRAYA,Sea,Unknown,Unknown,0,0,0,Unknown,Unknown,"41,94953","34,5779",TUR,TUR,Turkey,01/01/1970,,,,01/11/2012,05/12/2013,751516
1300,Mori,JPMOR,Sea,Unknown,Unknown,0,0,0,Unknown,Unknown,"42,11043","140,5645",JPN,JPN,Japan,01/01/1970,,,,01/11/2012,05/12/2013,2129142
1301,Poti,GEPTI,Sea,Unknown,Unknown,0,0,0,Unknown,Unknown,"42,15033","41,6521",GEO,GEO,Georgia,01/01/1970,,,,01/11/2012,05/12/2013,612366
1302,Posyet,RUPSE,Sea,Unknown,Unknown,0,0,0,Unknown,Unknown,"42,65433","130,8147",RUS,RUS,Russian Federation,01/01/1970,,,,01/11/2012,05/12/2013,2017728
1303,Kushiro,JPKUH,Sea,Unknown,Unknown,0,0,0,Unknown,Unknown,"42,96753","144,3637",JPN,JPN,Japan,01/01/1970,,,,01/11/2012,05/12/2013,2129376
1304,Otaru,JPOTR,Sea,Unknown,Unknown,0,0,0,Unknown,Unknown,"43,19953","141,0087",JPN,JPN,Japan,01/01/1970,,,,01/11/2012,05/12/2013,2128574
1305,Nemuro,JPNEM,Sea,Unknown,Unknown,0,0,0,Unknown,Unknown,"43,32713","145,5757",JPN,JPN,Japan,01/01/1970,,,,01/11/2012,05/12/2013,2128975
1306,Sochi,RUSOC,Sea,Unknown,Unknown,0,0,0,Unknown,Unknown,"43,56843","39,7303",RUS,RUS,Russian Federation,01/01/1970,,,,01/11/2012,05/12/2013,491422
1307,Mangalia,ROMAG,Sea,Unknown,Unknown,0,0,0,Unknown,Unknown,"43,81483","28,5943",ROU,ROU,Romania,01/01/1970,,,,01/11/2012,05/12/2013,673921
1308,Rumoi,JPRMI,Sea,Unknown,Unknown,0,0,0,Unknown,Unknown,"43,94733","141,6409",JPN,JPN,Japan,01/01/1970,,,,01/11/2012,05/12/2013,2128382
1309,Monbetsu,JPMBE,Sea,Unknown,Unknown,0,0,0,Unknown,Unknown,"44,34933","143,3625",JPN,JPN,Japan,01/01/1970,,,,01/11/2012,05/12/2013,2129163
1310,Novorossiysk,RUNVS,Sea,Unknown,Unknown,0,0,0,Unknown,Unknown,"44,71353","37,7883",RUS,RUS,Russian Federation,01/01/1970,,,,01/11/2012,05/12/2013,518255
1311,Berdyansk,UAERD,Sea,Small,Open,0,0,0,No,Accurate,"46,75227","36,77824",UKR,UKR,Ukraine,02/03/2014,,,http://www.worldportsource.com,01/11/2012,02/03/2014,712451
1312,Kholmsk,RUKHO,Sea,Unknown,Unknown,0,0,0,Unknown,Unknown,"47,04993","142,0505",RUS,RUS,Russian Federation,01/01/1970,,,,01/11/2012,05/12/2013,2124615
1313,Uglegorsk,RUUGL,Sea,Unknown,Unknown,0,0,0,Unknown,Unknown,"49,05983","142,0289",RUS,RUS,Russian Federation,01/01/1970,,,,01/11/2012,05/12/2013,2120261
1314,Okhotsk,RUOHO,Sea,Unknown,Unknown,0,0,0,Unknown,Unknown,"59,34773","143,1811",RUS,RUS,Russian Federation,01/01/1970,,,,01/11/2012,20/01/2015,2122605
1315,Tammisaari,FITAI,Sea,Unknown,Unknown,0,0,0,Unknown,Unknown,"59,97813","23,4319",FIN,FIN,Finland,01/01/1970,,,,01/11/2012,16/01/2015,999999999
1316,Kronshtadt,RUKDT,Sea,Unknown,Unknown,0,0,0,Unknown,Unknown,"59,98853","29,7751",RUS,RUS,Russian Federation,01/01/1970,,,,01/11/2012,05/12/2013,540771
1317,Parainen,FIPAR,Sea,Unknown,Unknown,0,0,0,Unknown,Unknown,"60,29733","22,3035",FIN,FIN,Finland,01/01/1970,,,,01/11/2012,05/12/2013,642199
1318,Porvoo,FIPRV,Sea,Unknown,Unknown,0,0,0,Unknown,Unknown,"60,29993","25,5515",FIN,FIN,Finland,01/01/1970,,,,01/11/2012,16/01/2015,999999999
1319,Tolkkinen,FITOK,Sea,Unknown,Unknown,0,0,0,Unknown,Unknown,"60,32973","25,5833",FIN,FIN,Finland,01/01/1970,,,,01/11/2012,05/12/2013,634246
1320,Primorsk,RUPRI,Sea,Unknown,Unknown,0,0,0,Unknown,Unknown,"60,36253","28,6245",RUS,RUS,Russian Federation,01/01/1970,,,,01/11/2012,05/12/2013,505269
1321,Beringovskiy,RUBER,Sea,Unknown,Unknown,0,0,0,Unknown,Unknown,"63,05473","179,3445",RUS,RUS,Russian Federation,01/01/1970,,,,01/11/2012,05/12/2013,2126710
1322,Arkhangelsk,RUARH,Sea,Unknown,Unknown,0,0,0,Unknown,Unknown,"64,56153","40,5291",RUS,RUS,Russian Federation,01/01/1970,,,,01/11/2012,05/12/2013,581049
1323,Severodvinsk,RUSEW,Sea,Unknown,Unknown,0,0,0,Unknown,Unknown,"64,58213","39,8091",RUS,RUS,Russian Federation,01/01/1970,,,,01/11/2012,05/12/2013,496285
1324,Anadyr,RUDYR,Sea,Unknown,Unknown,0,0,0,Unknown,Unknown,"64,73613","177,5237",RUS,RUS,Russian Federation,01/01/1970,,,,01/11/2012,05/12/2013,2127202
1325,Kemi,FIKEM,Sea,Unknown,Unknown,0,0,0,Unknown,Unknown,"65,67933","24,5275",FIN,FIN,Finland,01/01/1970,,,,01/11/2012,05/12/2013,653281
1326,Kandalaksha,RUKAN,Sea,Unknown,Unknown,0,0,0,Unknown,Unknown,"67,15393","32,3671",RUS,RUS,Russian Federation,01/01/1970,,,,01/11/2012,05/12/2013,553190
1327,Imam Hasan,IRIMH,Sea,Unknown,Unknown,0,0,0,Unknown,Unknown,"29,86353","50,2285",IRN,IRN,Iran (Islamic Republic of),01/01/1970,,,,01/11/2012,05/12/2013,135446
1328,Akrotiri,CYAKT,Sea,Unknown,Open,0,0,0,Unknown,Unknown,"34,57563","32,9891",CYP,CYP,Cyprus,01/01/1970,,,,01/11/2012,19/01/2015,999999999
1329,Ilyichevsk,UAILK,Sea,Medium,Open,0,0,0,No,Accurate,"46,34014","30,64053",UKR,UKR,Ukraine,02/03/2014,,,http://www.worldportsource.com,01/11/2012,02/03/2014,707688
1330,Kaitangata,NZKTG,Sea,Unknown,Unknown,0,0,0,Unknown,Unknown,"-46,32637","169,8333",NZL,NZL,New Zealand,01/01/1970,,,,01/11/2012,05/12/2013,2208245
1331,Dunedin,NZDUD,Sea,Unknown,Unknown,0,0,0,Unknown,Unknown,"-45,88427","170,5057",NZL,NZL,New Zealand,01/01/1970,,,,01/11/2012,05/12/2013,2191562
1332,Comodoro Rivadavia,ARCRD,Sea,Unknown,Unknown,0,0,0,Unknown,Unknown,"-45,86217","-67,4698",ARG,ARG,Argentina,01/01/1970,,,,01/11/2012,05/12/2013,3860443
1333,Otago Harbour,NZORR,Sea,Unknown,Unknown,0,0,0,Unknown,Unknown,"-45,79827","170,6249",NZL,NZL,New Zealand,01/01/1970,,,,01/11/2012,16/01/2015,999999999
1334,Oamaru,NZOAM,Sea,Unknown,Unknown,0,0,0,Unknown,Unknown,"-45,07397","171,0069",NZL,NZL,New Zealand,01/01/1970,,,,01/11/2012,05/12/2013,6215045
1335,Timaru,NZTIU,Sea,Unknown,Unknown,0,0,0,Unknown,Unknown,"-44,40067","171,2581",NZL,NZL,New Zealand,01/01/1970,,,,01/11/2012,05/12/2013,2181133
1336,Lyttelton,NZLYT,Sea,Unknown,Unknown,0,0,0,Unknown,Unknown,"-43,60387","172,7173",NZL,NZL,New Zealand,01/01/1970,,,,01/11/2012,05/12/2013,6220981
1337,Christchurch,NZCHC,Sea,Unknown,Unknown,0,0,0,Unknown,Unknown,"-43,55477","172,7057",NZL,NZL,New Zealand,01/01/1970,,,,01/11/2012,05/12/2013,2192362
1338,Strahan,AUSRN,Sea,Unknown,Unknown,0,0,0,Unknown,Unknown,"-42,15807","145,3273",AUS,AUS,Australia,01/01/1970,,,,01/11/2012,05/12/2013,2148132
1339,Blenheim,NZBHE,Sea,Unknown,Unknown,0,0,0,Unknown,Unknown,"-41,65227","174,0841",NZL,NZL,New Zealand,01/01/1970,,,,01/11/2012,16/01/2015,999999999
1340,Launceston,AULST,Sea,Unknown,Unknown,0,0,0,Unknown,Unknown,"-41,44017","147,1267",AUS,AUS,Australia,01/01/1970,,,,01/11/2012,05/12/2013,2160517
1341,Wellington,NZWLG,Sea,Unknown,Unknown,0,0,0,Unknown,Unknown,"-41,32017","174,8073",NZL,NZL,New Zealand,01/01/1970,,,,01/11/2012,05/12/2013,2179537
1342,Picton,NZPCN,Sea,Unknown,Unknown,0,0,0,Unknown,Unknown,"-41,29357","174,0065",NZL,NZL,New Zealand,01/01/1970,,,,01/11/2012,05/12/2013,6243776
1343,Kanazawa,JPKNZ,Sea,Unknown,Unknown,0,0,0,Unknown,Unknown,"36,60173","136,5919",JPN,JPN,Japan,01/01/1970,,,,01/11/2012,05/12/2013,1860243
1344,Bell Bay,AUBEL,Sea,Unknown,Unknown,0,0,0,Unknown,Unknown,"-41,18997","146,8423",AUS,AUS,Australia,01/01/1970,,,,01/11/2012,05/12/2013,2176330
1345,Ulverstone,AUULV,Sea,Unknown,Unknown,0,0,0,Unknown,Unknown,"-41,15487","146,1819",AUS,AUS,Australia,01/01/1970,,,,01/11/2012,05/12/2013,2145532
1346,Motueka,NZMZP,Sea,Unknown,Unknown,0,0,0,Unknown,Unknown,"-41,09917","173,0067",NZL,NZL,New Zealand,01/01/1970,,,,01/11/2012,05/12/2013,2184361
1347,Corral,CLCRR,Sea,Unknown,Unknown,0,0,0,Unknown,Unknown,"-39,88537","-73,4248",CHL,CHL,Chile,01/01/1970,,,,01/11/2012,05/12/2013,3893516
1348,King Bay,AUKIB,Sea,Unknown,Unknown,0,0,0,Unknown,Unknown,"-39,87047","144,1055",AUS,AUS,Australia,01/01/1970,,,,01/11/2012,16/01/2015,999999999
1349,Waverley Harbour,NZWAV,Sea,Unknown,Unknown,0,0,0,Unknown,Unknown,"-39,83457","174,6365",NZL,NZL,New Zealand,01/01/1970,,,,01/11/2012,05/12/2013,2179581
1350,Napier,NZNPE,Sea,Unknown,Unknown,0,0,0,Unknown,Unknown,"-39,48117","176,8919",NZL,NZL,New Zealand,01/01/1970,,,,01/11/2012,05/12/2013,2186313
1351,Wairoa,NZWIR,Sea,Unknown,Unknown,0,0,0,Unknown,Unknown,"-39,04827","177,4341",NZL,NZL,New Zealand,01/01/1970,,,,01/11/2012,05/12/2013,2206808
1352,Bahia Blanca,ARBHI,Sea,Unknown,Unknown,0,0,0,Unknown,Unknown,"-38,75997","-62,3498",ARG,ARG,Argentina,01/01/1970,,,,01/11/2012,05/12/2013,3865086
1353,Gisborne,NZGIS,Sea,Unknown,Unknown,0,0,0,Unknown,Unknown,"-38,67587","177,9893",NZL,NZL,New Zealand,01/01/1970,,,,01/11/2012,05/12/2013,2206854
1354,Necochea,ARNEC,Sea,Unknown,Unknown,0,0,0,Unknown,Unknown,"-38,57747","-58,7038",ARG,ARG,Argentina,01/01/1970,,,,01/11/2012,05/12/2013,3430443
1355,Warrnambool,AUWMB,Sea,Unknown,Unknown,0,0,0,Unknown,Unknown,"-38,39507","142,4839",AUS,AUS,Australia,01/01/1970,,,,01/11/2012,05/12/2013,2144528
1356,Portland,AUPTJ,Sea,Unknown,Unknown,0,0,0,Unknown,Unknown,"-38,33317","141,6065",AUS,AUS,Australia,01/01/1970,,,,01/11/2012,05/12/2013,2152667
1357,Geelong,AUGEX,Sea,Unknown,Unknown,0,0,0,Unknown,Unknown,"-38,14847","144,3611",AUS,AUS,Australia,01/01/1970,,,,01/11/2012,05/12/2013,2165798
1358,Melbourne,AUMEL,Sea,Unknown,Unknown,0,0,0,Unknown,Unknown,"-37,82427","144,9465",AUS,AUS,Australia,01/01/1970,,,,01/11/2012,05/12/2013,2158177
1359,Tauranga,NZTRG,Sea,Unknown,Unknown,0,0,0,Unknown,Unknown,"-37,69417","176,1619",NZL,NZL,New Zealand,01/01/1970,,,,01/11/2012,05/12/2013,2208032
1360,Onehunga,NZONE,Sea,Unknown,Unknown,0,0,0,Unknown,Unknown,"-36,93387","174,8215",NZL,NZL,New Zealand,01/01/1970,,,,01/11/2012,16/01/2015,999999999
1361,Auckland,NZAKL,Sea,Unknown,Unknown,0,0,0,Unknown,Unknown,"-36,86527","174,7897",NZL,NZL,New Zealand,01/01/1970,,,,01/11/2012,05/12/2013,2193733
1362,Dargaville,NZDGR,Sea,Unknown,Unknown,0,0,0,Unknown,Unknown,"-35,95537","173,8631",NZL,NZL,New Zealand,01/01/1970,,,,01/11/2012,05/12/2013,2191911
1363,Whangarei,NZWRE,Sea,Unknown,Unknown,0,0,0,Unknown,Unknown,"-35,73727","174,3305",NZL,NZL,New Zealand,01/01/1970,,,,01/11/2012,05/12/2013,6230919
1364,Rapid Bay,AURAB,Sea,Unknown,Unknown,0,0,0,Unknown,Unknown,"-35,52367","138,1957",AUS,AUS,Australia,01/01/1970,,,,01/11/2012,05/12/2013,2062673
1365,Opua,NZOPX,Sea,Unknown,Unknown,0,0,0,Unknown,Unknown,"-35,31267","174,1155",NZL,NZL,New Zealand,01/01/1970,,,,01/11/2012,05/12/2013,2185493
1366,Port Stanvac,AUPST,Sea,Unknown,Unknown,0,0,0,Unknown,Unknown,"-35,10317","138,4717",AUS,AUS,Australia,01/01/1970,,,,01/11/2012,16/01/2015,999999999
1367,San Fernando,ARSFE,Sea,Unknown,Unknown,0,0,0,Unknown,Unknown,"-34,45257","-58,5053",ARG,ARG,Argentina,01/01/1970,,,,01/11/2012,05/12/2013,3429095
1368,Ardrossan,AUARD,Sea,Unknown,Unknown,0,0,0,Unknown,Unknown,"-34,43267","137,9151",AUS,AUS,Australia,01/01/1970,,,,01/11/2012,05/12/2013,2077599
1369,Carmelo,UYCAR,Sea,Unknown,Unknown,0,0,0,Unknown,Unknown,"-33,99697","-58,303",URY,URY,Uruguay,01/01/1970,,,,01/11/2012,05/12/2013,3443341
1370,Botany Bay,AUBTB,Sea,Unknown,Unknown,0,0,0,Unknown,Unknown,"-33,94927","151,1825",AUS,AUS,Australia,01/01/1970,,,,01/11/2012,05/12/2013,2174563
1371,Wallaroo,AUWAL,Sea,Unknown,Unknown,0,0,0,Unknown,Unknown,"-33,93797","137,6025",AUS,AUS,Australia,01/01/1970,,,,01/11/2012,05/12/2013,2059263
1372,Busselton,AUBUS,Sea,Unknown,Unknown,0,0,0,Unknown,Unknown,"-33,64977","115,3373",AUS,AUS,Australia,01/01/1970,,,,01/11/2012,05/12/2013,2075265
1373,Port Pirie,AUPPI,Sea,Unknown,Unknown,0,0,0,Unknown,Unknown,"-33,16857","138,0121",AUS,AUS,Australia,01/01/1970,,,,01/11/2012,05/12/2013,2063030
1374,Akita,JPAXT,Sea,Unknown,Unknown,0,0,0,Unknown,Unknown,"39,72823","140,0817",JPN,JPN,Japan,01/01/1970,,,,01/11/2012,05/12/2013,2113126
1375,Newcastle,AUNTL,Sea,Unknown,Unknown,0,0,0,Unknown,Unknown,"-32,97667","151,6113",AUS,AUS,Australia,01/01/1970,,,,01/11/2012,16/01/2015,999999999
1376,Port Augusta,AUPUG,Sea,Unknown,Unknown,0,0,0,Unknown,Unknown,"-32,48907","137,7665",AUS,AUS,Australia,01/01/1970,,,,01/11/2012,05/12/2013,2063056
1377,Port Macquarie,AUPQQ,Sea,Unknown,Unknown,0,0,0,Unknown,Unknown,"-31,43797","152,9115",AUS,AUS,Australia,01/01/1970,,,,01/11/2012,05/12/2013,2152659
1378,Trial Bay,AUTRB,Sea,Unknown,Unknown,0,0,0,Unknown,Unknown,"-30,89177","153,0575",AUS,AUS,Australia,01/01/1970,,,,01/11/2012,16/01/2015,999999999
1379,South West Rocks,AUSWR,Sea,Unknown,Unknown,0,0,0,Unknown,Unknown,"-30,88237","153,0141",AUS,AUS,Australia,01/01/1970,,,,01/11/2012,16/01/2015,999999999
1380,Porto Alegre,BRPOA,Sea,Unknown,Unknown,0,0,0,Unknown,Unknown,"-30,05767","-51,2289",BRA,BRA,Brazil,01/01/1970,,,,01/11/2012,05/12/2013,3452925
1381,Cruz Grande,CLCGR,Sea,Unknown,Unknown,0,0,0,Unknown,Unknown,"-29,44317","-71,3026",CHL,CHL,Chile,01/01/1970,,,,01/11/2012,20/01/2015,3884373
1382,Yamba,AUYBA,Sea,Unknown,Unknown,0,0,0,Unknown,Unknown,"-29,43327","153,2887",AUS,AUS,Australia,01/01/1970,,,,01/11/2012,05/12/2013,2142648
1383,Geraldton,AUGET,Sea,Unknown,Unknown,0,0,0,Unknown,Unknown,"-28,77427","114,5965",AUS,AUS,Australia,01/01/1970,,,,01/11/2012,05/12/2013,2070998
1384,Brisbane,AUBNE,Sea,Unknown,Unknown,0,0,0,Unknown,Unknown,"-27,47127","153,0149",AUS,AUS,Australia,01/01/1970,,,,01/11/2012,05/12/2013,2174003
1385,Isla De Pascua,CLIPC,Sea,Unknown,Unknown,0,0,0,Unknown,Unknown,"-27,14787","-109,4338",CHL,CHL,Chile,01/01/1970,,,,01/11/2012,20/01/2015,4030754
1386,Barquito,CLBAR,Sea,Unknown,Unknown,0,0,0,Unknown,Unknown,"-26,35327","-70,6518",CHL,CHL,Chile,01/01/1970,,,,01/11/2012,05/12/2013,3891906
1387,Carnarvon,AUCVQ,Sea,Unknown,Unknown,0,0,0,Unknown,Unknown,"-24,89397","113,6555",AUS,AUS,Australia,01/01/1970,,,,01/11/2012,05/12/2013,2074865
1388,Bundaberg,AUBDB,Sea,Unknown,Unknown,0,0,0,Unknown,Unknown,"-24,86077","152,3677",AUS,AUS,Australia,01/01/1970,,,,01/11/2012,05/12/2013,2173323
1389,Gladstone,AUGLT,Sea,Unknown,Unknown,0,0,0,Unknown,Unknown,"-23,84867","151,2727",AUS,AUS,Australia,01/01/1970,,,,01/11/2012,05/12/2013,2165478
1390,Port Alma,AUPTL,Sea,Unknown,Unknown,0,0,0,Unknown,Unknown,"-23,58287","150,8637",AUS,AUS,Australia,01/01/1970,,,,01/11/2012,05/12/2013,2152687
1391,Rockhampton,AUROK,Sea,Unknown,Unknown,0,0,0,Unknown,Unknown,"-23,38147","150,5475",AUS,AUS,Australia,01/01/1970,,,,01/11/2012,05/12/2013,2151437
1392,Thialis,FRTHI,Sea,Unknown,Unknown,0,0,0,Unknown,Unknown,"-21,59997","166,2101",NCL,NCL,New Caledonia,01/01/1970,,,,01/11/2012,19/01/2015,2138103
1393,Kouaoua,NCKOU,Sea,Unknown,Unknown,0,0,0,Unknown,Unknown,"-21,40477","165,8283",NCL,NCL,New Caledonia,01/01/1970,,,,01/11/2012,05/12/2013,2140621
1394,Nepoui,NCNEP,Sea,Unknown,Unknown,0,0,0,Unknown,Unknown,"-21,31877","165,0001",NCL,NCL,New Caledonia,01/01/1970,,,,01/11/2012,05/12/2013,2139729
1395,Poro,NCPOR,Sea,Unknown,Unknown,0,0,0,Unknown,Unknown,"-21,30827","165,7109",NCL,NCL,New Caledonia,01/01/1970,,,,01/11/2012,05/12/2013,2138671
1396,Mackay,AUMKY,Sea,Unknown,Unknown,0,0,0,Unknown,Unknown,"-21,14397","149,1777",AUS,AUS,Australia,01/01/1970,,,,01/11/2012,05/12/2013,2159220
1397,Port Walcott,AUPWL,Sea,Unknown,Unknown,0,0,0,Unknown,Unknown,"-20,70567","117,2149",AUS,AUS,Australia,01/01/1970,,,,01/11/2012,16/01/2015,999999999
1398,Roebourne,AURBU,Sea,Unknown,Unknown,0,0,0,Unknown,Unknown,"-20,68407","117,1743",AUS,AUS,Australia,01/01/1970,,,,01/11/2012,16/01/2015,999999999
1399,Dampier,AUDAM,Sea,Unknown,Unknown,0,0,0,Unknown,Unknown,"-20,66417","116,7049",AUS,AUS,Australia,01/01/1970,,,,01/11/2012,05/12/2013,2073200
1400,Papeete,PFPPT,Sea,Unknown,Unknown,0,0,0,Unknown,Unknown,"-17,52817","-149,5727",PYF,PYF,French Polynesia,01/01/1970,,,,01/11/2012,05/12/2013,4033936
1401,Wyndham,AUWYN,Sea,Unknown,Unknown,0,0,0,Unknown,Unknown,"-15,45077","128,1021",AUS,AUS,Australia,01/01/1970,,,,01/11/2012,05/12/2013,2057705
1402,Milner Bay,AUMIB,Sea,Unknown,Unknown,0,0,0,Unknown,Unknown,"-13,95577","136,4185",AUS,AUS,Australia,01/01/1970,,,,01/11/2012,16/01/2015,999999999
1403,Negritos,PENGS,Sea,Unknown,Unknown,0,0,0,Unknown,Unknown,"-4,65102","-81,3064",,PER,,01/01/1970,,,,01/11/2012,14/06/2017,3694414
1404,Los Organos,PELOO,Sea,Unknown,Unknown,0,0,0,Unknown,Unknown,"-4,17027","-81,1238",PER,PER,Peru,01/01/1970,,,,01/11/2012,05/12/2013,3695161
1405,Zorritos,PEZOR,Sea,Unknown,Unknown,0,0,0,Unknown,Unknown,"-3,66759","-80,65406",PER,PER,Peru,01/01/1970,,,,01/11/2012,14/06/2017,3690608
1406,Santana,BRSAN,Sea,Unknown,Unknown,0,0,0,Unknown,Unknown,"-0,04637","-51,1812",BRA,BRA,Brazil,01/01/1970,,,,01/11/2012,05/12/2013,3391360
1407,Lundu,MYLUN,Sea,Unknown,Unknown,0,0,0,Unknown,Unknown,"1,70223","109,8931",MYS,MYS,Malaysia,01/01/1970,,,,01/11/2012,05/12/2013,1737012
1408,Batu Pahat,MYBAT,Sea,Unknown,Unknown,0,0,0,Unknown,Unknown,"1,83673","102,9261",MYS,MYS,Malaysia,01/01/1970,,,,01/11/2012,05/12/2013,1732687
1409,Muar,MYMUA,Sea,Unknown,Unknown,0,0,0,Unknown,Unknown,"2,04533","102,5639",MYS,MYS,Malaysia,01/01/1970,,,,01/11/2012,05/12/2013,1732869
1410,Sibu,MYSBW,Sea,Unknown,Unknown,0,0,0,Unknown,Unknown,"2,28333","111,8275",MYS,MYS,Malaysia,01/01/1970,,,,01/11/2012,05/12/2013,1735902
1411,Moengo,SRMOJ,Sea,Unknown,Unknown,0,0,0,Unknown,Unknown,"5,61533","-54,4123",SUR,SUR,Suriname,01/01/1970,,,,01/11/2012,05/12/2013,3383494
1412,Smalkalden,SRSMA,Sea,Unknown,Unknown,0,0,0,Unknown,Unknown,"5,61793","-55,0868",SUR,SUR,Suriname,01/01/1970,,,,01/11/2012,05/12/2013,3383043
1413,Wageningen,SRAGI,Sea,Unknown,Unknown,0,0,0,Unknown,Unknown,"5,76863","-56,6902",SUR,SUR,Suriname,01/01/1970,,,,01/11/2012,05/12/2013,3382783
1414,Jolo,PHJOL,Sea,Unknown,Unknown,0,0,0,Unknown,Unknown,"6,05623","120,9985",PHL,PHL,Philippines,01/01/1970,,,,01/11/2012,05/12/2013,1710141
1415,Tumpat,MYTUM,Sea,Unknown,Unknown,0,0,0,Unknown,Unknown,"6,19393","102,1835",MYS,MYS,Malaysia,01/01/1970,,,,01/11/2012,05/12/2013,1736356
1416,Cape Comorin,INCCN,Sea,Unknown,Unknown,0,0,0,Unknown,Unknown,"8,10023","77,5585",IND,IND,India,01/01/1970,,,,01/11/2012,19/01/2015,1262204
1417,Guanta,VEGUT,Sea,Unknown,Unknown,0,0,0,Unknown,Unknown,"10,25123","-64,58",VEN,VEN,Venezuela,01/01/1970,,,,01/11/2012,05/12/2013,3640179
1418,Bislig,PHBPH,Sea,Small,Unknown,0,0,0,Unknown,Unknown,"8,1903","126,36116",PHL,PHL,Philippines,01/01/1970,,,,01/11/2012,05/12/2013,1724767
1419,Iligan,PHIGN,Sea,Small,Unknown,0,0,0,Unknown,Unknown,"8,22773","124,2349",PHL,PHL,Philippines,01/01/1970,,,,01/11/2012,05/12/2013,1711084
1420,Ozamis,PHOZC,Sea,Small,Unknown,0,0,0,Unknown,Unknown,"8,14433","123,8419",PHL,PHL,Philippines,01/01/1970,,,,01/11/2012,05/12/2013,1696899
1421,Subic Bay,PHSFS,Sea,Medium,Unknown,0,0,0,Unknown,Accurate,"14,8231","120,29334",PHL,PHL,Philippines,01/01/1970,,,,01/11/2012,05/12/2013,1685577
1422,Mangalore,INIXE,Sea,Medium,Unknown,0,0,0,Unknown,Unknown,"12,84253","74,8427",IND,IND,India,01/01/1970,,,,01/11/2012,05/05/2015,1263780
1423,New Mangalore,INNML,Sea,Unknown,Unknown,0,0,0,Unknown,Unknown,"12,93533","74,8245",IND,IND,India,01/01/1970,,,,01/11/2012,05/12/2013,1263780
1424,Belekeri,INBLK,Sea,Unknown,Unknown,0,0,0,Unknown,Unknown,"14,72013","74,2647",IND,IND,India,01/01/1970,,,,01/11/2012,05/12/2013,1276544
1425,Karwar,INKRW,Sea,Unknown,Unknown,0,0,0,Unknown,Unknown,"14,80353","74,1171",IND,IND,India,01/01/1970,,,,01/11/2012,05/12/2013,1267635
1426,Vishakhapatnam,INVTZ,Sea,Large,Unknown,0,0,0,Unknown,Unknown,"17,70333","83,3105",IND,IND,India,01/01/1970,,,,01/11/2012,05/05/2015,1253102
1427,Daman,INDAM,Sea,Unknown,Unknown,0,0,0,Unknown,Unknown,"20,41023","72,8249",IND,IND,India,01/01/1970,,,,01/11/2012,05/12/2013,1273618
1428,Surat,INSTV,Sea,Medium,Unknown,0,0,0,Unknown,Unknown,"21,16733","72,8317",IND,IND,India,01/01/1970,,,,01/11/2012,05/05/2015,1255364
1429,Huangpu,CNHUA,Sea,Unknown,Unknown,0,0,0,Unknown,Unknown,"23,09443","113,4319",CHN,CHN,China,01/01/1970,,,,01/11/2012,05/12/2013,1916870
1430,Shanwei,CNSWE,Sea,Unknown,Unknown,0,0,0,Unknown,Unknown,"22,76863","115,3479",CHN,CHN,China,01/01/1970,,,,01/11/2012,05/12/2013,1795928
1431,Mandvi,INMDV,Sea,Medium,Unknown,0,0,0,Unknown,Unknown,"22,82283","69,3505",IND,IND,India,01/01/1970,,,,01/11/2012,05/05/2015,1263824
1432,Mundra,INMUN,Sea,Medium,Unknown,0,0,0,Unknown,Unknown,"22,83353","69,7027",IND,IND,India,01/01/1970,,,,01/11/2012,05/05/2015,1262497
1433,Kandla,INIXY,Sea,Large,Unknown,0,0,0,Yes,Unknown,"22,99593","70,1941",IND,IND,India,01/01/1970,,,,01/11/2012,18/05/2016,1268124
1434,Uraga,JPURG,Sea,Unknown,Unknown,0,0,0,Unknown,Unknown,"33,55623","135,9025",JPN,JPN,Japan,01/01/1970,,,,01/11/2012,05/12/2013,1849221
1435,Fanara,EGFAN,Sea,Unknown,Unknown,0,0,0,Unknown,Unknown,"30,28113","32,3689",EGY,EGY,Egypt,01/01/1970,,,,01/11/2012,05/12/2013,357004
1436,Fayid,EGFAD,Sea,Unknown,Unknown,0,0,0,Unknown,Unknown,"30,33443","32,3047",EGY,EGY,Egypt,01/01/1970,,,,01/11/2012,05/12/2013,357039
1437,Sirte,LYSRT,Sea,Small,Unknown,0,0,0,Unknown,Unknown,"31,21283","16,62851",LBY,LBY,Libya,01/01/1970,,,,01/11/2012,06/04/2017,2210554
1438,Shibushi,JPSBS,Sea,Unknown,Unknown,0,0,0,Unknown,Unknown,"31,46293","131,1099",JPN,JPN,Japan,01/01/1970,,,,01/11/2012,05/12/2013,1852588
1439,Aburatsu,JPABU,Sea,Unknown,Unknown,0,0,0,Unknown,Unknown,"31,57143","131,4065",JPN,JPN,Japan,01/01/1970,,,,01/11/2012,05/12/2013,1865760
1440,Miyazaki,JPKMI,Sea,Unknown,Unknown,0,0,0,Unknown,Unknown,"31,89333","131,4301",JPN,JPN,Japan,01/01/1970,,,,01/11/2012,05/12/2013,1856717
1441,Zhangjiagang,CNZJG,Sea,Unknown,Unknown,0,0,0,Unknown,Unknown,"31,96303","120,3987",CHN,CHN,China,01/01/1970,,,,01/11/2012,05/12/2013,1785204
1442,Minamata,JPMIN,Sea,Unknown,Unknown,0,0,0,Unknown,Unknown,"32,21003","130,3937",JPN,JPN,Japan,01/01/1970,,,,01/11/2012,05/12/2013,1857208
1443,Sukumo,JPSUK,Sea,Unknown,Unknown,0,0,0,Unknown,Unknown,"32,92043","132,7249",JPN,JPN,Japan,01/01/1970,,,,01/11/2012,05/12/2013,1851462
1444,Zuara,LYZUA,Sea,Small,Unknown,0,0,0,Unknown,Unknown,"32,92052","12,12108",LBY,LBY,Libya,01/01/1970,,,,01/11/2012,06/04/2017,2208425
1445,Miike,JPMII,Sea,Unknown,Unknown,0,0,0,Unknown,Unknown,"33,00633","130,4307",JPN,JPN,Japan,01/01/1970,,,,01/11/2012,05/12/2013,1857313
1446,Abu Kammash,LYABK,Sea,Very Small,Unknown,0,0,0,Unknown,Unknown,"33,08129","11,73688",LBY,LBY,Libya,01/01/1970,,,,01/11/2012,06/04/2017,2220457
1447,Usuki,JPUSK,Sea,Unknown,Unknown,0,0,0,Unknown,Unknown,"33,11733","131,8119",JPN,JPN,Japan,01/01/1970,,,,01/11/2012,05/12/2013,1849094
1448,Sasebo,JPSSB,Sea,Unknown,Unknown,0,0,0,Unknown,Unknown,"33,16103","129,7275",JPN,JPN,Japan,01/01/1970,,,,01/11/2012,05/12/2013,1852899
1449,Suminoe,JPSUM,Sea,Unknown,Unknown,0,0,0,Unknown,Unknown,"33,19493","130,1947",JPN,JPN,Japan,01/01/1970,,,,01/11/2012,05/12/2013,1855159
1450,Uwajima,JPUWA,Sea,Unknown,Unknown,0,0,0,Unknown,Unknown,"33,21883","132,5551",JPN,JPN,Japan,01/01/1970,,,,01/11/2012,05/12/2013,1926020
1451,Saganoseki,JPSAG,Sea,Unknown,Unknown,0,0,0,Unknown,Unknown,"33,24533","131,8727",JPN,JPN,Japan,01/01/1970,,,,01/11/2012,05/12/2013,1853286
1452,Suzaki,JPSUZ,Sea,Unknown,Unknown,0,0,0,Unknown,Unknown,"33,38053","133,2885",JPN,JPN,Japan,01/01/1970,,,,01/11/2012,05/12/2013,1851390
1453,Yawatahama,JPYWH,Sea,Unknown,Unknown,0,0,0,Unknown,Unknown,"33,45793","132,4223",JPN,JPN,Japan,01/01/1970,,,,01/11/2012,05/12/2013,7303003
1454,Karatsu,JPKAR,Sea,Unknown,Unknown,0,0,0,Unknown,Unknown,"33,46633","129,9493",JPN,JPN,Japan,01/01/1970,,,,01/11/2012,05/12/2013,1860063
1455,Kochi,JPKCZ,Sea,Unknown,Unknown,0,0,0,Unknown,Unknown,"33,54323","133,5637",JPN,JPN,Japan,01/01/1970,,,,01/11/2012,05/12/2013,1859146
1456,Innoshima,JPINS,Sea,Unknown,Unknown,0,0,0,Unknown,Unknown,"34,2788","133,18556",JPN,JPN,Japan,01/01/1970,,,,01/11/2012,05/12/2013,1861586
1457,Takehara,JPTHR,Sea,Unknown,Unknown,0,0,0,Unknown,Unknown,"34,32933","132,9217",JPN,JPN,Japan,01/01/1970,,,,01/11/2012,05/12/2013,1850860
1458,Itozaki,JPITO,Sea,Unknown,Unknown,0,0,0,Unknown,Unknown,"34,38997","133,08718",JPN,JPN,Japan,01/01/1970,,,,01/11/2012,05/12/2013,1861266
1459,Senzaki,JPSZK,Sea,Unknown,Unknown,0,0,0,Unknown,Unknown,"34,39363","131,2057",JPN,JPN,Japan,01/01/1970,,,,01/11/2012,05/12/2013,1852699
1460,Onomichi,JPONO,Sea,Unknown,Unknown,0,0,0,Unknown,Unknown,"34,40333","133,2001",JPN,JPN,Japan,01/01/1970,,,,01/11/2012,05/12/2013,1853992
1461,Aioi,JPAIO,Sea,Unknown,Unknown,0,0,0,Unknown,Unknown,"34,78672","134,46139",JPN,JPN,Japan,01/01/1970,,,,01/11/2012,05/12/2013,1865661
1462,Hirohata,JPHRH,Sea,Unknown,Unknown,0,0,0,Unknown,Unknown,"34,78226","134,62346",JPN,JPN,Japan,01/01/1970,,,,01/11/2012,19/01/2015,1862627
1463,Gamagori,JPGAM,Sea,Unknown,Unknown,0,0,0,Unknown,Unknown,"34,82393","137,2249",JPN,JPN,Japan,01/01/1970,,,,01/11/2012,05/12/2013,1863693
1464,Okpo,KROKP,Sea,Unknown,Unknown,0,0,0,Unknown,Unknown,"34,89133","128,7483",KOR,KOR,Republic of Korea,01/01/1970,,,,01/11/2012,05/12/2013,1839839
1465,Kawasaki,JPKWS,Sea,Unknown,Unknown,0,0,0,Unknown,Unknown,"35,53053","139,7601",JPN,JPN,Japan,01/01/1970,,,,01/11/2012,05/12/2013,1859642
1466,Choshi,JPCHO,Sea,Unknown,Unknown,0,0,0,Unknown,Unknown,"35,73653","140,8291",JPN,JPN,Japan,01/01/1970,,,,01/11/2012,05/12/2013,2112996
1467,Antalya,TRAYT,Sea,Unknown,Unknown,0,0,0,Unknown,Unknown,"36,88853","30,7027",TUR,TUR,Turkey,01/01/1970,,,,01/11/2012,05/12/2013,323777
1468,Dandong,CNDDG,Sea,Unknown,Unknown,0,0,0,Unknown,Unknown,"40,10293","124,3663",CHN,CHN,China,01/01/1970,,,,01/11/2012,05/12/2013,2037886
1469,Samos,GRSMI,Sea,Unknown,Unknown,0,0,0,Unknown,Unknown,"37,75633","26,9761",GRC,GRC,Greece,01/01/1970,,,,01/11/2012,05/12/2013,254115
1470,Foca,TRFOC,Sea,Unknown,Unknown,0,0,0,Unknown,Unknown,"38,74753","26,9029",TUR,TUR,Turkey,01/01/1970,,,,01/11/2012,20/01/2015,324106
1471,Nampo,KPNAM,Sea,Unknown,Unknown,0,0,0,Unknown,Unknown,"38,75233","125,4391",PRK,PRK,Dem People's Rep of Korea,01/01/1970,,,,01/11/2012,05/12/2013,1873757
1472,Ryotsu,JPSDO,Sea,Unknown,Unknown,0,0,0,Unknown,Unknown,"38,08793","138,5613",JPN,JPN,Japan,01/01/1970,,,,01/11/2012,19/01/2015,6825492
1473,Kamaishi,JPKIS,Sea,Unknown,Unknown,0,0,0,Unknown,Unknown,"39,27053","141,8913",JPN,JPN,Japan,01/01/1970,,,,01/11/2012,05/12/2013,2112444
1474,Miyako,JPMYK,Sea,Unknown,Unknown,0,0,0,Unknown,Unknown,"39,63853","141,9753",JPN,JPN,Japan,01/01/1970,,,,01/11/2012,05/12/2013,2111884
1475,Bumpyo,KPREM,Sea,Unknown,Unknown,0,0,0,Unknown,Unknown,"39,77443","127,5415",PRK,PRK,Dem People's Rep of Korea,01/01/1970,,,,01/11/2012,20/01/2015,1877449
1476,Funakawa,JPFNK,Sea,Unknown,Unknown,0,0,0,Unknown,Unknown,"39,87533","139,8571",JPN,JPN,Japan,01/01/1970,,,,01/11/2012,05/12/2013,1863898
1477,Qinhuangdao,CNSHP,Sea,Unknown,Unknown,0,0,0,Unknown,Unknown,"39,91373","119,5953",CHN,CHN,China,01/01/1970,,,,01/11/2012,05/12/2013,1797595
1478,Ominato,JPOMT,Sea,Unknown,Unknown,0,0,0,Unknown,Unknown,"41,27993","141,1803",JPN,JPN,Japan,01/01/1970,,,,01/11/2012,05/12/2013,2128680
1479,Samani,JPSAM,Sea,Unknown,Unknown,0,0,0,Unknown,Unknown,"42,12393","142,9151",JPN,JPN,Japan,01/01/1970,,,,01/11/2012,05/12/2013,2128333
1480,Tokachi,JPTOK,Sea,Unknown,Unknown,0,0,0,Unknown,Unknown,"42,25013","143,3149",JPN,JPN,Japan,01/01/1970,,,,01/11/2012,19/01/2015,2130061
1481,Tomakomai,JPTMK,Sea,Unknown,Unknown,0,0,0,Unknown,Unknown,"42,63893","141,6259",JPN,JPN,Japan,01/01/1970,,,,01/11/2012,05/12/2013,2127733
1482,Otsu,JPOTU,Sea,Unknown,Unknown,0,0,0,Unknown,Unknown,"42,69343","143,6513",JPN,JPN,Japan,01/01/1970,,,,01/11/2012,05/12/2013,2128543
1483,Vostochniy,RUVYP,Sea,Unknown,Unknown,0,0,0,Unknown,Unknown,"42,71853","133,0461",RUS,RUS,Russian Federation,01/01/1970,,,,01/11/2012,20/01/2015,2019528
1484,Haikou,CNHAK,Sea,Unknown,Unknown,0,0,0,Unknown,Unknown,"20,03873","110,3205",CHN,CHN,China,01/01/1970,,,,01/11/2012,05/12/2013,1809078
1485,Malacca,MYMKZ,Sea,Unknown,Unknown,0,0,0,Unknown,Unknown,"2,19273","102,2529",MYS,MYS,Malaysia,01/01/1970,,,,01/11/2012,19/01/2015,1734759
1486,Nakhodka,RUNJK,Sea,Unknown,Unknown,0,0,0,Unknown,Unknown,"42,79823","132,8887",RUS,RUS,Russian Federation,01/01/1970,,,,01/11/2012,05/12/2013,2019528
1487,Slavyanka,RUSKA,Sea,Unknown,Unknown,0,0,0,Unknown,Unknown,"42,86873","131,3851",RUS,RUS,Russian Federation,01/01/1970,,,,01/11/2012,05/12/2013,2016430
1488,Akkeshi,JPAKE,Sea,Unknown,Unknown,0,0,0,Unknown,Unknown,"43,03493","144,8621",JPN,JPN,Japan,01/01/1970,,,,01/11/2012,05/12/2013,2130677
1489,Nevelsk,RUNEV,Sea,Unknown,Unknown,0,0,0,Unknown,Unknown,"46,65833","141,8573",RUS,RUS,Russian Federation,01/01/1970,,,,01/11/2012,05/12/2013,2122894
1490,Anan,JPANA,Sea,Unknown,Unknown,0,0,0,Unknown,Unknown,"33,92903","134,6883",JPN,JPN,Japan,01/01/1970,,,,01/11/2012,05/12/2013,1865309
1491,Ango-Ango,CDANG,Sea,Small,Unknown,0,0,0,Unknown,Unknown,"-5,84406","13,43336",COD,COD,Democratic Republic of the Congo,01/01/1970,,,,01/11/2012,23/05/2017,2317520
1492,Spring Bay,AUSPB,Sea,Unknown,Unknown,0,0,0,Unknown,Unknown,"-42,53667","147,9559",AUS,AUS,Australia,01/01/1970,,,,01/11/2012,16/01/2015,999999999
1493,Wanganui,NZWAG,Sea,Unknown,Unknown,0,0,0,Unknown,Unknown,"-39,95097","175,0281",NZL,NZL,New Zealand,01/01/1970,,,,01/11/2012,05/12/2013,2179670
1494,Lebu,CLLEB,Sea,Unknown,Unknown,0,0,0,Unknown,Unknown,"-37,59697","-73,6543",CHL,CHL,Chile,01/01/1970,,,,01/11/2012,05/12/2013,3883457
1495,Ube,JPUBJ,Sea,Unknown,Unknown,0,0,0,Unknown,Unknown,"33,93913","131,2289",JPN,JPN,Japan,01/01/1970,,,,01/11/2012,05/12/2013,1849498
1496,Eden,AUQDN,Sea,Unknown,Unknown,0,0,0,Unknown,Unknown,"-37,07267","149,9003",AUS,AUS,Australia,01/01/1970,,,,01/11/2012,05/12/2013,2167799
1497,Kwinana,AUKWI,Sea,Unknown,Unknown,0,0,0,Unknown,Unknown,"-32,23497","115,7589",AUS,AUS,Australia,01/01/1970,,,,01/11/2012,05/12/2013,2068079
1498,Fremantle,AUFRE,Sea,Unknown,Unknown,0,0,0,Unknown,Unknown,"-32,09837","115,7599",AUS,AUS,Australia,01/01/1970,,,,01/11/2012,05/12/2013,2071223
1499,Clarence River,AUCLR,Sea,Unknown,Unknown,0,0,0,Unknown,Unknown,"-29,40807","153,3487",AUS,AUS,Australia,01/01/1970,,,,01/11/2012,16/01/2015,999999999
1500,Bowen,AUZBO,Sea,Unknown,Unknown,0,0,0,Unknown,Unknown,"-20,02147","148,2447",AUS,AUS,Australia,01/01/1970,,,,01/11/2012,05/12/2013,2174444
1501,Townsville,AUTSV,Sea,Unknown,Unknown,0,0,0,Unknown,Unknown,"-19,26207","146,8231",AUS,AUS,Australia,01/01/1970,,,,01/11/2012,05/12/2013,2146142
1502,Derby,AUDRB,Sea,Unknown,Unknown,0,0,0,Unknown,Unknown,"-17,28087","123,6123",AUS,AUS,Australia,01/01/1970,,,,01/11/2012,16/01/2015,999999999
1503,Cairns,AUCNS,Sea,Unknown,Unknown,0,0,0,Unknown,Unknown,"-16,90427","145,7673",AUS,AUS,Australia,01/01/1970,,,,01/11/2012,05/12/2013,2172797
1504,Porto Seguro,BRBPS,Sea,Unknown,Unknown,0,0,0,Unknown,Unknown,"-16,45037","-39,0619",BRA,BRA,Brazil,01/01/1970,,,,01/11/2012,05/12/2013,3452640
1505,Cooktown,AUCTN,Sea,Unknown,Unknown,0,0,0,Unknown,Unknown,"-15,46237","145,2371",AUS,AUS,Australia,01/01/1970,,,,01/11/2012,05/12/2013,2170658
1506,Aratu,BRARB,Sea,Unknown,Unknown,0,0,0,Unknown,Unknown,"-12,78087","-38,4557",BRA,BRA,Brazil,01/01/1970,,,,01/11/2012,05/12/2013,3471705
1507,Weipa,AUWEI,Sea,Unknown,Unknown,0,0,0,Unknown,Unknown,"-12,61797","141,8797",AUS,AUS,Australia,01/01/1970,,,,01/11/2012,05/12/2013,2144209
1508,Darwin,AUDRW,Sea,Unknown,Unknown,0,0,0,Unknown,Unknown,"-12,42827","130,8377",AUS,AUS,Australia,01/01/1970,,,,01/11/2012,05/12/2013,2073124
1509,Gove,AUGOV,Sea,Unknown,Unknown,0,0,0,Unknown,Unknown,"-12,21537","136,7253",AUS,AUS,Australia,01/01/1970,,,,01/11/2012,16/01/2015,999999999
1510,Sevivara Point,IDSVP,Sea,Unknown,Unknown,0,0,0,Unknown,Unknown,"-8,34347","127,1977",TLS,TLS,Timor-Leste,01/01/1970,,,,01/11/2012,20/01/2015,1942993
1511,Natal,BRNAT,Sea,Unknown,Unknown,0,0,0,Unknown,Unknown,"-5,78277","-35,1864",BRA,BRA,Brazil,01/01/1970,,,,01/11/2012,05/12/2013,3394023
1512,Areia Branca,BRARE,Sea,Unknown,Unknown,0,0,0,Unknown,Unknown,"-4,98217","-37,1452",BRA,BRA,Brazil,01/01/1970,,,,01/11/2012,05/12/2013,3407194
1513,Parnaiba,BRPHB,Sea,Unknown,Unknown,0,0,0,Unknown,Unknown,"-2,88237","-41,7149",BRA,BRA,Brazil,01/01/1970,,,,01/11/2012,05/12/2013,3393001
1514,Saa Luiz,BRSLZ,Sea,Unknown,Unknown,0,0,0,Unknown,Unknown,"-2,52117","-44,289",BRA,BRA,Brazil,01/01/1970,,,,01/11/2012,05/12/2013,3388368
1515,Tanjong Pagar,SGTPG,Sea,Unknown,Unknown,0,0,0,Unknown,Unknown,"1,26503","103,8385",SGP,SGP,Singapore,01/01/1970,,,,01/11/2012,05/12/2013,1880131
1516,Tanjong Penjuru,SGTPN,Sea,Unknown,Unknown,0,0,0,Unknown,Unknown,"1,29953","103,7317",SGP,SGP,Singapore,01/01/1970,,,,01/11/2012,05/12/2013,1880540
1517,Jurong,SGJUR,Sea,Unknown,Unknown,0,0,0,Unknown,Unknown,"1,30453","103,7189",SGP,SGP,Singapore,01/01/1970,,,,01/11/2012,05/12/2013,1881953
1518,Seletar,SGSLT,Sea,Unknown,Unknown,0,0,0,Unknown,Unknown,"1,40953","103,8359",SGP,SGP,Singapore,01/01/1970,,,,01/11/2012,05/12/2013,1880294
1519,Pasir Gudang,MYPGU,Sea,Unknown,Unknown,0,0,0,Unknown,Unknown,"1,43593","103,9017",MYS,MYS,Malaysia,01/01/1970,,,,01/11/2012,05/12/2013,1732722
1520,Johor Bahru,MYJHB,Sea,Unknown,Unknown,0,0,0,Unknown,Unknown,"1,45793","103,7379",MYS,MYS,Malaysia,01/01/1970,,,,01/11/2012,05/12/2013,1732752
1521,Kuching,MYKCH,Sea,Unknown,Unknown,0,0,0,Unknown,Unknown,"1,55763","110,3715",MYS,MYS,Malaysia,01/01/1970,,,,01/11/2012,05/12/2013,1734470
1522,Sejingkat,MYSEJ,Sea,Unknown,Unknown,0,0,0,Unknown,Unknown,"1,57813","110,4125",MYS,MYS,Malaysia,01/01/1970,,,,01/11/2012,05/12/2013,1743725
1523,Endau,MYEND,Sea,Unknown,Unknown,0,0,0,Unknown,Unknown,"2,66993","103,6101",MYS,MYS,Malaysia,01/01/1970,,,,01/11/2012,05/12/2013,1734897
1524,Port Kelang,MYPKG,Sea,Unknown,Unknown,0,0,0,Unknown,Unknown,"3,00093","101,3823",MYS,MYS,Malaysia,01/01/1970,,,,01/11/2012,05/12/2013,1738412
1525,Tiko,CMTKC,Sea,Very Small,Unknown,0,0,0,Unknown,Unknown,"4,03413","9,3701",CMR,CMR,Cameroon,01/01/1970,,,,01/11/2012,15/10/2014,2221504
1526,Lumut,MYLUM,Sea,Unknown,Unknown,0,0,0,Unknown,Unknown,"4,22743","100,6295",MYS,MYS,Malaysia,01/01/1970,,,,01/11/2012,05/12/2013,1735450
1527,Semporna,MYSMM,Sea,Unknown,Unknown,0,0,0,Unknown,Unknown,"4,47823","118,6081",MYS,MYS,Malaysia,01/01/1970,,,,01/11/2012,05/12/2013,1733697
1528,Kuala Belait,BNKUB,Sea,Unknown,Unknown,0,0,0,Unknown,Unknown,"4,58933","114,1773",BRN,BRN,Brunei Darussalam,01/01/1970,,,,01/11/2012,05/12/2013,1820491
1529,Kunak,MYKUN,Sea,Unknown,Unknown,0,0,0,Unknown,Unknown,"4,68403","118,2533",MYS,MYS,Malaysia,01/01/1970,,,,01/11/2012,05/12/2013,1733635
1530,Dungun,MYDGN,Sea,Unknown,Unknown,0,0,0,Unknown,Unknown,"4,77853","103,4087",MYS,MYS,Malaysia,01/01/1970,,,,01/11/2012,05/12/2013,1734308
1531,Limbang,MYLMN,Sea,Unknown,Unknown,0,0,0,Unknown,Unknown,"4,81313","115,0173",MYS,MYS,Malaysia,01/01/1970,,,,01/11/2012,05/12/2013,1737714
1532,Bandar Seri Begawan,BNBWN,Sea,Unknown,Unknown,0,0,0,Unknown,Unknown,"4,88613","114,9455",BRN,BRN,Brunei Darussalam,01/01/1970,,,,01/11/2012,05/12/2013,1820906
1533,Muara,BNMUA,Sea,Unknown,Unknown,0,0,0,Unknown,Unknown,"5,01893","115,0667",BRN,BRN,Brunei Darussalam,01/01/1970,,,,01/11/2012,05/12/2013,1820363
1534,Weston,MYWES,Sea,Unknown,Unknown,0,0,0,Unknown,Unknown,"5,20993","115,5873",MYS,MYS,Malaysia,01/01/1970,,,,01/11/2012,05/12/2013,1733200
1535,Kuala Terengganu,MYTGG,Sea,Unknown,Unknown,0,0,0,Unknown,Unknown,"5,33553","103,1463",MYS,MYS,Malaysia,01/01/1970,,,,01/11/2012,05/12/2013,1734705
1536,Penang,MYPEN,Sea,Unknown,Unknown,0,0,0,Unknown,Unknown,"5,36623","100,3183",MYS,MYS,Malaysia,01/01/1970,,,,01/11/2012,19/01/2015,1735106
1537,Paranam,SRPRM,Sea,Unknown,Unknown,0,0,0,Unknown,Unknown,"5,60933","-55,0922",SUR,SUR,Suriname,01/01/1970,,,,01/11/2012,05/12/2013,3383327
1538,Bartica,GYGFO,Sea,Unknown,Unknown,0,0,0,Unknown,Unknown,"6,39913","-58,6128",GUY,GUY,Guyana,01/01/1970,,,,01/11/2012,05/12/2013,3379507
1539,Port Holland,PHPHD,Sea,Unknown,Unknown,0,0,0,Unknown,Unknown,"6,54573","121,8677",PHL,PHL,Philippines,01/01/1970,,,,01/11/2012,05/12/2013,1692865
1540,Kudat,MYKUD,Sea,Unknown,Unknown,0,0,0,Unknown,Unknown,"6,88013","116,8509",MYS,MYS,Malaysia,01/01/1970,,,,01/11/2012,05/12/2013,1736458
1541,Quilon,INQUI,Sea,Unknown,Unknown,0,0,0,Unknown,Unknown,"8,87253","76,5881",IND,IND,India,01/01/1970,,,,01/11/2012,05/12/2013,1259091
1542,Tolong,PHTLG,Sea,Unknown,Unknown,0,0,0,Unknown,Unknown,"9,36499","122,80091",PHL,PHL,Philippines,01/01/1970,,,,01/11/2012,05/12/2013,1697205
1543,Cochin,INCOK,Sea,Large,Unknown,0,0,0,Unknown,Unknown,"9,95453","76,2447",IND,IND,India,01/01/1970,,,,01/11/2012,05/05/2015,1273874
1544,Sangi,PHSNG,Sea,Unknown,Unknown,0,0,0,Unknown,Unknown,"10,38643","123,6399",PHL,PHL,Philippines,01/01/1970,,,,01/11/2012,05/12/2013,1689887
1545,Turiamo,VETUR,Sea,Unknown,Unknown,0,0,0,Unknown,Unknown,"10,46133","-67,8505",VEN,VEN,Venezuela,01/01/1970,,,,01/11/2012,05/12/2013,3625838
1546,Bajo Grande / Maracaibo L,VEBJV,Sea,Unknown,Unknown,0,0,0,Unknown,Unknown,"10,48053","-71,6316",VEN,VEN,Venezuela,01/01/1970,,,,01/11/2012,05/12/2013,3648662
1547,Cotabato,PHCBO,Sea,Very Small,Unknown,0,0,0,Yes,Unknown,"7,2385","124,23225",PHL,PHL,Philippines,01/01/1970,,,,01/11/2012,18/05/2016,1716771
1548,Dumaguete,PHDGT,Sea,Small,Unknown,0,0,0,Unknown,Unknown,"9,30933","123,3131",PHL,PHL,Philippines,01/01/1970,,,,01/11/2012,05/12/2013,1714201
1549,Toledo,PHTLD,Sea,Small,Unknown,0,0,0,Planned,Unknown,"10,37265","123,6285",PHL,PHL,Philippines,01/01/1970,,,,01/11/2012,05/12/2013,1681602
1550,El Palito,VEELP,Sea,Unknown,Unknown,0,0,0,Unknown,Unknown,"10,48323","-68,1086",VEN,VEN,Venezuela,01/01/1970,,,,01/11/2012,05/12/2013,3481687
1551,Araya,VEARA,Sea,Unknown,Unknown,0,0,0,Unknown,Unknown,"10,63853","-64,2826",VEN,VEN,Venezuela,01/01/1970,,,,01/11/2012,05/12/2013,3649005
1552,La Estacada,VELEC,Sea,Unknown,Unknown,0,0,0,Unknown,Unknown,"10,70573","-71,526",VEN,VEN,Venezuela,01/01/1970,,,,01/11/2012,05/12/2013,3637976
1553,Chichiriviche,VECHV,Sea,Unknown,Unknown,0,0,0,Unknown,Unknown,"10,91773","-68,2729",VEN,VEN,Venezuela,01/01/1970,,,,01/11/2012,05/12/2013,3645806
1554,Beypore,INBEY,Sea,Unknown,Unknown,0,0,0,Unknown,Unknown,"11,18293","75,8287",IND,IND,India,01/01/1970,,,,01/11/2012,05/12/2013,1276378
1555,Kozhikode,INCCJ,Sea,Unknown,Unknown,0,0,0,Unknown,Unknown,"11,25203","75,7645",IND,IND,India,01/01/1970,,,,01/11/2012,19/01/2015,1265873
1556,Coro,VECZE,Sea,Unknown,Unknown,0,0,0,Unknown,Unknown,"11,45713","-69,5982",VEN,VEN,Venezuela,01/01/1970,,,,01/11/2012,05/12/2013,3645213
1557,Cumarebo,VECMR,Sea,Unknown,Unknown,0,0,0,Unknown,Unknown,"11,49403","-69,3471",VEN,VEN,Venezuela,01/01/1970,,,,01/11/2012,05/12/2013,3629696
1558,Riohacha,CORCH,Sea,Unknown,Unknown,0,0,0,Unknown,Unknown,"11,55045","-72,91499",COL,COL,Colombia,01/01/1970,,,,01/11/2012,07/04/2017,3670745
1559,Guaranao Bay,VEGUB,Sea,Unknown,Unknown,0,0,0,Unknown,Unknown,"11,66793","-70,2233",VEN,VEN,Venezuela,01/01/1970,,,,01/11/2012,05/12/2013,3640119
1560,Cuddalore,INCDL,Sea,Unknown,Unknown,0,0,0,Unknown,Unknown,"11,75733","79,7845",IND,IND,India,01/01/1970,,,,01/11/2012,05/12/2013,1273802
1561,Pondicherry,INPNY,Sea,Unknown,Unknown,0,0,0,Unknown,Unknown,"11,91633","79,8293",IND,IND,India,01/01/1970,,,,01/11/2012,05/12/2013,1259425
1562,Gasan,PHGAS,Sea,Unknown,Unknown,0,0,0,Unknown,Unknown,"13,31423","121,8511",PHL,PHL,Philippines,01/01/1970,,,,01/11/2012,05/12/2013,1713154
1563,Apra,GUAPR,Sea,Unknown,Unknown,0,0,0,Unknown,Unknown,"13,44373","144,6797",GUM,GUM,Guam,01/01/1970,,,,01/11/2012,19/01/2015,4038473
1564,Coondapur,INCOO,Sea,Unknown,Unknown,0,0,0,Unknown,Unknown,"13,62843","74,6965",IND,IND,India,01/01/1970,,,,01/11/2012,05/12/2013,1273834
1565,Tabangoa,PHTBG,Sea,Unknown,Unknown,0,0,0,Unknown,Unknown,"13,76837","121,03275",PHL,PHL,Philippines,01/01/1970,,,,01/11/2012,05/12/2013,1685079
1566,Tandoc,PHTDC,Sea,Unknown,Unknown,0,0,0,Unknown,Unknown,"14,04673","123,3053",PHL,PHL,Philippines,01/01/1970,,,,01/11/2012,05/12/2013,1683281
1567,Honavar,INHON,Sea,Unknown,Unknown,0,0,0,Unknown,Unknown,"14,27293","74,4413",IND,IND,India,01/01/1970,,,,01/11/2012,05/12/2013,1269976
1568,Jose Panganiban,PHJPM,Sea,Unknown,Unknown,0,0,0,Unknown,Unknown,"14,2972","122,65926",PHL,PHL,Philippines,01/01/1970,,,,01/11/2012,05/12/2013,1710103
1569,Saipan,MPSPN,Sea,Unknown,Unknown,0,0,0,Unknown,Unknown,"15,20833","145,7187",MNP,MNP,Northern Mariana Islands,01/01/1970,,,,01/11/2012,05/12/2013,7828758
1570,Redi,INRED,Sea,Unknown,Unknown,0,0,0,Unknown,Unknown,"15,73853","73,6513",IND,IND,India,01/01/1970,,,,01/11/2012,19/01/2015,999999999
1571,Vengurla,INVEN,Sea,Unknown,Unknown,0,0,0,Unknown,Unknown,"15,84553","73,6227",IND,IND,India,01/01/1970,,,,01/11/2012,05/12/2013,1253257
1572,Lingayen,PHLIN,Sea,Unknown,Unknown,0,0,0,Unknown,Unknown,"16,03713","120,1429",PHL,PHL,Philippines,01/01/1970,,,,01/11/2012,05/12/2013,1706188
1573,Bheemunipatnam,INBHM,Sea,Unknown,Unknown,0,0,0,Unknown,Unknown,"17,89073","83,4661",IND,IND,India,01/01/1970,,,,01/11/2012,05/12/2013,1275930
1574,Laoag,PHLAO,Sea,Unknown,Unknown,0,0,0,Unknown,Unknown,"18,20143","120,5473",PHL,PHL,Philippines,01/01/1970,,,,01/11/2012,05/12/2013,1707404
1576,Basuo,CNBAS,Sea,Unknown,Unknown,0,0,0,Unknown,Unknown,"19,09663","108,6183",CHN,CHN,China,01/01/1970,,,,01/11/2012,05/12/2013,1816858
1577,Puri,INPUR,Sea,Unknown,Unknown,0,0,0,Unknown,Unknown,"19,79183","85,8261",IND,IND,India,01/01/1970,,,,01/11/2012,05/12/2013,1259184
1578,Lith,SALIT,Sea,Unknown,Unknown,0,0,0,Unknown,Unknown,"20,15033","40,2493",SAU,SAU,Saudi Arabia,01/01/1970,,,,01/11/2012,05/12/2013,109253
1579,Paradip,INPRT,Sea,Large,Unknown,0,0,0,Unknown,Unknown,"20,28193","86,6943",IND,IND,India,01/01/1970,,,,01/11/2012,05/05/2015,1260393
1580,Fangcheng,CNFAN,Sea,Unknown,Unknown,0,0,0,Unknown,Unknown,"21,54273","108,2795",CHN,CHN,China,01/01/1970,,,,01/11/2012,20/01/2015,8740741
1581,Porbandar,INPBD,Sea,Medium,Unknown,0,0,0,Unknown,Unknown,"21,64443","69,5995",IND,IND,India,01/01/1970,,,,01/11/2012,05/05/2015,1259395
1582,Bhavnagar,INBHU,Sea,Unknown,Unknown,0,0,0,Unknown,Unknown,"21,78113","72,1325",IND,IND,India,01/01/1970,,,,01/11/2012,05/12/2013,1276032
1583,Haldia,INHAL,Sea,Medium,Unknown,0,0,0,Unknown,Unknown,"22,01363","88,0755",IND,IND,India,01/01/1970,,,,01/11/2012,05/05/2015,1344377
1584,Bataan,PHBTN,Sea,Small,Unknown,0,0,0,Unknown,Unknown,"14,50013","120,6067",PHL,PHL,Philippines,01/01/1970,,,,01/11/2012,19/01/2015,7622450
1585,Tabaco,PHTBC,Sea,Small,Unknown,0,0,0,Unknown,Unknown,"13,35818","123,7341",PHL,PHL,Philippines,01/01/1970,,,,01/11/2012,05/12/2013,1685117
1586,Calapan,PHCLP,Sea,Small,Unknown,0,0,0,Planned,Unknown,"13,40913","121,1523",PHL,PHL,Philippines,01/01/1970,,,,01/11/2012,05/12/2013,1720561
1587,Red Beach,VNRBE,Sea,Unknown,Unknown,0,0,0,Unknown,Unknown,"16,07063","108,1847",VNM,VNM,Viet Nam,01/01/1970,,,,01/11/2012,20/01/2015,1583992
1588,Cambay,INCAM,Sea,Unknown,Unknown,0,0,0,Unknown,Unknown,"22,30933","72,6089",IND,IND,India,01/01/1970,,,,01/11/2012,19/01/2015,1267090
1589,Chittagong,BDCGP,Sea,Large,Open,0,0,0,Yes,Unknown,"22,31373","91,8195",BGD,BGD,Bangladesh,01/01/1970,,,,01/11/2012,25/09/2017,1205733
1590,Sika,INSIK,Sea,Unknown,Unknown,0,0,0,Unknown,Unknown,"22,43623","69,8193",IND,IND,India,01/01/1970,,,,01/11/2012,05/12/2013,1256333
1591,Bedi,INBED,Sea,Unknown,Unknown,0,0,0,Unknown,Unknown,"22,54273","70,0061",IND,IND,India,01/01/1970,,,,01/11/2012,05/12/2013,1276627
1592,Jakhau,INJAK,Sea,Unknown,Unknown,0,0,0,Unknown,Unknown,"23,19093","68,6533",IND,IND,India,01/01/1970,,,,01/11/2012,05/12/2013,1269467
1593,Taichung,TWTXG,Sea,Unknown,Unknown,0,0,0,Unknown,Unknown,"24,23053","120,5077",TWN,TWN,China,01/01/1970,,,,01/11/2012,20/01/2015,1668399
1594,Xiamen,CNXMN,Sea,Unknown,Unknown,0,0,0,Unknown,Unknown,"24,44993","118,0769",CHN,CHN,China,01/01/1970,,,,01/11/2012,05/12/2013,1790645
1595,Keelung,TWKEL,Sea,Unknown,Unknown,0,0,0,Unknown,Unknown,"25,13423","121,7361",TWN,TWN,China,01/01/1970,,,,01/11/2012,05/12/2013,1678228
1596,Kotka,FIKTK,Sea,Unknown,Unknown,0,0,0,Unknown,Unknown,"60,46993","26,9391",FIN,FIN,Finland,01/01/1970,,,,01/11/2012,05/12/2013,650946
1597,Henjam,IRHEJ,Sea,Unknown,Unknown,0,0,0,Unknown,Unknown,"26,71573","55,9027",IRN,IRN,Iran  (Islamic Republic of),01/01/1970,,,,01/11/2012,05/12/2013,131542
1598,Ningbo,CNNGB,Sea,Unknown,Unknown,0,0,0,Unknown,Unknown,"29,87043","121,5537",CHN,CHN,China,01/01/1970,,,,01/11/2012,05/12/2013,1799397
1599,Ismailia,EGISM,Sea,Unknown,Unknown,0,0,0,Unknown,Unknown,"30,58723","32,2701",EGY,EGY,Egypt,01/01/1970,,,,01/11/2012,05/12/2013,361055
1600,Hosojima,JPHSM,Sea,Unknown,Unknown,0,0,0,Unknown,Unknown,"32,43613","131,6675",JPN,JPN,Japan,01/01/1970,,,,01/11/2012,05/12/2013,1862106
1601,Kuchinotsu,JPKUC,Sea,Unknown,Unknown,0,0,0,Unknown,Unknown,"32,60023","130,1797",JPN,JPN,Japan,01/01/1970,,,,01/11/2012,05/12/2013,1858512
1602,Fukue,JPFUJ,Sea,Unknown,Unknown,0,0,0,Unknown,Unknown,"32,68393","128,8529",JPN,JPN,Japan,01/01/1970,,,,01/11/2012,05/12/2013,1863997
1603,Nagasaki,JPNGS,Sea,Unknown,Unknown,0,0,0,Unknown,Unknown,"32,75343","129,8629",JPN,JPN,Japan,01/01/1970,,,,01/11/2012,05/12/2013,1856177
1604,Niigata,JPKIJ,Sea,Unknown,Unknown,0,0,0,Unknown,Unknown,"37,92613","139,0647",JPN,JPN,Japan,01/01/1970,,,,01/11/2012,05/12/2013,1855431
1605,Derna,LYDNF,Sea,Small,Unknown,0,0,0,Unknown,Unknown,"32,76257","22,65246",LBY,LBY,Libya,01/01/1970,,,,01/11/2012,06/04/2017,87205
1606,Shingu,JPSHN,Sea,Unknown,Unknown,0,0,0,Unknown,Unknown,"33,72603","136,0127",JPN,JPN,Japan,01/01/1970,,,,01/11/2012,05/12/2013,1847947
1607,Tanabe,JPTAE,Sea,Unknown,Unknown,0,0,0,Unknown,Unknown,"33,72873","135,3785",JPN,JPN,Japan,01/01/1970,,,,01/11/2012,05/12/2013,1850708
1608,Kokura,JPKOK,Sea,Unknown,Unknown,0,0,0,Unknown,Unknown,"33,90393","130,8795",JPN,JPN,Japan,01/01/1970,,,,01/11/2012,19/01/2015,1859307
1609,Hikari,JPHKR,Sea,Unknown,Unknown,0,0,0,Unknown,Unknown,"33,95344","131,93082",JPN,JPN,Japan,01/01/1970,,,,01/11/2012,05/12/2013,1896348
1610,Onoda,JPOND,Sea,Unknown,Unknown,0,0,0,Unknown,Unknown,"33,97586","131,17123",JPN,JPN,Japan,01/01/1970,,,,01/11/2012,05/12/2013,1854018
1611,Yura,JPYUR,Sea,Unknown,Unknown,0,0,0,Unknown,Unknown,"33,95753","135,1171",JPN,JPN,Japan,01/01/1970,,,,01/11/2012,19/01/2015,1848042
1612,Sovetskaya Gavan,RUSOG,Sea,Unknown,Unknown,0,0,0,Unknown,Unknown,"48,98103","140,2759",RUS,RUS,Russian Federation,01/01/1970,,,,01/11/2012,05/12/2013,2121052
1613,Kikuma,JPKIK,Sea,Unknown,Unknown,0,0,0,Unknown,Unknown,"34,04173","132,8519",JPN,JPN,Japan,01/01/1970,,,,01/11/2012,05/12/2013,1859484
1614,Owase,JPOWA,Sea,Unknown,Unknown,0,0,0,Unknown,Unknown,"34,06253","136,2177",JPN,JPN,Japan,01/01/1970,,,,01/11/2012,05/12/2013,1853514
1615,Izuhara,JPIZH,Sea,Unknown,Unknown,0,0,0,Unknown,Unknown,"34,18623","129,2921",JPN,JPN,Japan,01/01/1970,,,,01/11/2012,05/12/2013,1861116
1616,Hagi,JPHAG,Sea,Unknown,Unknown,0,0,0,Unknown,Unknown,"34,41853","131,4019",JPN,JPN,Japan,01/01/1970,,,,01/11/2012,05/12/2013,1863418
1617,Matsunaga,JPMNG,Sea,Unknown,Unknown,0,0,0,Unknown,Unknown,"34,43973","133,2579",JPN,JPN,Japan,01/01/1970,,,,01/11/2012,05/12/2013,1857514
1618,Hibi,JPHIB,Sea,Unknown,Unknown,0,0,0,Unknown,Unknown,"34,44873","133,9291",JPN,JPN,Japan,01/01/1970,,,,01/11/2012,05/12/2013,1862888
1619,Fukuyama,JPFKY,Sea,Unknown,Unknown,0,0,0,Unknown,Unknown,"34,44993","133,4195",JPN,JPN,Japan,01/01/1970,,,,01/11/2012,05/12/2013,1863917
1620,Naoshima,JPNAS,Sea,Unknown,Unknown,0,0,0,Unknown,Unknown,"34,49252","133,95406",JPN,JPN,Japan,01/01/1970,,,,01/11/2012,19/01/2015,1862888
1621,Ise,JPISE,Sea,Unknown,Unknown,0,0,0,Unknown,Unknown,"34,50993","136,7411",JPN,JPN,Japan,01/01/1970,,,,01/11/2012,05/12/2013,1861450
1622,Mizushima,JPMIZ,Sea,Unknown,Unknown,0,0,0,Unknown,Unknown,"34,51253","133,7505",JPN,JPN,Japan,01/01/1970,,,,01/11/2012,19/01/2015,1854383
1623,Okayama,JPOKJ,Sea,Unknown,Unknown,0,0,0,Unknown,Unknown,"34,60536","133,98126",JPN,JPN,Japan,01/01/1970,,,,01/11/2012,05/12/2013,1854383
1624,Hamamatsu,JPHMM,Sea,Unknown,Unknown,0,0,0,Unknown,Unknown,"34,69696","137,62027",JPN,JPN,Japan,01/01/1970,,,,01/11/2012,19/01/2015,1863289
1625,Shimoda,JPSMD,Sea,Unknown,Unknown,0,0,0,Unknown,Unknown,"34,67183","138,9585",JPN,JPN,Japan,01/01/1970,,,,01/11/2012,05/12/2013,1852357
1626,Alleppey,INALF,Sea,Unknown,Unknown,0,0,0,Unknown,Unknown,"9,49573","76,3175",IND,IND,India,01/01/1970,,,,01/11/2012,05/12/2013,1278985
1627,Toyohashi,JPTHS,Sea,Unknown,Unknown,0,0,0,Unknown,Unknown,"34,69643","137,3135",JPN,JPN,Japan,01/01/1970,,,,01/11/2012,05/12/2013,1849846
1628,Amagasaki,JPAMA,Sea,Unknown,Unknown,0,0,0,Unknown,Unknown,"34,70063","135,3997",JPN,JPN,Japan,01/01/1970,,,,01/11/2012,05/12/2013,1865387
1629,Moni Anchorage,CYMOI,Sea,Unknown,Open,0,0,0,Unknown,Unknown,"34,71073","33,1543",CYP,CYP,Cyprus,01/01/1970,,,,01/11/2012,19/01/2015,999999999
1630,Vassiliko,CYVAS,Sea,Unknown,Open,0,0,0,Unknown,Unknown,"34,72053","33,3135",CYP,CYP,Cyprus,01/01/1970,Vasilikos,,,01/11/2012,19/01/2015,999999999
1631,Lianyungang,CNLYG,Sea,Unknown,Unknown,0,0,0,Unknown,Unknown,"34,73173","119,4581",CHN,CHN,China,01/01/1970,,,,01/11/2012,20/01/2015,1804461
1632,Paphos,CYPFO,Sea,Unknown,Open,0,0,0,Unknown,Unknown,"34,75373","32,4157",CYP,CYP,Cyprus,01/01/1970,,,,01/11/2012,23/12/2013,146214
1633,Yokkaichi,JPYKK,Sea,Unknown,Unknown,0,0,0,Unknown,Unknown,"34,96253","136,6337",JPN,JPN,Japan,01/01/1970,,,,01/11/2012,05/12/2013,1848373
1634,Dhekelia,CYDHK,Sea,Small,Open,0,0,0,Unknown,Unknown,"34,97453","33,7499",CYP,CYP,Dhekelia and Akrotiri SBA,01/01/1970,,,,01/11/2012,19/01/2015,999999999
1635,Latchi,CYLAT,Sea,Unknown,Open,0,0,0,Unknown,Unknown,"35,04953","32,4479",CYP,CYP,Cyprus,01/01/1970,,,,01/11/2012,23/12/2013,146408
1636,Pusan,KRPUS,Sea,Unknown,Unknown,0,0,0,Unknown,Unknown,"35,12373","129,0617",KOR,KOR,Republic of Korea,01/01/1970,,,,01/11/2012,05/12/2013,1838524
1637,Tagonoura,JPTGO,Sea,Unknown,Unknown,0,0,0,Unknown,Unknown,"35,13353","138,6993",JPN,JPN,Japan,01/01/1970,,,,01/11/2012,19/01/2015,1851717
1638,Gemikonagi,CYMPB,Sea,Unknown,Open,0,0,0,Unknown,Unknown,"35,14283","32,8233",CYP,CYP,Cyprus,01/01/1970,Morphou,,,01/11/2012,19/01/2015,999999999
1639,Masan,KRMAS,Sea,Unknown,Unknown,0,0,0,Unknown,Unknown,"35,18393","128,5699",KOR,KOR,Republic of Korea,01/01/1970,,,,01/11/2012,05/12/2013,1841245
1640,Rizhao,CNRZH,Sea,Unknown,Unknown,0,0,0,Unknown,Unknown,"35,32313","119,4305",CHN,CHN,China,01/01/1970,,,,01/11/2012,20/01/2015,1804461
1641,Matsue,JPMTE,Sea,Unknown,Unknown,0,0,0,Unknown,Unknown,"35,46353","133,0559",JPN,JPN,Japan,01/01/1970,,,,01/11/2012,05/12/2013,1857550
1642,Ulsan,KRUSN,Sea,Unknown,Unknown,0,0,0,Unknown,Unknown,"35,50253","129,3511",KOR,KOR,Republic of Korea,01/01/1970,,,,01/11/2012,05/12/2013,1833747
1643,Kunsan,KRKUV,Sea,Unknown,Unknown,0,0,0,Unknown,Unknown,"35,89283","126,7285",KOR,KOR,Republic of Korea,01/01/1970,,,,01/11/2012,05/12/2013,1842025
1644,Changhang,KRCHG,Sea,Unknown,Unknown,0,0,0,Unknown,Unknown,"35,98153","126,7247",KOR,KOR,Republic of Korea,01/01/1970,,,,01/11/2012,05/12/2013,1846560
1645,Pohang,KRKPO,Sea,Unknown,Unknown,0,0,0,Unknown,Unknown,"36,01113","129,4015",KOR,KOR,Republic of Korea,01/01/1970,,,,01/11/2012,19/01/2015,1839071
1646,Qingdao,CNTAO,Sea,Unknown,Unknown,0,0,0,Unknown,Unknown,"36,06263","120,3105",CHN,CHN,China,01/01/1970,,,,01/11/2012,05/12/2013,1797929
1647,Gokova,TRGKV,Sea,Unknown,Unknown,0,0,0,Unknown,Unknown,"37,05513","28,3271",TUR,TUR,Turkey,01/01/1970,,,,01/11/2012,20/01/2015,324390
1648,Tonghae,KRTGH,Sea,Unknown,Unknown,0,0,0,Unknown,Unknown,"37,48933","129,1387",KOR,KOR,Republic of Korea,01/01/1970,,,,01/11/2012,05/12/2013,6809122
1649,Weihai,CNWEI,Sea,Unknown,Unknown,0,0,0,Unknown,Unknown,"37,50413","122,1321",CHN,CHN,China,01/01/1970,,,,01/11/2012,05/12/2013,1791673
1650,Mukho,KRMUK,Sea,Unknown,Unknown,0,0,0,Unknown,Unknown,"37,54733","129,1207",KOR,KOR,Republic of Korea,01/01/1970,,,,01/11/2012,05/12/2013,1840938
1651,Longkou,CNLKU,Sea,Unknown,Unknown,0,0,0,Unknown,Unknown,"37,64773","120,3247",CHN,CHN,China,01/01/1970,,,,01/11/2012,05/12/2013,1802550
1652,Haeju,KPHAE,Sea,Unknown,Unknown,0,0,0,Unknown,Unknown,"38,00973","125,7171",PRK,PRK,Dem People's Rep of Korea,01/01/1970,,,,01/11/2012,05/12/2013,1877615
1653,Shiogama,JPSGM,Sea,Unknown,Unknown,0,0,0,Unknown,Unknown,"38,32143","141,0319",JPN,JPN,Japan,01/01/1970,,,,01/11/2012,05/12/2013,2111049
1654,Ishinomaki,JPISM,Sea,Unknown,Unknown,0,0,0,Unknown,Unknown,"38,41213","141,3175",JPN,JPN,Japan,01/01/1970,,,,01/11/2012,05/12/2013,2112576
1655,Onagawa,JPONG,Sea,Unknown,Unknown,0,0,0,Unknown,Unknown,"38,44133","141,4503",JPN,JPN,Japan,01/01/1970,,,,01/11/2012,05/12/2013,2111401
1656,Sakata,JPSKT,Sea,Unknown,Unknown,0,0,0,Unknown,Unknown,"38,91293","139,8349",JPN,JPN,Japan,01/01/1970,,,,01/11/2012,05/12/2013,1853140
1657,Dalian,CNDLC,Sea,Unknown,Unknown,0,0,0,Unknown,Unknown,"38,92683","121,6133",CHN,CHN,China,01/01/1970,,,,01/11/2012,05/12/2013,1814087
1658,Ofunato,JPOFT,Sea,Unknown,Unknown,0,0,0,Unknown,Unknown,"39,05623","141,7231",JPN,JPN,Japan,01/01/1970,,,,01/11/2012,05/12/2013,2111530
1659,Tianjinxingang,CNTXG,Sea,Unknown,Unknown,0,0,0,Unknown,Unknown,"39,07203","117,2197",CHN,CHN,China,01/01/1970,,,,01/11/2012,05/12/2013,1792947
1660,Mytilene,GRMJT,Sea,Unknown,Unknown,0,0,0,Unknown,Unknown,"39,09213","26,5731",GRC,GRC,Greece,01/01/1970,,,,01/11/2012,05/12/2013,256866
1661,Wonsan,KPWON,Sea,Unknown,Unknown,0,0,0,Unknown,Unknown,"39,16793","127,4331",PRK,PRK,Dem People's Rep of Korea,01/01/1970,,,,01/11/2012,05/12/2013,1866923
1662,Eceabat,TRECE,Sea,Unknown,Unknown,0,0,0,Unknown,Unknown,"40,20453","26,3659",TUR,TUR,Turkey,01/01/1970,,,,01/11/2012,05/12/2013,747728
1663,Noshiro,JPNSR,Sea,Unknown,Unknown,0,0,0,Unknown,Unknown,"40,20933","140,0395",JPN,JPN,Japan,01/01/1970,,,,01/11/2012,05/12/2013,2128867
1664,Sarkoy,TRSRK,Sea,Unknown,Unknown,0,0,0,Unknown,Unknown,"40,62013","27,1283",TUR,TUR,Turkey,01/01/1970,,,,01/11/2012,20/01/2015,740000
1665,Yingkou,CNYIK,Sea,Unknown,Unknown,0,0,0,Unknown,Unknown,"40,68923","122,2701",CHN,CHN,China,01/01/1970,,,,01/11/2012,05/12/2013,2033370
1666,Tuzla,TRTUZ,Sea,Unknown,Unknown,0,0,0,Unknown,Unknown,"40,82713","29,3255",TUR,TUR,Turkey,01/01/1970,,,,01/11/2012,05/12/2013,738549
1667,Kartal,TRKAR,Sea,Unknown,Unknown,0,0,0,Unknown,Unknown,"40,89473","29,1911",TUR,TUR,Turkey,01/01/1970,,,,01/11/2012,05/12/2013,743932
1668,Maltepe,TRMAL,Sea,Unknown,Unknown,0,0,0,Unknown,Unknown,"40,90733","29,1603",TUR,TUR,Turkey,01/01/1970,,,,01/11/2012,05/12/2013,741763
1669,Bakirkoy,TRBAK,Sea,Unknown,Unknown,0,0,0,Unknown,Unknown,"40,96393","28,8229",TUR,TUR,Turkey,01/01/1970,,,,01/11/2012,05/12/2013,751214
1670,Chongjin,KPCHO,Sea,Unknown,Unknown,0,0,0,Unknown,Unknown,"41,74453","129,7599",PRK,PRK,Dem People's Rep of Korea,01/01/1970,,,,01/11/2012,20/01/2015,2044757
1671,Dwarkar,INDWA,Sea,Unknown,Unknown,0,0,0,Unknown,Unknown,"22,22913","68,9781",IND,IND,India,01/01/1970,,,,01/11/2012,05/12/2013,1272140
1672,Amasra,TRAMA,Sea,Unknown,Unknown,0,0,0,Unknown,Unknown,"41,74913","32,3991",TUR,TUR,Turkey,01/01/1970,,,,01/11/2012,05/12/2013,752016
1673,Muroran,JPMUR,Sea,Unknown,Unknown,0,0,0,Unknown,Unknown,"42,33503","140,9647",JPN,JPN,Japan,01/01/1970,,,,01/11/2012,05/12/2013,2129101
1674,Vladivostok,RUVVO,Sea,Unknown,Unknown,0,0,0,Unknown,Unknown,"43,13783","131,8959",RUS,RUS,Russian Federation,01/01/1970,,,,01/11/2012,05/12/2013,2013348
1675,Abashiri,JPABA,Sea,Unknown,Unknown,0,0,0,Unknown,Unknown,"44,01633","144,1231",JPN,JPN,Japan,01/01/1970,,,,01/11/2012,19/01/2015,2130741
1676,Tuapse,RUTUA,Sea,Unknown,Unknown,0,0,0,Unknown,Unknown,"44,09573","39,0553",RUS,RUS,Russian Federation,01/01/1970,,,,01/11/2012,05/12/2013,480716
1677,Odessa,UAODS,Sea,Medium,Open,0,0,0,No,Accurate,"46,49373","30,7547",UKR,UKR,Ukraine,02/03/2014,,,http://www.worldportsource.com,01/11/2012,02/03/2014,698740
1678,Korsakov,RUKOR,Sea,Unknown,Unknown,0,0,0,Unknown,Unknown,"46,61763","142,7703",RUS,RUS,Russian Federation,01/01/1970,,,,01/11/2012,05/12/2013,2124286
1679,Vanino,RUVNN,Sea,Unknown,Unknown,0,0,0,Unknown,Unknown,"49,08313","140,2673",RUS,RUS,Russian Federation,01/01/1970,,,,01/11/2012,05/12/2013,2119932
1680,Shakhtersk,RUSHA,Sea,Unknown,Unknown,0,0,0,Unknown,Unknown,"49,19273","142,0667",RUS,RUS,Russian Federation,01/01/1970,,,,01/11/2012,05/12/2013,2121367
1681,De-Kastri,RUDKA,Sea,Unknown,Unknown,0,0,0,Unknown,Unknown,"51,46633","140,7707",RUS,RUS,Russian Federation,01/01/1970,,,,01/11/2012,05/12/2013,2126018
1682,Moskalvo,RUMVO,Sea,Unknown,Unknown,0,0,0,Unknown,Unknown,"53,57993","142,5367",RUS,RUS,Russian Federation,01/01/1970,,,,01/11/2012,05/12/2013,2123174
1683,Parnu,EEPAR,Sea,Unknown,Unknown,0,0,0,Unknown,Unknown,"58,37313","24,4923",EST,EST,Estonia,01/01/1970,,,,01/11/2012,05/12/2013,589580
1684,Arman,RUARM,Sea,Unknown,Unknown,0,0,0,Unknown,Unknown,"59,56153","150,7717",RUS,RUS,Russian Federation,01/01/1970,,,,01/11/2012,05/12/2013,2127060
1685,Hanko,FIHKO,Sea,Unknown,Unknown,0,0,0,Unknown,Unknown,"59,81873","22,9551",FIN,FIN,Finland,01/01/1970,,,,01/11/2012,05/12/2013,659101
1686,St Petersburg,RULED,Sea,Unknown,Unknown,0,0,0,Unknown,Unknown,"59,91673","30,2575",RUS,RUS,Russian Federation,01/01/1970,,,,01/11/2012,05/12/2013,498817
1687,Inkoo,FIINK,Sea,Unknown,Unknown,0,0,0,Unknown,Unknown,"59,99753","23,9245",FIN,FIN,Finland,01/01/1970,,,,01/11/2012,16/01/2015,999999999
1688,Kantvik,FIKNT,Sea,Unknown,Unknown,0,0,0,Unknown,Unknown,"60,07973","24,3827",FIN,FIN,Finland,01/01/1970,,,,01/11/2012,05/12/2013,654243
1689,Turku,FITKU,Sea,Unknown,Unknown,0,0,0,Unknown,Unknown,"60,44253","22,2193",FIN,FIN,Finland,01/01/1970,,,,01/11/2012,05/12/2013,633679
1690,Naantali,FINLI,Sea,Unknown,Unknown,0,0,0,Unknown,Unknown,"60,46653","22,0181",FIN,FIN,Finland,01/01/1970,,,,01/11/2012,05/12/2013,645211
1691,Vyborg,RUVYG,Sea,Unknown,Unknown,0,0,0,Unknown,Unknown,"60,71553","28,7421",RUS,RUS,Russian Federation,01/01/1970,,,,01/11/2012,05/12/2013,470546
1692,Stromma,FISTR,Sea,Unknown,Unknown,0,0,0,Unknown,Unknown,"60,18073","22,8931",FIN,FIN,Finland,01/01/1970,,,,01/11/2012,16/01/2015,999999999
1693,Kokkola,FIKOK,Sea,Unknown,Unknown,0,0,0,Unknown,Unknown,"63,85633","23,1145",FIN,FIN,Finland,01/01/1970,,,,01/11/2012,05/12/2013,651945
1694,Onega,RUONG,Sea,Unknown,Unknown,0,0,0,Unknown,Unknown,"63,90353","38,0967",RUS,RUS,Russian Federation,01/01/1970,,,,01/11/2012,05/12/2013,515246
1695,Belomorsk,RUBEM,Sea,Unknown,Unknown,0,0,0,Unknown,Unknown,"64,52393","34,7821",RUS,RUS,Russian Federation,01/01/1970,,,,01/11/2012,05/12/2013,577922
1696,Raahe,FIRAA,Sea,Unknown,Unknown,0,0,0,Unknown,Unknown,"64,68213","24,4609",FIN,FIN,Finland,01/01/1970,,,,01/11/2012,05/12/2013,640276
1697,Kem,RUKEM,Sea,Unknown,Unknown,0,0,0,Unknown,Unknown,"64,94373","34,5881",RUS,RUS,Russian Federation,01/01/1970,,,,01/11/2012,05/12/2013,551145
1698,Mezen,RUMEZ,Sea,Unknown,Unknown,0,0,0,Unknown,Unknown,"65,88633","44,1801",RUS,RUS,Russian Federation,01/01/1970,,,,01/11/2012,05/12/2013,527321
1699,Keret,RUKER,Sea,Unknown,Unknown,0,0,0,Unknown,Unknown,"66,27723","33,5713",RUS,RUS,Russian Federation,01/01/1970,,,,01/11/2012,20/01/2015,535674
1700,Gremikha,RUGRH,Sea,Unknown,Unknown,0,0,0,Unknown,Unknown,"68,04963","39,5317",RUS,RUS,Russian Federation,01/01/1970,,,,01/11/2012,05/12/2013,558929
1701,Iokanka,RUIOK,Sea,Unknown,Unknown,0,0,0,Unknown,Unknown,"68,05543","39,5161",RUS,RUS,Russian Federation,01/01/1970,,,,01/11/2012,05/12/2013,556268
1702,Murmansk,RUMMK,Sea,Unknown,Unknown,0,0,0,Unknown,Unknown,"68,97813","33,0563",RUS,RUS,Russian Federation,01/01/1970,,,,01/11/2012,05/12/2013,524305
1703,Severomorsk,RUSRM,Sea,Unknown,Unknown,0,0,0,Unknown,Unknown,"69,08053","33,4501",RUS,RUS,Russian Federation,01/01/1970,,,,01/11/2012,05/12/2013,496278
1704,Pechenga,RUPCE,Sea,Unknown,Unknown,0,0,0,Unknown,Unknown,"69,57373","31,2561",RUS,RUS,Russian Federation,01/01/1970,,,,01/11/2012,05/12/2013,511865
1705,Pevek,RUPWE,Sea,Unknown,Unknown,0,0,0,Unknown,Unknown,"69,69473","170,3231",RUS,RUS,Russian Federation,01/01/1970,,,,01/11/2012,05/12/2013,2122090
1706,Ashkelon,ILAKL,Unknown,Small,Unknown,0,0,0,Unknown,Unknown,"31,68119","34,55747",ISR,ISR,Israel,01/01/1970,,,,01/11/2012,05/12/2013,295620
1707,Buka,PGBUA,Unknown,Very Small,Unknown,0,0,0,Unknown,Unknown,"-5,43517","154,6643",PNG,PNG,Papua New Guinea,01/01/1970,,,,01/11/2012,20/01/2015,8714539
1708,Loheiya,YELOH,Sea,Unknown,Open,0,0,0,Unknown,Unknown,"15,70063","42,6845",YEM,,Yemen,20/02/2017,,,,01/11/2012,04/12/2017,79050
1709,Diu,INDIU,Sea,Unknown,Unknown,0,0,0,Unknown,Unknown,"20,71053","70,9997",IND,IND,India,01/01/1970,,,,01/11/2012,05/12/2013,1272502
1710,Lirquen,CLLQN,Sea,Unknown,Unknown,0,0,0,Unknown,Unknown,"-36,69987","-72,9802",CHL,CHL,Chile,01/01/1970,,,,01/11/2012,05/12/2013,3883093
1711,Wuhu,CNWHI,River,Unknown,Unknown,0,0,0,Unknown,Unknown,"31,34773","118,3379",CHN,CHN,China,01/01/1970,,,,01/11/2012,05/12/2013,1791236
1712,Gualeguaychu,ARGHU,River,Unknown,Unknown,0,0,0,Unknown,Unknown,"-33,02097","-58,5068",ARG,ARG,Argentina,01/01/1970,,,,01/11/2012,05/12/2013,3433658
1713,Pelotas,BRPET,River,Unknown,Unknown,0,0,0,Unknown,Unknown,"-31,78927","-52,3361",BRA,BRA,Brazil,01/01/1970,,,,01/11/2012,05/12/2013,3454244
1714,Leticia,COLET,River,Unknown,Unknown,0,0,0,Unknown,Unknown,"-4,20577","-69,9387",BRA,BRA,Colombia,01/01/1970,,,,01/11/2012,16/01/2015,3676623
1715,Puerto Ayacucho,VEPYH,River,Unknown,Unknown,0,0,0,Unknown,Unknown,"5,66313","-67,6435",VEN,VEN,Venezuela,01/01/1970,,,,01/11/2012,05/12/2013,3629710
1716,Puerto Carreno,COPCR,River,Unknown,Unknown,0,0,0,Unknown,Unknown,"6,18833","-67,4795",COL,COL,Colombia,01/01/1970,,,,01/11/2012,05/12/2013,3671519
1717,Punta Cuchillo,VEPCU,River,Unknown,Unknown,0,0,0,Unknown,Unknown,"8,33653","-62,7605",VEN,VEN,Venezuela,01/01/1970,,,,01/11/2012,20/01/2015,3645528
1718,Palua,VEPLA,River,Unknown,Unknown,0,0,0,Unknown,Unknown,"8,36543","-62,6755",VEN,VEN,Venezuela,01/01/1970,,,,01/11/2012,20/01/2015,3645528
1719,Ciudad Guayana,VECGU,River,Unknown,Unknown,0,0,0,Unknown,Unknown,"8,37093","-62,6634",VEN,VEN,Venezuela,01/01/1970,,,,01/11/2012,05/12/2013,3645528
1720,Calcutta,INCCU,River,Large,Unknown,0,0,0,Yes,Unknown,"22,55313","88,3383",IND,IND,India,01/01/1970,,,,01/11/2012,18/05/2016,1275004
1721,Jiangmen,CNJMN,River,Unknown,Unknown,0,0,0,Unknown,Unknown,"22,60153","113,1121",CHN,CHN,China,01/01/1970,,,,01/11/2012,05/12/2013,1806299
1722,Chalna,BDCHL,River,Unknown,Unknown,0,0,0,Unknown,Unknown,"22,60683","89,5387",BGD,BGD,Bangladesh,01/01/1970,,,,01/11/2012,05/12/2013,1207571
1723,Jiujiang,CNJIU,River,Unknown,Unknown,0,0,0,Unknown,Unknown,"29,69113","115,9523",CHN,CHN,China,01/01/1970,,,,01/11/2012,05/12/2013,1805179
1724,Shanghai,CNSHA,River,Unknown,Unknown,0,0,0,Unknown,Unknown,"31,23793","121,4883",CHN,CHN,China,01/01/1970,,,,01/11/2012,05/12/2013,1796236
1725,Nanjing,CNNKG,River,Unknown,Unknown,0,0,0,Unknown,Unknown,"32,08723","118,7227",CHN,CHN,China,01/01/1970,,,,01/11/2012,05/12/2013,1799962
1726,Zhenjiang,CNZHE,River,Unknown,Unknown,0,0,0,Unknown,Unknown,"32,21443","119,4349",CHN,CHN,China,01/01/1970,,,,01/11/2012,05/12/2013,1784642
1727,Goya,AROYA,River,Unknown,Unknown,0,0,0,Unknown,Unknown,"-29,14577","-59,2851",ARG,ARG,Argentina,01/01/1970,,,,01/11/2012,05/12/2013,3433715
1728,Porto Velho,BRPVH,River,Unknown,Unknown,0,0,0,Unknown,Unknown,"-8,76497","-63,9184",BRA,BRA,Brazil,01/01/1970,,,,01/11/2012,05/12/2013,3662762
1729,Telok Anson,MYTAN,River,Unknown,Unknown,0,0,0,Unknown,Unknown,"4,02533","101,0203",MYS,MYS,Malaysia,01/01/1970,,,,01/11/2012,05/12/2013,1735459
1730,Garoua,CMGOU,River,Very Small,Unknown,0,0,0,Unknown,Unknown,"9,29133","13,3989",CMR,CMR,Cameroon,01/01/1970,,,,01/11/2012,15/10/2014,2231320
1731,Mongla,BDMGL,River,Unknown,Unknown,0,0,0,Yes,Unknown,"22,47873","89,5967",BGD,BGD,Bangladesh,01/01/1970,,,,01/11/2012,18/05/2016,1341778
1732,Budge-Budge,INBUD,River,Unknown,Unknown,0,0,0,Unknown,Unknown,"22,48793","88,1843",IND,IND,India,01/01/1970,,,,01/11/2012,19/01/2015,1275004
1733,Wuzhou,CNWUZ,River,Unknown,Unknown,0,0,0,Unknown,Unknown,"23,47333","111,3225",CHN,CHN,China,01/01/1970,,,,01/11/2012,05/12/2013,1790840
1734,Narayanganj,BDNAR,River,Unknown,Unknown,0,0,0,Unknown,Unknown,"23,60323","90,5051",BGD,BGD,Bangladesh,01/01/1970,,,,01/11/2012,05/12/2013,1185155
1735,Quanzhou,CNQZJ,Sea,Unknown,Unknown,0,0,0,Unknown,Bad,"24,88055","118,65748",CHN,CHN,China,01/01/1970,,,,01/11/2012,20/01/2015,1797353
1736,Huangshi,CNHSI,River,Unknown,Unknown,0,0,0,Unknown,Unknown,"30,20933","115,1481",CHN,CHN,China,01/01/1970,,,,01/11/2012,05/12/2013,1807234
1737,Fao,IQFAO,River,Unknown,Unknown,0,0,0,Unknown,Unknown,"29,97463","48,4833",IRQ,IRQ,Iraq,01/01/1970,,,,01/11/2012,05/12/2013,99446
1738,Anqing,CNAQG,River,Unknown,Unknown,0,0,0,Unknown,Unknown,"30,49393","117,0393",CHN,CHN,China,01/01/1970,,,,01/11/2012,05/12/2013,1817993
1739,Wuhan,CNWUH,River,Unknown,Unknown,0,0,0,Unknown,Unknown,"30,56483","114,2735",CHN,CHN,China,01/01/1970,,,,01/11/2012,05/12/2013,1791247
1740,Tongling,CNTOL,River,Unknown,Unknown,0,0,0,Unknown,Unknown,"30,94813","117,7769",CHN,CHN,China,01/01/1970,,,,01/11/2012,05/12/2013,1792622
1741,Tianjin,CNTSN,River,Unknown,Unknown,0,0,0,Unknown,Unknown,"39,12793","117,1993",CHN,CHN,China,01/01/1970,,,,01/11/2012,05/12/2013,1792947
1742,Eregli,TRELI,Sea,Medium,Unknown,0,0,0,Unknown,Unknown,"41,29093","31,4133",TUR,TUR,Turkey,01/01/1970,,,,01/11/2012,05/12/2013,747471
1743,Igarka,RUIAA,River,Unknown,Unknown,0,0,0,Unknown,Unknown,"67,45673","86,5573",RUS,RUS,Russian Federation,01/01/1970,,,,01/11/2012,05/12/2013,1505991
1744,Dudinka,RUDUD,River,Unknown,Unknown,0,0,0,Unknown,Unknown,"69,40633","86,1587",RUS,RUS,Russian Federation,01/01/1970,,,,01/11/2012,05/12/2013,1507116
1745,Vuda,FJVUD,Unknown,Unknown,Unknown,0,0,0,Unknown,Unknown,"-17,68339","177,38855",,FJI,,01/01/1970,,,,01/11/2012,29/03/2017,2196647
1746,Coquimbo,CLCQQ,Sea,Medium,Unknown,0,0,0,Unknown,Unknown,"-29,95977","-71,3307",CHL,CHL,Chile,01/01/1970,,,,01/11/2012,05/12/2013,3893629
1747,Rotuma,FJRTA,Unknown,Unknown,Unknown,0,0,0,Unknown,Unknown,"-12,51487","177,1293",FJI,FJI,Fiji,01/01/1970,,,,01/11/2012,19/01/2015,2197281
1748,Gilau,PGGIL,Unknown,Unknown,Unknown,0,0,0,Unknown,Unknown,"-5,48917","149,0419",PNG,PNG,Papua New Guinea,01/01/1970,,,,01/11/2012,05/12/2013,2096967
1749,Fateh Terminal,AEFAT,Unknown,Unknown,Unknown,0,0,0,Unknown,Unknown,"25,58083","54,4133",ARE,ARE,United Arab Emirates,01/01/1970,,,,01/11/2012,16/01/2015,999999999
1750,Mubarek Terminal,AEMUB,Unknown,Unknown,Unknown,0,0,0,Unknown,Unknown,"25,81203","55,1805",ARE,ARE,United Arab Emirates,01/01/1970,,,,01/11/2012,16/01/2015,999999999
1751,Alanya,TRALA,Sea,Small,Unknown,0,0,0,Unknown,Unknown,"36,54713","32,0179",TUR,TUR,Turkey,01/01/1970,,,,01/11/2012,05/12/2013,324190
1752,Kas,TRKAS,Sea,Unknown,Unknown,0,0,0,Unknown,Unknown,"36,19703","29,6285",TUR,TUR,Turkey,01/01/1970,,,,01/11/2012,05/12/2013,308948
1753,Istanbul,TRIST,Sea,Large,Unknown,0,0,0,Unknown,Unknown,"41,03413","28,9945",TUR,TUR,Turkey,01/01/1970,,,,01/11/2012,24/04/2017,745044
1754,Veracruz,MXVER,Sea,Large,Unknown,0,0,0,Unknown,Unknown,"19,20223","-96,1242",MEX,MEX,Mexico,01/01/1970,,,,01/11/2012,05/12/2013,3514783
1755,Canakkale,TRCKZ,Sea,Large,Unknown,0,0,0,Unknown,Unknown,"40,14833","26,4023",TUR,TUR,Turkey,01/01/1970,,,,01/11/2012,05/12/2013,749780
1756,Buenos Aires,ARBUE,Sea,Large,Unknown,0,0,0,Unknown,Unknown,"-34,60257","-58,3747",ARG,ARG,Argentina,01/01/1970,,,,01/11/2012,05/12/2013,3435910
1757,Niteroi,BRNTR,Sea,Large,Unknown,0,0,0,Unknown,Unknown,"-22,88077","-42,1315",BRA,BRA,Brazil,01/01/1970,,,,01/11/2012,16/01/2015,3468615
1758,Callao,PECLL,Sea,Large,Unknown,0,0,0,Unknown,Unknown,"-12,04873","-77,14381",PER,PER,Peru,01/01/1970,,,,01/11/2012,14/06/2017,3946083
1759,Santiago De Cuba,CUSCU,Sea,Large,Unknown,0,0,0,Unknown,Unknown,"20,02726","-75,83812",,CUB,,01/01/1970,,,,01/11/2012,31/05/2017,3536729
1760,Farafangana,MGRVA,Sea,Very Small,Unknown,0,0,0,Unknown,Bad,"-22,81379","47,83071",MDG,MDG,Madagascar,01/01/1970,,,,01/11/2012,05/12/2013,1065158
1761,Karachi,PKKHI,Sea,Large,Open,0,0,0,Yes,Accurate,"24,83424","66,97856",PAK,"PAK,AFG",Pakistan,01/01/1970,,,,01/11/2012,28/09/2017,1174872
1762,Colombo,LKCMB,Sea,Large,Unknown,0,0,0,Yes,Unknown,"6,94119","79,8428",LKA,LKA,Sri Lanka,01/01/1970,,,,01/11/2012,18/05/2016,1248991
1763,Talcahuano,CLTAL,Sea,Medium,Unknown,0,0,0,Unknown,Unknown,"-36,68017","-73,0968",CHL,CHL,Chile,01/01/1970,,,,01/11/2012,05/12/2013,3870282
1764,La Plata,ARLPG,Sea,Medium,Unknown,0,0,0,Unknown,Unknown,"-34,83317","-57,8883",ARG,ARG,Argentina,01/01/1970,,,,01/11/2012,16/01/2015,3432043
1765,Valparaiso,CLVAP,Sea,Medium,Unknown,0,0,0,Unknown,Unknown,"-33,03667","-71,6331",CHL,CHL,Chile,01/01/1970,,,,01/11/2012,05/12/2013,3868626
1766,Santos,BRSSZ,Sea,Medium,Unknown,0,0,0,Unknown,Unknown,"-23,92767","-46,3069",BRA,BRA,Brazil,01/01/1970,,,,01/11/2012,05/12/2013,3449433
1767,Tubarao,BRTUB,Sea,Medium,Unknown,0,0,0,Unknown,Unknown,"-20,27957","-40,2494",BRA,BRA,Brazil,01/01/1970,,,,01/11/2012,05/12/2013,3445994
1768,Cilacap,IDCXP,Sea,Medium,Unknown,0,0,0,Unknown,Unknown,"-7,74913","109,01491",,IDN,,01/01/1970,,,,01/11/2012,11/05/2017,1646559
1769,Semarang,IDSRG,Sea,Medium,Unknown,0,0,0,Unknown,Unknown,"-6,9467","110,42515",IDN,IDN,Indonesia,01/01/1970,,,,01/11/2012,11/05/2017,1627896
1770,Belem,BRBEL,Sea,Medium,Unknown,0,0,0,Unknown,Unknown,"-1,44347","-48,5079",BRA,BRA,Brazil,01/01/1970,,,,01/11/2012,05/12/2013,3405870
1771,Buenaventura,COBUN,Sea,Medium,Unknown,0,0,0,Unknown,Unknown,"3,89244","-77,07841",,COL,,01/01/1970,,,,01/11/2012,07/04/2017,3688451
1772,Caldera,CRCAL,Sea,Medium,Unknown,0,0,0,Unknown,Unknown,"9,90433","-84,7169",CRI,CRI,Costa Rica,01/01/1970,,,,01/11/2012,05/12/2013,3624515
1773,Puerto Sucre,VECUM,Sea,Medium,Unknown,0,0,0,Unknown,Unknown,"10,45943","-64,1867",VEN,VEN,Venezuela,01/01/1970,,,,01/11/2012,05/12/2013,3629639
1774,Sint Nicolaas,AWSNL,Sea,Medium,Unknown,0,0,0,Unknown,Unknown,"12,42103","-69,9095",ABW,ABW,Aruba,01/01/1970,,,,01/11/2012,05/12/2013,3577089
1775,Corinto,NICIO,Sea,Medium,Unknown,0,0,0,Unknown,Unknown,"12,48084","-87,16871",NIC,NIC,Nicaragua,01/01/1970,,,,01/11/2012,05/06/2017,3620269
1776,Acajutla,SVAQJ,Sea,Medium,Unknown,0,0,0,Unknown,Unknown,"13,57773","-89,8374",SLV,SLV,El Salvador,01/01/1970,,,,01/11/2012,05/12/2013,3587498
1777,Puerto Quetzal,GTPRQ,Sea,Medium,Unknown,0,0,0,Unknown,Unknown,"13,92239","-90,78141",GTM,GTM,Guatemala,01/01/1970,,,,01/11/2012,19/01/2015,3591060
1778,Lazaro Cardenas,MXLZC,Sea,Medium,Unknown,0,0,0,Unknown,Unknown,"17,91523","-102,1623",MEX,MEX,Mexico,01/01/1970,,,,01/11/2012,05/12/2013,4026082
1779,Kingston,JMKIN,Sea,Medium,Unknown,0,0,0,Unknown,Unknown,"17,98213","-76,8242",JAM,JAM,Jamaica,01/01/1970,,,,01/11/2012,05/12/2013,3489854
1780,Dos Bocas Terminal,MXDBT,Sea,Medium,Unknown,0,0,0,Unknown,Unknown,"18,61403","-93,1645",MEX,MEX,Mexico,01/01/1970,,,,01/11/2012,19/01/2015,999999999
1781,Manzanillo,MXZLO,Sea,Medium,Unknown,0,0,0,Unknown,Unknown,"19,05013","-104,33",MEX,MEX,Mexico,01/01/1970,,,,01/11/2012,05/12/2013,3996663
1782,Mazatlan,MXMZT,Sea,Medium,Unknown,0,0,0,Unknown,Unknown,"23,17393","-106,4244",MEX,MEX,Mexico,01/01/1970,,,,01/11/2012,05/12/2013,3996322
1783,Yanbo,SAYNB,Sea,Medium,Unknown,0,0,0,Unknown,Unknown,"24,06953","38,0547",SAU,SAU,Saudi Arabia,01/01/1970,,,,01/11/2012,20/01/2015,100425
1784,Port Rashid,AEPRA,Sea,Medium,Unknown,0,0,0,Unknown,Unknown,"25,25373","55,2711",ARE,ARE,United Arab Emirates,01/01/1970,,,,01/11/2012,20/01/2015,292223
1785,Damman,SADMN,Sea,Medium,Unknown,0,0,0,Unknown,Unknown,"26,48993","50,2055",SAU,SAU,Saudi Arabia,01/01/1970,,,,01/11/2012,20/01/2015,110336
1786,Freeport,BSFPO,Sea,Medium,Unknown,0,0,0,Unknown,Unknown,"26,51503","-78,6324",BHS,BHS,Bahamas,01/01/1970,,,,01/11/2012,05/12/2013,3572375
1787,Jubail,SAJUB,Sea,Medium,Unknown,0,0,0,Unknown,Unknown,"27,01673","49,6603",SAU,SAU,Saudi Arabia,01/01/1970,,,,01/11/2012,05/12/2013,109435
1788,Hamilton,BMBDA,Sea,Medium,Unknown,0,0,0,Unknown,Unknown,"32,29713","-64,7909",BMU,BMU,Bermuda,01/01/1970,,,,01/11/2012,05/12/2013,3573197
1789,Haydarpasa,TRHAY,Sea,Medium,Unknown,0,0,0,Unknown,Unknown,"41,00063","29,0295",TUR,TUR,Turkey,01/01/1970,,,,01/11/2012,20/01/2015,745044
1790,Puerto Deseado,ARPUD,Sea,Medium,Unknown,0,0,0,Unknown,Unknown,"-47,74737","-65,8929",ARG,ARG,Argentina,01/01/1970,,,,01/11/2012,05/12/2013,3840104
1791,Quequen,ARQQN,Sea,Medium,Unknown,0,0,0,Unknown,Unknown,"-38,57747","-58,7038",ARG,ARG,Argentina,01/01/1970,,,,01/11/2012,05/12/2013,3429664
1792,San Antonio,CLSAI,Sea,Medium,Unknown,0,0,0,Unknown,Unknown,"-33,58947","-71,6118",CHL,CHL,Chile,01/01/1970,,,,01/11/2012,05/12/2013,3872395
1793,Itajai,BRITJ,Sea,Medium,Unknown,0,0,0,Unknown,Unknown,"-26,90537","-48,655",BRA,BRA,Brazil,01/01/1970,,,,01/11/2012,05/12/2013,3460845
1794,Antofagasta,CLANF,Sea,Medium,Unknown,0,0,0,Unknown,Unknown,"-23,64957","-70,4037",CHL,CHL,Chile,01/01/1970,,,,01/11/2012,05/12/2013,3899539
1795,Rio De Janeiro,BRRIO,Sea,Medium,Unknown,0,0,0,Unknown,Unknown,"-22,89687","-43,2041",BRA,BRA,Brazil,01/01/1970,,,,01/11/2012,05/12/2013,3451190
1796,Vitoria,BRVIX,Sea,Medium,Unknown,0,0,0,Unknown,Unknown,"-20,32817","-40,3459",BRA,BRA,Brazil,01/01/1970,,,,01/11/2012,05/12/2013,3444924
1797,Salvador,BRSSA,Sea,Medium,Unknown,0,0,0,Unknown,Unknown,"-12,93997","-38,4939",BRA,BRA,Brazil,01/01/1970,,,,01/11/2012,05/12/2013,3450554
1798,Cirebon,IDCBN,Sea,Medium,Unknown,0,0,0,Unknown,Unknown,"-6,70907","108,57073",,IDN,,01/01/1970,,,,01/11/2012,11/05/2017,1646170
1799,Mahanoro,MGVVB,Sea,Very Small,Unknown,0,0,0,Unknown,Bad,"-19,91507","48,8193",MDG,MDG,Madagascar,01/01/1970,,,,01/11/2012,05/12/2013,1062553
1800,Banjarmasin,IDBDJ,Sea,Medium,Unknown,0,0,0,Unknown,Unknown,"-3,33321","114,5551",IDN,IDN,Indonesia,01/01/1970,,,,01/11/2012,11/05/2017,1650213
1801,Puerto Limon,CRLIO,Sea,Medium,Unknown,0,0,0,Unknown,Unknown,"9,99033","-83,033",CRI,CRI,Costa Rica,01/01/1970,,,,01/11/2012,05/12/2013,3622247
1802,Pamatacual,VEPAM,Sea,Medium,Unknown,0,0,0,Unknown,Unknown,"10,23533","-64,5672",VEN,VEN,Venezuela,01/01/1970,,,,01/11/2012,05/12/2013,3630901
1803,Oranjestad,AWORJ,Sea,Medium,Unknown,0,0,0,Unknown,Unknown,"12,52723","-70,0392",ABW,ABW,Aruba,01/01/1970,,,,01/11/2012,05/12/2013,3577154
1804,Rio Haina,DOHAI,Sea,Medium,Unknown,0,0,0,Unknown,Unknown,"18,42238","-70,01693",,DOM,,01/01/1970,,,,01/11/2012,06/06/2017,3504833
1805,San Juan,PRSJU,Sea,Medium,Unknown,0,0,0,Unknown,Unknown,"18,43033","-66,105",PRI,PRI,Puerto Rico,01/01/1970,,,,01/11/2012,05/12/2013,4568127
1806,Santo Domingo,DOSDQ,Sea,Medium,Unknown,0,0,0,Unknown,Unknown,"18,46948","-69,88279",,DOM,,01/01/1970,,,,01/11/2012,06/06/2017,7874116
1807,Tuxpan,MXTUX,Sea,Medium,Unknown,0,0,0,Unknown,Unknown,"20,96053","-97,4043",MEX,MEX,Mexico,01/01/1970,,,,01/11/2012,05/12/2013,3532385
1808,Ashdod,ILASH,Sea,Medium,Unknown,0,0,0,Unknown,Unknown,"31,82475","34,6482",ISR,ISR,Israel,01/01/1970,,,,01/11/2012,05/12/2013,295629
1809,San Fernando De Apure,VESFD,River,Unknown,Unknown,0,0,0,Unknown,Unknown,"7,90953","-67,4762",VEN,VEN,Venezuela,01/01/1970,,,,01/11/2012,05/12/2013,3805673
1810,Ensenada,MXESE,Sea,Medium,Unknown,0,0,0,Unknown,Unknown,"31,86133","-116,6219",MEX,MEX,Mexico,01/01/1970,,,,01/11/2012,05/12/2013,4006702
1811,Montevideo,UYMVD,Sea,Medium,Unknown,0,0,0,Unknown,Unknown,"-34,89977","-56,1958",URY,URY,Uruguay,01/01/1970,,,,01/11/2012,05/12/2013,3441575
1812,Recife,BRREC,Sea,Medium,Unknown,0,0,0,Unknown,Unknown,"-8,07737","-34,8958",BRA,BRA,Brazil,01/01/1970,,,,01/11/2012,05/12/2013,3390760
1813,Itaqui,BRITQ,Sea,Medium,Unknown,0,0,0,Unknown,Unknown,"-2,58347","-44,3648",BRA,BRA,Brazil,01/01/1970,,,,01/11/2012,05/12/2013,3397889
1814,Dumai,IDDUM,Sea,Medium,Unknown,0,0,0,Unknown,Unknown,"1,6861","101,44849",,IDN,,01/01/1970,,,,01/11/2012,10/05/2017,1645133
1815,Degrad Des Cannes,GFDDC,Sea,Medium,Unknown,0,0,0,Unknown,Unknown,"4,84663","-52,2658",GUF,GUF,French Guiana,01/01/1970,,,,01/11/2012,05/12/2013,3381921
1816,Georgetown,GYGEO,Sea,Medium,Unknown,0,0,0,Unknown,Unknown,"6,80983","-58,1614",GUY,GUY,Guyana,01/01/1970,,,,01/11/2012,05/12/2013,3378644
1817,Balboa,PABLB,Sea,Medium,Unknown,0,0,0,Unknown,Unknown,"8,96003","-79,5613",PAN,PAN,Panama,01/01/1970,,,,01/11/2012,05/12/2013,3714426
1818,Cristobal,PACTB,Sea,Medium,Unknown,0,0,0,Unknown,Unknown,"9,34713","-79,9052",PAN,PAN,Panama,01/01/1970,,,,01/11/2012,05/12/2013,3711828
1819,Puerto Cabello,VEPBL,Sea,Medium,Unknown,0,0,0,Unknown,Unknown,"10,47953","-68,0093",VEN,VEN,Venezuela,01/01/1970,,,,01/11/2012,05/12/2013,3629706
1820,La Guaira,VELAG,Sea,Medium,Unknown,0,0,0,Unknown,Unknown,"10,60603","-66,8915",VEN,VEN,Venezuela,01/01/1970,,,,01/11/2012,05/12/2013,3637721
1821,La Ceiba / Maracaibo L,VELCV,Sea,Medium,Unknown,0,0,0,Unknown,Unknown,"10,70053","-71,5897",VEN,VEN,Venezuela,01/01/1970,,,,01/11/2012,05/12/2013,3633009
1822,Szczecin,PLSZZ,Sea,Unknown,Unknown,0,0,0,Unknown,Unknown,"53,42793","14,5631",POL,POL,Poland,01/01/1970,,,,01/11/2012,05/12/2013,3083829
1823,Barranquilla,COBAQ,Sea,Medium,Unknown,0,0,0,Unknown,Unknown,"10,96288","-74,75962",COL,COL,Colombia,01/01/1970,,,,01/11/2012,07/04/2017,3689147
1824,Jeddah,SAJED,Sea,Medium,Unknown,0,0,0,Unknown,Unknown,"21,48133","39,1805",SAU,SAU,Saudi Arabia,01/01/1970,,,,01/11/2012,05/12/2013,105343
1825,Cienfuegos,CUCFG,Sea,Medium,Unknown,0,0,0,Unknown,Unknown,"22,14121","-80,45628",CUB,CUB,Cuba,01/01/1970,,,,01/11/2012,31/05/2017,3564124
1826,Tampico,MXTAM,Sea,Medium,Unknown,0,0,0,Unknown,Unknown,"22,24293","-97,826",MEX,MEX,Mexico,01/01/1970,,,,01/11/2012,05/12/2013,3824166
1827,Guaymas,MXGYM,Sea,Medium,Unknown,0,0,0,Unknown,Unknown,"27,91603","-110,8762",MEX,MEX,Mexico,01/01/1970,,,,01/11/2012,05/12/2013,4005143
1828,Izmir,TRIZM,Sea,Medium,Unknown,0,0,0,Unknown,Unknown,"38,45433","27,1685",TUR,TUR,Turkey,01/01/1970,,,,01/11/2012,05/12/2013,311046
1829,Gemlik,TRGEM,Sea,Medium,Unknown,0,0,0,Unknown,Unknown,"40,43403","29,1581",TUR,TUR,Turkey,01/01/1970,,,,01/11/2012,05/12/2013,746958
1830,Ambarli,TRAMB,Sea,Medium,Unknown,0,0,0,Unknown,Unknown,"40,97633","28,6957",TUR,TUR,Turkey,01/01/1970,,,,01/11/2012,05/12/2013,751558
1831,Topolobampo,MXTPB,Sea,Medium,Unknown,0,0,0,Unknown,Unknown,"25,60093","-109,0452",MEX,MEX,Mexico,01/01/1970,,,,01/11/2012,05/12/2013,3981345
1832,Muhammad Bin Qasim,PKBQM,Sea,Medium,Unknown,0,0,0,Unknown,Accurate,"24,76282","67,33042",PAK,PAK,Pakistan,01/01/1970,,,,01/11/2012,19/01/2015,1174872
1833,Santa Fe,ARSFN,River,Medium,Unknown,0,0,0,Unknown,Unknown,"-31,61447","-60,6679",ARG,ARG,Argentina,01/01/1970,,,,01/11/2012,05/12/2013,3836277
1834,Iquitos,PEIQT,River,Medium,Unknown,0,0,0,Unknown,Unknown,"-3,75157","-73,187",PER,PER,Peru,01/01/1970,,,,01/11/2012,05/12/2013,3696183
1835,Manaus,BRMAO,River,Medium,Unknown,0,0,0,Unknown,Unknown,"-3,13247","-60,0193",BRA,BRA,Brazil,01/01/1970,,,,01/11/2012,05/12/2013,3663517
1836,Cabo Negro,CLCNX,Sea,Small,Unknown,0,0,0,Unknown,Unknown,"-53,00767","-70,8147",CHL,CHL,Chile,01/01/1970,,,,01/11/2012,16/01/2015,3874787
1837,Quemchi,CLQMC,Sea,Small,Unknown,0,0,0,Unknown,Unknown,"-42,14287","-73,4769",CHL,CHL,Chile,01/01/1970,,,,01/11/2012,05/12/2013,3874390
1838,Quintero,CLQTV,Sea,Small,Unknown,0,0,0,Unknown,Unknown,"-32,77977","-71,5506",CHL,CHL,Chile,01/01/1970,,,,01/11/2012,05/12/2013,3873983
1839,Guayacan,CLGYC,Sea,Small,Unknown,0,0,0,Unknown,Unknown,"-29,96017","-71,3612",CHL,CHL,Chile,01/01/1970,,,,01/11/2012,05/12/2013,3888317
1840,Huasco,CLHSO,Sea,Small,Unknown,0,0,0,Unknown,Unknown,"-28,45577","-71,2281",CHL,CHL,Chile,01/01/1970,,,,01/11/2012,05/12/2013,3887758
1841,Taltal,CLTTC,Sea,Small,Unknown,0,0,0,Unknown,Unknown,"-25,39757","-70,4835",CHL,CHL,Chile,01/01/1970,,,,01/11/2012,05/12/2013,3870243
1842,Matarani,PEMRI,Sea,Small,Unknown,0,0,0,Unknown,Unknown,"-17,00167","-72,10884",,PER,,01/01/1970,,,,01/11/2012,14/06/2017,3935187
1843,General San Martin,PEGSM,Sea,Small,Unknown,0,0,0,Unknown,Unknown,"-13,80271","-76,29161",,PER,,01/01/1970,,,,01/11/2012,14/06/2017,3931478
1844,La Pampilla,PELPP,Sea,Small,Unknown,0,0,0,Unknown,Unknown,"-11,95655","-77,13473",PER,PER,Peru,01/01/1970,,,,01/11/2012,14/06/2017,3936933
1845,Huarmey,PEHUY,Sea,Small,Unknown,0,0,0,Unknown,Unknown,"-10,09738","-78,17118",PER,PER,Peru,01/01/1970,,,,01/11/2012,14/06/2017,3939168
1846,Pekalongan,IDPEX,Sea,Small,Unknown,0,0,0,Unknown,Unknown,"-6,86048","109,69216",IDN,IDN,Indonesia,01/01/1970,,,,01/11/2012,11/05/2017,1631766
1847,Tegal,IDTEG,Sea,Small,Unknown,0,0,0,Unknown,Unknown,"-6,84997","109,12879",IDN,IDN,Indonesia,01/01/1970,,,,01/11/2012,11/05/2017,1624494
1848,Rembang,IDREM,Sea,Small,Unknown,0,0,0,Unknown,Unknown,"-6,70073","111,3374",,IDN,,01/01/1970,,,,01/11/2012,11/05/2017,8060713
1849,Pomala,IDPUM,Sea,Small,Unknown,0,0,0,Unknown,Unknown,"-4,23145","121,57935",IDN,IDN,Indonesia,01/01/1970,,,,01/11/2012,11/05/2017,1630916
1850,Bengkulu,IDBKS,Sea,Small,Unknown,0,0,0,Unknown,Unknown,"-3,78401","102,25214",,IDN,,01/01/1970,,,,01/11/2012,11/05/2017,1649150
1851,Ambon,IDAMQ,Sea,Small,Unknown,0,0,0,Unknown,Unknown,"-3,6941","128,17627",IDN,IDN,Indonesia,01/01/1970,,,,01/11/2012,11/05/2017,1651531
1852,Sampit,IDSMQ,Sea,Small,Unknown,0,0,0,Unknown,Unknown,"-2,56692","112,97398",IDN,IDN,Indonesia,01/01/1970,,,,01/11/2012,11/05/2017,1628884
1853,Banggai,IDBGG,Sea,Small,Unknown,0,0,0,Unknown,Unknown,"-1,5905","123,49923",IDN,IDN,Indonesia,01/01/1970,,,,01/11/2012,11/05/2017,1650328
1854,Sorong,IDSOQ,Sea,Small,Unknown,0,0,0,Unknown,Unknown,"-0,87802","131,24612",IDN,IDN,Indonesia,01/01/1970,,,,01/11/2012,11/05/2017,1626542
1855,Corumba,BRCMG,Lake,Unknown,Unknown,0,0,0,Unknown,Unknown,"-19,00377","-57,6313",BRA,BRA,Brazil,01/01/1970,,,,01/11/2012,05/12/2013,3465342
1856,Maroantsetra,MGWMN,Sea,Very Small,Open,2,190,0,Unknown,Accurate,"-15,43934","49,74022",MDG,MDG,Madagascar,04/12/2013,,,Bing image + CO,01/11/2012,04/12/2013,1060283
1857,Ternate,IDTTE,Sea,Small,Unknown,0,0,0,Unknown,Unknown,"0,78066","127,38809",,IDN,,01/01/1970,,,,01/11/2012,11/05/2017,1624041
1858,Kidjang,IDKID,Sea,Small,Unknown,0,0,0,Unknown,Unknown,"0,83743","104,60929",IDN,IDN,Indonesia,01/01/1970,,,,01/11/2012,10/05/2017,1640044
1859,Tanjung Pinang,IDTNJ,Sea,Small,Unknown,0,0,0,Unknown,Unknown,"0,92914","104,45295",,IDN,,01/01/1970,,,,01/11/2012,10/05/2017,1624863
1860,Sangkulirang,IDSKI,Sea,Small,Unknown,0,0,0,Unknown,Unknown,"0,98755","117,98506",,IDN,,01/01/1970,,,,01/11/2012,11/05/2017,1628757
1861,Tandjung Uban,IDTUB,Sea,Small,Unknown,0,0,0,Unknown,Unknown,"1,05565","104,22524",,IDN,,01/01/1970,,,,01/11/2012,10/05/2017,1624815
1862,Sungai Pakning,IDSEQ,Sea,Small,Unknown,0,0,0,Unknown,Unknown,"1,34437","102,15743",IDN,IDN,Indonesia,01/01/1970,,,,01/11/2012,10/05/2017,1625934
1863,Sumenep,IDSUP,Sea,Small,Unknown,0,0,0,Unknown,Unknown,"1,36036","102,15853",IDN,IDN,Indonesia,01/01/1970,,,,01/11/2012,10/05/2017,1625934
1864,Meulaboh,IDMEQ,Sea,Small,Unknown,0,0,0,Unknown,Unknown,"4,12711","96,13002",,IDN,,01/01/1970,,,,01/11/2012,11/05/2017,1214488
1865,Nunukan,IDNNX,Sea,Small,Unknown,0,0,0,Unknown,Unknown,"4,14389","117,64715",IDN,IDN,Indonesia,01/01/1970,,,,01/11/2012,11/05/2017,1633811
1866,Bachaquero / Maracaibo L,VEBAV,Sea,Small,Unknown,0,0,0,Unknown,Unknown,"9,92593","-71,1393",VEN,VEN,Venezuela,01/01/1970,,,,01/11/2012,05/12/2013,3648698
1867,Puntarenas,CRPAS,Sea,Small,Unknown,0,0,0,Unknown,Unknown,"9,96523","-84,8444",CRI,CRI,Costa Rica,01/01/1970,,,,01/11/2012,05/12/2013,3622228
1868,Point Galeota,TTPTG,Sea,Small,Unknown,0,0,0,Unknown,Unknown,"10,13063","-60,9945",TTO,TTO,Trinidad and Tobago,01/01/1970,,,,01/11/2012,20/01/2015,3574435
1869,Pertigalete,VEPRG,Sea,Small,Unknown,0,0,0,Unknown,Unknown,"10,25473","-64,5511",VEN,VEN,Venezuela,01/01/1970,,,,01/11/2012,05/12/2013,3630321
1870,Pointe A Pierre,TTPTP,Sea,Small,Unknown,0,0,0,Unknown,Unknown,"10,31553","-61,4596",TTO,TTO,Trinidad and Tobago,01/01/1970,,,,01/11/2012,05/12/2013,3573902
1871,Point Lisas,TTPTS,Sea,Small,Unknown,0,0,0,Unknown,Unknown,"10,36263","-61,4765",TTO,TTO,Trinidad and Tobago,01/01/1970,,,,01/11/2012,20/01/2015,3573738
1872,Punta De Palmas,VEPLV,Sea,Small,Unknown,0,0,0,Unknown,Unknown,"10,44413","-71,6271",VEN,VEN,Venezuela,01/01/1970,,,,01/11/2012,05/12/2013,3629605
1873,Guiria,VEGUI,Sea,Small,Unknown,0,0,0,Unknown,Unknown,"10,56913","-62,2937",VEN,VEN,Venezuela,01/01/1970,,,,01/11/2012,05/12/2013,3639725
1874,Port Of Spain,TTPOS,Sea,Small,Unknown,0,0,0,Unknown,Unknown,"10,65443","-61,5273",TTO,TTO,Trinidad and Tobago,01/01/1970,,,,01/11/2012,05/12/2013,3573890
1875,Tembladora,TTTEM,Sea,Small,Unknown,0,0,0,Unknown,Unknown,"10,67823","-61,5816",TTO,TTO,Trinidad and Tobago,01/01/1970,,,,01/11/2012,20/01/2015,3573890
1876,Chaguaramas,TTCHA,Sea,Small,Unknown,0,0,0,Unknown,Unknown,"10,68973","-61,6649",TTO,TTO,Trinidad and Tobago,01/01/1970,,,,01/11/2012,05/12/2013,3574806
1877,Puerto Miranda / Maracaibo L.,VEMIV,Sea,Small,Unknown,0,0,0,Unknown,Unknown,"10,77253","-71,5591",VEN,VEN,Venezuela,01/01/1970,,,,01/11/2012,05/12/2013,3629659
1878,El Guamache,VEEGU,Sea,Small,Unknown,0,0,0,Unknown,Unknown,"10,86233","-64,0588",VEN,VEN,Venezuela,01/01/1970,,,,01/11/2012,05/12/2013,3480941
1879,San Juan Del Sur,NISJS,Sea,Small,Unknown,0,0,0,Unknown,Unknown,"11,25097","-85,87575",NIC,NIC,Nicaragua,01/01/1970,,,,01/11/2012,05/06/2017,3616726
1880,Las Piedras,VELSP,Sea,Small,Unknown,0,0,0,Unknown,Unknown,"11,57143","-70,1402",VEN,VEN,Venezuela,01/01/1970,,,,01/11/2012,05/12/2013,3635464
1881,Punta Cardon,VEPCN,Sea,Small,Unknown,0,0,0,Unknown,Unknown,"11,62553","-70,2325",VEN,VEN,Venezuela,01/01/1970,,,,01/11/2012,05/12/2013,3629614
1882,Fuikbaai,ANFUI,Sea,Small,Unknown,0,0,0,Unknown,Unknown,"12,04633","-68,8302",ANT,ANT,Netherlands Antilles,01/01/1970,,,,01/11/2012,20/01/2015,3513445
1883,Ayvalik,TRAYV,Sea,Small,Unknown,0,0,0,Unknown,Unknown,"39,31993","26,6901",TUR,TUR,Turkey,01/01/1970,,,,01/11/2012,05/12/2013,322673
1884,Caracasbaii,ANCRB,Sea,Small,Unknown,0,0,0,Unknown,Unknown,"12,06013","-68,8576",ANT,ANT,Netherlands Antilles,01/01/1970,,,,01/11/2012,20/01/2015,3513445
1885,Willemstad,ANWIL,Sea,Small,Unknown,0,0,0,Unknown,Unknown,"12,09713","-68,9308",ANT,ANT,Netherlands Antilles,01/01/1970,,,,01/11/2012,16/01/2015,3513090
1886,Puerto Bolivar,COPBO,Sea,Small,Unknown,0,0,0,Unknown,Unknown,"12,22461","-71,96857",COL,COL,Colombia,01/01/1970,,,,01/11/2012,07/04/2017,3688648
1887,Barcadera,AWBAR,Sea,Small,Unknown,0,0,0,Unknown,Unknown,"12,48073","-69,9995",ABW,ABW,Aruba,01/01/1970,,,,01/11/2012,20/01/2015,3577246
1888,Kingstown,VCKTN,Sea,Small,Unknown,0,0,0,Unknown,Unknown,"13,15033","-61,232",VCT,VCT,Saint Vincent and the Grenadines,01/01/1970,,,,01/11/2012,05/12/2013,3577887
1889,Mokha,YEMOK,Sea,Small,Closed,0,0,0,Unknown,Unknown,"13,33143","43,2471",YEM,YEM,Yemen,20/02/2017,,,,01/11/2012,20/02/2017,78751
1890,La Libertad,SVLLD,Sea,Small,Unknown,0,0,0,Unknown,Unknown,"13,48133","-89,3197",SLV,SLV,El Salvador,01/01/1970,,,,01/11/2012,05/12/2013,3585157
1891,San Jose,CRSJO,Sea,Small,Unknown,0,0,0,Unknown,Unknown,"13,91893","-90,8266",GTM,GTM,Guatemala,01/01/1970,,,,01/11/2012,05/12/2013,3591060
1892,Mukalla,YEMKX,Sea,Small,Open,0,0,0,Unknown,Unknown,"14,51753","49,1369",YEM,YEM,Yemen,20/02/2017,,,,01/11/2012,20/02/2017,78754
1893,Puerto Madero,MXPMD,Sea,Small,Unknown,0,0,0,Unknown,Unknown,"14,71583","-92,4164",MEX,MEX,Mexico,01/01/1970,,,,01/11/2012,05/12/2013,3520989
1894,Woodbridge Bay Port,DMRSU,Sea,Small,Open,0,0,0,Unknown,Accurate,"15,29816","-61,38997",DMA,DMA,Dominica,25/09/2017,,,,01/11/2012,25/09/2017,3575635
1895,Saleef Port,YESAL,Sea,Small,Open,0,0,0,Unknown,Unknown,"15,29733","42,6829",YEM,YEM,Yemen,20/02/2017,,,,01/11/2012,20/02/2017,77843
1896,Puerto Barrios,GTPBR,Sea,Small,Unknown,0,0,0,Unknown,Unknown,"15,73519","-88,60459",GTM,GTM,Guatemala,01/01/1970,,,,01/11/2012,05/12/2013,3591062
1897,Basse Terre,GPBBR,Sea,Small,Unknown,0,0,0,Unknown,Unknown,"15,99333","-61,7273",GLP,GLP,Guadeloupe,01/01/1970,,,,01/11/2012,05/12/2013,3579732
1898,Puerto Castilla,HNPCA,Sea,Small,Unknown,0,0,0,Unknown,Unknown,"16,00563","-86,0231",HND,HND,Honduras,01/01/1970,,,,01/11/2012,05/12/2013,3603167
1899,Acapulco,MXACA,Sea,Small,Unknown,0,0,0,Unknown,Unknown,"16,83693","-99,8991",MEX,MEX,Mexico,01/01/1970,,,,01/11/2012,05/12/2013,3533462
1900,Gizan,SAGIZ,Sea,Small,Open,0,0,0,Unknown,Unknown,"16,89833","42,5345",SAU,SAU,Saudi Arabia,01/01/1970,,,,01/11/2012,30/07/2015,105299
1901,Charlestown,KNNEV,Sea,Small,Unknown,0,0,0,Unknown,Unknown,"17,12673","-62,6329",KNA,KNA,Saint Kitts and Nevis,01/01/1970,,,,01/11/2012,05/12/2013,3575479
1902,Belize City,BZBZE,Sea,Small,Unknown,0,0,0,Unknown,Unknown,"17,48543","-88,1849",BLZ,BLZ,Belize,01/01/1970,,,,01/11/2012,05/12/2013,3582677
1903,Gustavia,GPGUS,Sea,Small,Unknown,0,0,0,Unknown,Unknown,"17,89933","-62,8536",GLP,GLP,Guadeloupe,01/01/1970,,,,01/11/2012,19/01/2015,3579132
1904,Philipsburg,ANPHI,Sea,Small,Unknown,0,0,0,Unknown,Unknown,"18,02933","-63,0561",ANT,ANT,Netherlands Antilles,01/01/1970,,,,01/11/2012,16/01/2015,3513392
1905,Port Yabucoa,PRPYA,Sea,Small,Unknown,0,0,0,Unknown,Unknown,"18,04573","-65,8327",PRI,PRI,Puerto Rico,01/01/1970,,,,01/11/2012,05/12/2013,4568908
1906,Port Antonio,JMPOT,Sea,Small,Unknown,0,0,0,Unknown,Unknown,"18,16893","-76,3829",JAM,JAM,Jamaica,01/01/1970,,,,01/11/2012,05/12/2013,3489005
1907,Blowing Point,AIBLP,Sea,Small,Unknown,0,0,0,Unknown,Unknown,"18,18043","-63,0863",AIA,AIA,Anguilla,01/01/1970,,,,01/11/2012,05/12/2013,3573496
1908,Barahona,DOBRX,Sea,Small,Unknown,0,0,0,Unknown,Unknown,"18,20692","-71,09145",DOM,DOM,Dominican Republic,01/01/1970,,,,01/11/2012,06/06/2017,3492985
1909,Ocho Rios,JMOCJ,Sea,Small,Unknown,0,0,0,Unknown,Unknown,"18,40773","-77,1114",JAM,JAM,Jamaica,01/01/1970,,,,01/11/2012,05/12/2013,3489239
1910,Chetumal,MXCTM,Sea,Small,Unknown,0,0,0,Unknown,Unknown,"18,49433","-88,2739",MEX,MEX,Mexico,01/01/1970,,,,01/11/2012,05/12/2013,3531023
1911,Frontera,MXFRN,Sea,Small,Unknown,0,0,0,Unknown,Unknown,"18,57713","-92,6618",MEX,MEX,Mexico,01/01/1970,,,,01/11/2012,05/12/2013,3527545
1912,Ciudad Del Carmen,MXCME,Sea,Small,Unknown,0,0,0,Unknown,Unknown,"18,64803","-91,8449",MEX,MEX,Mexico,01/01/1970,,,,01/11/2012,05/12/2013,3534827
1913,Alvarado,MXAVD,Sea,Small,Unknown,0,0,0,Unknown,Unknown,"18,80133","-95,7433",MEX,MEX,Mexico,01/01/1970,,,,01/11/2012,05/12/2013,3532964
1914,Puerto Plata,DOPOP,Sea,Small,Unknown,0,0,0,Unknown,Unknown,"19,7985","-70,70184",DOM,DOM,Dominican Republic,01/01/1970,,,,01/11/2012,06/06/2017,3493175
1915,Guantanamo Bay,CUGUB,Sea,Small,Unknown,0,0,0,Unknown,Unknown,"19,99308","-75,15218",CUB,CUB,Cuba,01/01/1970,,,,01/11/2012,31/05/2017,3557689
1916,Frederiksted,VIFRD,Sea,Small,Unknown,0,0,0,Unknown,Unknown,"17,71833","-64,8894",VIR,VIR,United States Virgin Island,01/01/1970,,,,01/11/2012,05/12/2013,4795761
1917,Puerto Vallarta,MXPVR,Sea,Small,Unknown,0,0,0,Unknown,Unknown,"20,61033","-105,2528",MEX,MEX,Mexico,01/01/1970,,,,01/11/2012,05/12/2013,3991328
1918,Nuevitas,CUNVT,Sea,Small,Unknown,0,0,0,Unknown,Unknown,"21,53219","-77,26611",CUB,CUB,Cuba,01/01/1970,,,,01/11/2012,31/05/2017,3545841
1919,Caibarien,CUCAI,Sea,Small,Unknown,0,0,0,Unknown,Unknown,"22,52782","-79,46921",CUB,CUB,Cuba,01/01/1970,,,,01/11/2012,31/05/2017,3566356
1920,Cardenas,CUCAR,Sea,Small,Unknown,0,0,0,Unknown,Unknown,"23,04682","-81,19493",CUB,CUB,Cuba,01/01/1970,,,,01/11/2012,31/05/2017,3565432
1921,San Carlos,MXSCR,Sea,Small,Unknown,0,0,0,Unknown,Unknown,"24,78743","-112,115",MEX,MEX,Mexico,01/01/1970,,,,01/11/2012,05/12/2013,3987485
1922,Clifton Point,BSCLP,Sea,Small,Unknown,0,0,0,Unknown,Unknown,"25,01213","-77,5597",BHS,BHS,Bahamas,01/01/1970,,,,01/11/2012,05/12/2013,3572636
1923,St Georges,BMSGE,Sea,Small,Unknown,0,0,0,Unknown,Unknown,"32,36453","-64,6802",BMU,BMU,Bermuda,01/01/1970,,,,01/11/2012,05/12/2013,3573061
1924,Ras Tanura,SARTA,Sea,Small,Unknown,0,0,0,Unknown,Unknown,"26,64833","50,1585",SAU,SAU,Saudi Arabia,01/01/1970,,,,01/11/2012,05/12/2013,102891
1925,Salto,UYSTY,River,Small,Unknown,0,0,0,Unknown,Unknown,"-31,38997","-57,975",URY,URY,Uruguay,01/01/1970,,,,01/11/2012,05/12/2013,3440714
1926,San Marcos Island,MXSMI,Sea,Small,Unknown,0,0,0,Unknown,Unknown,"27,20133","-112,084",MEX,MEX,Mexico,01/01/1970,,,,01/11/2012,05/12/2013,4022086
1927,Santa Rosalia,MXSRL,Sea,Small,Unknown,0,0,0,Unknown,Unknown,"27,33803","-112,2583",MEX,MEX,Mexico,01/01/1970,,,,01/11/2012,05/12/2013,3983805
1928,Ras Al Mishab,SARAM,Sea,Small,Unknown,0,0,0,Unknown,Unknown,"28,11453","48,6121",SAU,SAU,Saudi Arabia,01/01/1970,,,,01/11/2012,05/12/2013,109113
1929,Finike,TRFIN,Sea,Small,Unknown,0,0,0,Unknown,Unknown,"36,28053","30,1469",TUR,TUR,Turkey,01/01/1970,,,,01/11/2012,05/12/2013,314923
1930,Kusadasi,TRKUS,Sea,Small,Unknown,0,0,0,Unknown,Unknown,"37,86593","27,2519",TUR,TUR,Turkey,01/01/1970,,,,01/11/2012,05/12/2013,305359
1931,Bandirmar,TRBDM,Sea,Small,Unknown,0,0,0,Unknown,Unknown,"40,36533","27,9779",TUR,TUR,Turkey,01/01/1970,,,,01/11/2012,05/12/2013,751077
1932,Mudanya,TRMUD,Sea,Small,Unknown,0,0,0,Unknown,Unknown,"40,39413","28,8637",TUR,TUR,Turkey,01/01/1970,,,,01/11/2012,05/12/2013,741487
1933,Karabiga,TRKRB,Sea,Small,Unknown,0,0,0,Unknown,Unknown,"40,41463","27,3001",TUR,TUR,Turkey,01/01/1970,,,,01/11/2012,05/12/2013,744574
1934,Derince,TRDRC,Sea,Small,Unknown,0,0,0,Unknown,Unknown,"40,75783","29,8321",TUR,TUR,Turkey,01/01/1970,,,,01/11/2012,05/12/2013,748208
1935,Giresun,TRGIR,Sea,Small,Unknown,0,0,0,Unknown,Unknown,"40,92043","38,3907",TUR,TUR,Turkey,01/01/1970,,,,01/11/2012,05/12/2013,746881
1936,Trabzon,TRTZX,Sea,Small,Unknown,0,0,0,Unknown,Unknown,"41,00483","39,7593",TUR,TUR,Turkey,01/01/1970,,,,01/11/2012,05/12/2013,738648
1937,Samsun,TRSSX,Sea,Small,Unknown,0,0,0,Unknown,Unknown,"41,29463","36,3425",TUR,TUR,Turkey,01/01/1970,,,,01/11/2012,05/12/2013,740264
1938,Zonguldak,TRZON,Sea,Small,Unknown,0,0,0,Unknown,Unknown,"41,47293","31,8035",TUR,TUR,Turkey,01/01/1970,,,,01/11/2012,05/12/2013,737022
1939,Inebolu,TRINE,Sea,Small,Unknown,0,0,0,Unknown,Unknown,"41,98453","33,7507",TUR,TUR,Turkey,01/01/1970,,,,01/11/2012,05/12/2013,745175
1940,Sinop,TRSIC,Sea,Small,Unknown,0,0,0,Unknown,Unknown,"42,01783","35,1523",TUR,TUR,Turkey,01/01/1970,,,,01/11/2012,05/12/2013,739600
1941,Christiansted,VICTD,Sea,Small,Unknown,0,0,0,Unknown,Unknown,"17,75343","-64,6985",VIR,VIR,United States Virgin Island,01/01/1970,,,,01/11/2012,05/12/2013,4795479
1942,Grand Turk Island,TCGDT,Sea,Small,Unknown,0,0,0,Unknown,Unknown,"21,46073","-71,1273",TCA,TCA,Turks and Caicos Islands,01/01/1970,,,,01/11/2012,20/01/2015,3576994
1943,Providenciales,TCPLS,Sea,Small,Unknown,0,0,0,Unknown,Unknown,"21,75753","-72,2571",TCA,TCA,Turks and Caicos Islands,01/01/1970,,,,01/11/2012,20/01/2015,3577004
1944,Ushuaia,ARUSH,Sea,Small,Unknown,0,0,0,Unknown,Unknown,"-54,80327","-68,2984",ARG,ARG,Argentina,01/01/1970,,,,01/11/2012,05/12/2013,3833367
1945,Port Stanley,FKPSY,Sea,Small,Unknown,0,0,0,Unknown,Unknown,"-51,69797","-57,8263",FLK,FLK,Falkland Islands (Malvinas),01/01/1970,,,,01/11/2012,05/12/2013,3426691
1946,Chacabuco,CLCHB,Sea,Small,Unknown,0,0,0,Unknown,Unknown,"-45,47707","-72,8341",CHL,CHL,Chile,01/01/1970,,,,01/11/2012,05/12/2013,3950166
1947,San Nicolas,PESNX,Sea,Small,Unknown,0,0,0,Unknown,Unknown,"-15,25613","-75,242",,PER,,01/01/1970,,,,01/11/2012,14/06/2017,3929384
1948,Puerto Montt,CLPMC,Sea,Small,Unknown,0,0,0,Unknown,Unknown,"-41,48227","-72,9494",CHL,CHL,Chile,01/01/1970,,,,01/11/2012,05/12/2013,3874960
1949,Mar Del Plata,ARMDQ,Sea,Small,Unknown,0,0,0,Unknown,Unknown,"-38,00017","-57,5475",ARG,ARG,Argentina,01/01/1970,,,,01/11/2012,05/12/2013,3430863
1950,Coronel,CLCNL,Sea,Small,Unknown,0,0,0,Unknown,Unknown,"-37,02957","-73,1603",CHL,CHL,Chile,01/01/1970,,,,01/11/2012,05/12/2013,3893532
1951,San Vicente,CLSVE,Sea,Small,Unknown,0,0,0,Unknown,Unknown,"-36,72857","-73,1296",CHL,CHL,Chile,01/01/1970,,,,01/11/2012,05/12/2013,3871285
1952,Nueva Palmira,UYNVP,Sea,Small,Unknown,0,0,0,Unknown,Unknown,"-33,85897","-58,417",URY,URY,Uruguay,01/01/1970,,,,01/11/2012,05/12/2013,3441481
1953,Fray Bentos,UYFZB,Sea,Small,Unknown,0,0,0,Unknown,Unknown,"-33,11967","-58,3306",URY,URY,Uruguay,01/01/1970,,,,01/11/2012,05/12/2013,3442568
1954,Caldera,CLCLD,Sea,Small,Unknown,0,0,0,Unknown,Unknown,"-27,06107","-70,8297",CHL,CHL,Chile,01/01/1970,,,,01/11/2012,05/12/2013,3897322
1955,Chanaral,CLCNR,Sea,Small,Unknown,0,0,0,Unknown,Unknown,"-26,33657","-70,6281",CHL,CHL,Chile,01/01/1970,,,,01/11/2012,05/12/2013,3895554
1956,Patillos,CLPTI,Sea,Small,Unknown,0,0,0,Unknown,Unknown,"-20,75047","-70,1982",CHL,CHL,Chile,01/01/1970,,,,01/11/2012,05/12/2013,3875005
1957,Iquique,CLIQQ,Sea,Small,Unknown,0,0,0,Unknown,Unknown,"-20,20607","-70,1474",CHL,CHL,Chile,01/01/1970,,,,01/11/2012,05/12/2013,3887127
1958,Quelimane,MZUEL,Sea,Small,Unknown,0,0,0,Unknown,Unknown,"-17,87888","36,87954",MOZ,MOZ,Mozambique,01/01/1970,,,,01/11/2012,21/03/2017,1028434
1959,Talara,PETYL,Sea,Small,Unknown,0,0,0,Unknown,Unknown,"-4,57567","-81,2821",PER,PER,Peru,01/01/1970,,,,01/11/2012,05/12/2013,3691582
1960,Kendari,IDKDI,Sea,Small,Unknown,0,0,0,Unknown,Unknown,"-3,97245","122,57729",,IDN,,01/01/1970,,,,01/11/2012,11/05/2017,1640344
1961,Malindi,KEMYD,Sea,Small,Unknown,0,0,0,Unknown,Unknown,"-3,21595","40,12566",KEN,KEN,Kenya,01/01/1970,,,,01/11/2012,16/03/2017,187968
1962,Kasim,IDKAS,Sea,Small,Unknown,0,0,0,Unknown,Unknown,"-1,30849","131,02645",,IDN,,01/01/1970,,,,01/11/2012,11/05/2017,1641014
1963,Luwuk,IDLUW,Sea,Small,Unknown,0,0,0,Unknown,Unknown,"-0,9534","122,79624",,IDN,,01/01/1970,,,,01/11/2012,11/05/2017,1637001
1964,Pantoloan,IDPTL,Sea,Small,Unknown,0,0,0,Unknown,Unknown,"-0,69477","119,84041",IDN,IDN,Indonesia,01/01/1970,,,,01/11/2012,11/05/2017,1968071
1965,Labuha,IDLAH,Sea,Small,Unknown,0,0,0,Unknown,Unknown,"-0,62641","127,47193",IDN,IDN,Indonesia,01/01/1970,,,,01/11/2012,11/05/2017,1638874
1966,Sinabang,IDSNG,Sea,Small,Unknown,0,0,0,Unknown,Unknown,"2,45556","96,4036",IDN,IDN,Indonesia,01/01/1970,,,,01/11/2012,11/05/2017,1213721
1967,Sabang,IDSBG,Sea,Small,Unknown,0,0,0,Unknown,Unknown,"5,88065","95,32269",IDN,IDN,Indonesia,01/01/1970,,,,01/11/2012,10/05/2017,1214026
1968,Nieuw Nickerie,SRICK,Sea,Small,Unknown,0,0,0,Unknown,Unknown,"5,94973","-57,0013",SUR,SUR,Suriname,01/01/1970,,,,01/11/2012,05/12/2013,3383427
1969,New Amsterdam,GYQSK,Sea,Small,Unknown,0,0,0,Unknown,Unknown,"6,24833","-57,524",GUY,GUY,Guyana,01/01/1970,,,,01/11/2012,05/12/2013,3376762
1970,Lota,CLLTA,Sea,Very Small,Unknown,0,0,0,Unknown,Unknown,"-37,10177","-73,1617",CHL,CHL,Chile,01/01/1970,,,,01/11/2012,05/12/2013,3881276
1971,Golfito,CRGLF,Sea,Small,Unknown,0,0,0,Unknown,Unknown,"8,62593","-83,1632",CRI,CRI,Costa Rica,01/01/1970,,,,01/11/2012,05/12/2013,3623656
1972,Point Fortin,TTPTF,Sea,Small,Unknown,0,0,0,Unknown,Unknown,"10,17543","-61,6833",TTO,TTO,Trinidad and Tobago,01/01/1970,,,,01/11/2012,05/12/2013,3573899
1973,Puerto La Cruz,VEPCZ,Sea,Small,Unknown,0,0,0,Unknown,Unknown,"10,21373","-64,6376",VEN,VEN,Venezuela,01/01/1970,,,,01/11/2012,05/12/2013,3629672
1974,Galle,LKGAL,Sea,Small,Unknown,0,0,0,Unknown,Unknown,"6,03551","80,23199",LKA,LKA,Sri Lanka,01/01/1970,,,,01/11/2012,05/12/2013,1246294
1975,Bridgetown,BBBGI,Sea,Small,Unknown,0,0,0,Unknown,Unknown,"13,09953","-59,625",BRB,BRB,Barbados,01/01/1970,,,,01/11/2012,05/12/2013,3374036
1976,La Romana,DOLRM,Sea,Small,Unknown,0,0,0,Unknown,Unknown,"18,41689","-68,96052",DOM,DOM,Dominican Republic,01/01/1970,,,,01/11/2012,06/06/2017,3500957
1977,San Pedro De Macoris,DOSPM,Sea,Small,Unknown,0,0,0,Unknown,Unknown,"18,44906","-69,31013",,DOM,,01/01/1970,,,,01/11/2012,06/10/2016,3493032
1978,Manzanillo,CUMZO,Sea,Small,Unknown,0,0,0,Unknown,Unknown,"20,35394","-77,11961",CUB,CUB,Cuba,01/01/1970,,,,01/11/2012,31/05/2017,3547867
1979,Baracoa,CUBCA,Sea,Small,Unknown,0,0,0,Unknown,Unknown,"20,35127","-74,50094",CUB,CUB,Cuba,01/01/1970,,,,01/11/2012,31/05/2017,3567834
1980,Cozumel,MXCZM,Sea,Small,Unknown,0,0,0,Unknown,Unknown,"20,50613","-86,9566",MEX,MEX,Mexico,01/01/1970,,,,01/11/2012,05/12/2013,3530103
1981,Santa Cruz Del Sur,CUSCS,Sea,Small,Unknown,0,0,0,Unknown,Unknown,"20,70362","-77,98208",,CUB,,01/01/1970,,,,01/11/2012,31/05/2017,3537840
1982,Antilla,CUANT,Sea,Small,Unknown,0,0,0,Unknown,Unknown,"20,82411","-75,74249",CUB,CUB,Cuba,01/01/1970,,,,01/11/2012,31/05/2017,3568726
1983,Progreso,MXPGO,Sea,Small,Unknown,0,0,0,Unknown,Unknown,"21,29243","-89,6505",MEX,MEX,Mexico,01/01/1970,,,,01/11/2012,05/12/2013,3521108
1984,Rabigh,SARAB,Sea,Small,Unknown,0,0,0,Unknown,Unknown,"22,75423","39,0257",SAU,SAU,Saudi Arabia,01/01/1970,,,,01/11/2012,05/12/2013,103035
1985,Crooked Island,BSCRI,Sea,Small,Unknown,0,0,0,Unknown,Unknown,"22,75593","-74,1661",BHS,BHS,Bahamas,01/01/1970,,,,01/11/2012,16/01/2015,3572620
1986,Mariel,CUMAR,Sea,Small,Unknown,0,0,0,Unknown,Unknown,"23,00816","-82,76352",CUB,CUB,Cuba,01/01/1970,,,,01/11/2012,31/05/2017,3547600
1987,Matanzas,CUQMA,Sea,Small,Unknown,0,0,0,Unknown,Unknown,"23,06364","-81,53927",,CUB,,01/01/1970,,,,01/11/2012,31/05/2017,3547398
1988,Marmaris,TRMRM,Sea,Small,Unknown,0,0,0,Unknown,Unknown,"36,85373","28,2763",TUR,TUR,Turkey,01/01/1970,,,,01/11/2012,05/12/2013,304782
1989,Ceyhan,TRCEY,Sea,Small,Unknown,0,0,0,Unknown,Unknown,"36,88203","35,9351",TUR,TUR,Turkey,01/01/1970,,,,01/11/2012,20/01/2015,318675
1990,Hopa,TRHOP,Sea,Small,Unknown,0,0,0,Unknown,Unknown,"41,40523","41,4305",TUR,TUR,Turkey,01/01/1970,,,,01/11/2012,05/12/2013,745530
1991,Belawan,IDBLW,Sea,Medium,Open,0,0,0,Unknown,Unknown,"3,79246","98,71623",,IDN,,01/01/1970,,,,01/11/2012,10/05/2017,1215412
1992,Puerto Williams,CLWPU,Sea,Small,Unknown,0,0,0,Unknown,Unknown,"-54,92937","-67,6101",CHL,CHL,Chile,01/01/1970,,,,01/11/2012,05/12/2013,3874926
1993,Tocopilla,CLTOQ,Sea,Small,Unknown,0,0,0,Unknown,Unknown,"-22,07937","-70,1901",CHL,CHL,Chile,01/01/1970,,,,01/11/2012,05/12/2013,3869716
1994,Waingapu,IDWGP,Sea,Small,Unknown,0,0,0,Unknown,Unknown,"-9,63969","120,25055",IDN,IDN,Indonesia,01/01/1970,,,,01/11/2012,11/05/2017,1622318
1995,Salaverry,PESVY,Sea,Small,Unknown,0,0,0,Unknown,Unknown,"-8,22857","-78,98235",PER,PER,Peru,01/01/1970,,,,01/11/2012,14/06/2017,3692747
1996,Tjilatjap,IDTJI,Sea,Small,Unknown,0,0,0,Unknown,Unknown,"-7,68915","109,09265",,IDN,,01/01/1970,,,,01/11/2012,11/05/2017,1646559
1997,Paita,PEPAI,Sea,Small,Unknown,0,0,0,Unknown,Unknown,"-5,084","-81,10701",,PER,,01/01/1970,,,,01/11/2012,14/06/2017,3694112
1998,Mamuju,IDMJU,Sea,Small,Unknown,0,0,0,Unknown,Unknown,"-2,66758","118,8942",,IDN,,01/01/1970,,,,01/11/2012,11/05/2017,1636556
1999,Bengkalis,IDBKI,Sea,Small,Unknown,0,0,0,Unknown,Unknown,"1,46622","102,10845",IDN,IDN,Indonesia,01/01/1970,,,,01/11/2012,10/05/2017,1649169
2000,Tarakan,IDTRK,Sea,Small,Unknown,0,0,0,Unknown,Unknown,"3,28409","117,59558",IDN,IDN,Indonesia,01/01/1970,,,,01/11/2012,11/05/2017,1624725
2001,Almirante,PAPAM,Sea,Small,Unknown,0,0,0,Unknown,Unknown,"9,28603","-82,3949",PAN,PAN,Panama,01/01/1970,,,,01/11/2012,05/12/2013,3714896
2002,Quepos,CRXQP,Sea,Small,Unknown,0,0,0,Unknown,Unknown,"9,42403","-84,1687",CRI,CRI,Costa Rica,01/01/1970,,,,01/11/2012,05/12/2013,3622193
2003,Tolu,COTLU,Sea,Small,Unknown,0,0,0,Unknown,Unknown,"9,52177","-75,58649",,COL,,01/01/1970,,,,01/11/2012,07/04/2017,3666939
2004,Moin Bay,CRMOB,Sea,Small,Unknown,0,0,0,Unknown,Unknown,"9,95283","-83,0248",CRI,CRI,Costa Rica,01/01/1970,,,,01/11/2012,05/12/2013,3622850
2005,La Salina / Maracaibo L,VELSV,Sea,Small,Unknown,0,0,0,Unknown,Unknown,"10,35053","-71,4222",VEN,VEN,Venezuela,01/01/1970,,,,01/11/2012,05/12/2013,3636327
2006,Puerto De Hierro,VEPHO,Sea,Small,Unknown,0,0,0,Unknown,Unknown,"10,63193","-62,0799",VEN,VEN,Venezuela,01/01/1970,,,,01/11/2012,05/12/2013,3629695
2007,Fatsa,TRFAS,Sea,Small,Unknown,0,0,0,Unknown,Unknown,"41,03743","37,4975",TUR,TUR,Turkey,01/01/1970,,,,01/11/2012,05/12/2013,747155
2008,Carupano,VECUP,Sea,Small,Unknown,0,0,0,Unknown,Unknown,"10,67313","-63,2524",VEN,VEN,Venezuela,01/01/1970,,,,01/11/2012,05/12/2013,3646382
2009,Amuay,VEAMY,Sea,Small,Unknown,0,0,0,Unknown,Unknown,"11,76943","-70,237",VEN,VEN,Venezuela,01/01/1970,,,,01/11/2012,05/12/2013,3649293
2010,Saint George'S,GDSTG,Sea,Small,Unknown,0,0,0,Unknown,Unknown,"12,06293","-61,7522",GRD,GRD,Grenada,01/01/1970,,,,01/11/2012,05/12/2013,3579925
2011,Kralendijk,ANKRA,Sea,Small,Unknown,0,0,0,Unknown,Unknown,"12,14433","-68,2766",ANT,ANT,Netherlands Antilles,01/01/1970,,,,01/11/2012,20/01/2015,3513563
2012,St Michiels Bay,ANSMB,Sea,Small,Unknown,0,0,0,Unknown,Unknown,"12,16383","-69,0157",ANT,ANT,Netherlands Antilles,01/01/1970,,,,01/11/2012,20/01/2015,6692389
2013,Puerto Sandino,NIPSN,Sea,Small,Unknown,0,0,0,Unknown,Unknown,"12,2018","-86,76354",NIC,NIC,Nicaragua,01/01/1970,,,,01/11/2012,05/06/2017,3617143
2014,La Union,SVLUN,Sea,Small,Unknown,0,0,0,Unknown,Unknown,"13,33313","-87,842",SLV,SLV,El Salvador,01/01/1970,,,,01/11/2012,05/12/2013,3584772
2015,Cul De Sac,LCCDS,Sea,Small,Unknown,0,0,0,Unknown,Unknown,"13,97673","-61,0226",LCA,LCA,Saint Lucia,01/01/1970,,,,01/11/2012,19/01/2015,3576812
2016,Castries,LCSLU,Sea,Small,Unknown,0,0,0,Unknown,Unknown,"14,01173","-61,004",LCA,LCA,Saint Lucia,01/01/1970,,,,01/11/2012,05/12/2013,3576812
2017,Fort-De-France,MQFDF,Sea,Small,Unknown,0,0,0,Unknown,Unknown,"14,59433","-61,062",MTQ,MTQ,Martinique,01/01/1970,,,,01/11/2012,05/12/2013,3570675
2018,Portsmouth,DMPOR,Sea,Small,Unknown,0,0,0,Unknown,Unknown,"15,57133","-61,4661",DMA,DMA,Dominica,01/01/1970,,,,01/11/2012,05/12/2013,3575654
2019,Santo Tomas De Castilla,GTSTC,Sea,Small,Unknown,0,0,0,Unknown,Unknown,"15,69533","-88,6108",GTM,GTM,Guatemala,01/01/1970,,,,01/11/2012,05/12/2013,3591059
2020,La Ceiba,HNLCE,Sea,Small,Unknown,0,0,0,Unknown,Unknown,"15,76423","-86,8313",HND,HND,Honduras,01/01/1970,,,,01/11/2012,05/12/2013,3608248
2021,Tela,HNTEA,Sea,Small,Unknown,0,0,0,Unknown,Unknown,"15,77413","-87,4755",HND,HND,Honduras,01/01/1970,,,,01/11/2012,05/12/2013,3600931
2022,Puerto Cortes,HNPCR,Sea,Small,Unknown,0,0,0,Unknown,Unknown,"15,82193","-87,9344",HND,HND,Honduras,01/01/1970,,,,01/11/2012,05/12/2013,3830312
2023,Salina Cruz,MXSCX,Sea,Small,Unknown,0,0,0,Unknown,Unknown,"16,15873","-95,2019",MEX,MEX,Mexico,01/01/1970,,,,01/11/2012,05/12/2013,3520064
2024,St John'S,AGSJO,Sea,Small,Unknown,0,0,0,Unknown,Unknown,"17,11933","-61,856",ATG,ATG,Antigua and Barbuda,01/01/1970,,,,01/11/2012,05/12/2013,3576022
2025,Basseterre,KNBAS,Sea,Small,Unknown,0,0,0,Unknown,Unknown,"17,29273","-62,7157",KNA,KNA,Saint Kitts and Nevis,01/01/1970,,,,01/11/2012,05/12/2013,3575551
2026,Port Morant,JMPMO,Sea,Small,Unknown,0,0,0,Unknown,Unknown,"17,88973","-76,3138",JAM,JAM,Jamaica,01/01/1970,,,,01/11/2012,05/12/2013,3488982
2027,Guanica Harbour,PRGUX,Sea,Small,Unknown,0,0,0,Unknown,Unknown,"17,95453","-66,8814",PRI,PRI,Puerto Rico,01/01/1970,,,,01/11/2012,05/12/2013,4565090
2028,Minatitlan,MXMTT,Sea,Small,Unknown,0,0,0,Unknown,Unknown,"17,95533","-94,5404",MEX,MEX,Mexico,01/01/1970,,,,01/11/2012,05/12/2013,3523183
2029,Ponce,PRPSE,Sea,Small,Unknown,0,0,0,Unknown,Unknown,"17,98433","-66,6373",PRI,PRI,Puerto Rico,01/01/1970,,,,01/11/2012,05/12/2013,4566880
2030,Guayanilla,PRGUY,Sea,Small,Unknown,0,0,0,Unknown,Unknown,"18,00203","-66,7589",PRI,PRI,Puerto Rico,01/01/1970,,,,01/11/2012,05/12/2013,4565111
2031,Nanchital,MXNAN,Sea,Small,Unknown,0,0,0,Unknown,Unknown,"18,05833","-94,4073",MEX,MEX,Mexico,01/01/1970,,,,01/11/2012,05/12/2013,3522845
2032,Partington,GBPTT,Sea,Unknown,Unknown,0,0,0,Unknown,Unknown,"53,42893","-2,4363",GBR,GBR,U.K. of Great Britain and Northern Ireland,01/01/1970,,,,01/11/2012,05/12/2013,2640593
2033,Coatzacoalcos,MXCOA,Sea,Small,Unknown,0,0,0,Unknown,Unknown,"18,13373","-94,4083",MEX,MEX,Mexico,01/01/1970,,,,01/11/2012,05/12/2013,3530517
2034,Georgetown,KYGEC,Sea,Small,Unknown,0,0,0,Unknown,Unknown,"19,30293","-81,3684",CYM,CYM,Cayman Islands,01/01/1970,,,,01/11/2012,05/12/2013,3580661
2035,Mayaguez,PRMAZ,Sea,Small,Unknown,0,0,0,Unknown,Unknown,"18,20173","-67,1519",PRI,PRI,Puerto Rico,01/01/1970,,,,01/11/2012,05/12/2013,4566385
2036,San Blas,MXSBS,Sea,Small,Unknown,0,0,0,Unknown,Unknown,"21,52973","-105,2802",MEX,MEX,Mexico,01/01/1970,,,,01/11/2012,05/12/2013,3987544
2037,Nueva Gerona,CUGER,Sea,Small,Unknown,0,0,0,Unknown,Unknown,"21,91093","-82,7867",CUB,CUB,Cuba,01/01/1970,,,,01/11/2012,05/12/2013,3545867
2038,Tore,SETOE,Sea,Unknown,Unknown,0,0,0,Unknown,Unknown,"65,91383","22,6353",SWE,SWE,Sweden,01/01/1970,,,,01/11/2012,05/12/2013,602261
2039,Andros Town,BSASD,Sea,Small,Unknown,0,0,0,Unknown,Unknown,"24,71173","-77,8025",BHS,BHS,Bahamas,01/01/1970,,,,01/11/2012,05/12/2013,3572906
2040,Rock Sound,BSRSD,Sea,Small,Unknown,0,0,0,Unknown,Unknown,"24,88053","-76,1928",BHS,BHS,Bahamas,01/01/1970,,,,01/11/2012,05/12/2013,3571592
2041,Nassau,BSNAS,Sea,Small,Unknown,0,0,0,Unknown,Unknown,"25,07713","-77,3337",BHS,BHS,Bahamas,01/01/1970,,,,01/11/2012,05/12/2013,3571824
2042,Dhuba,SADHU,Sea,Small,Unknown,0,0,0,Unknown,Unknown,"26,22793","36,4589",SAU,SAU,Saudi Arabia,01/01/1970,,,,01/11/2012,20/01/2015,108773
2043,Morro Redondo,MXMRE,Sea,Small,Unknown,0,0,0,Unknown,Unknown,"28,05113","-115,1777",MEX,MEX,Mexico,01/01/1970,,,,01/11/2012,05/12/2013,3978980
2044,Ras Al Khafji,SARAR,Sea,Small,Unknown,0,0,0,Unknown,Unknown,"28,41133","48,5155",SAU,SAU,Saudi Arabia,01/01/1970,,,,01/11/2012,05/12/2013,102912
2045,Tijuana,MXTIJ,Sea,Small,Unknown,0,0,0,Unknown,Unknown,"32,47963","-117,1219",MEX,MEX,Mexico,01/01/1970,,,,01/11/2012,05/12/2013,3981609
2046,Tasucu,TRTAS,Sea,Small,Unknown,0,0,0,Unknown,Unknown,"36,31453","33,8875",TUR,TUR,Turkey,01/01/1970,,,,01/11/2012,05/12/2013,299643
2047,Fethiye,TRFET,Sea,Small,Unknown,0,0,0,Unknown,Unknown,"36,62593","29,1151",TUR,TUR,Turkey,01/01/1970,,,,01/11/2012,05/12/2013,314967
2048,Bodrum,TRBXN,Sea,Small,Unknown,0,0,0,Unknown,Unknown,"37,02943","27,4367",TUR,TUR,Turkey,01/01/1970,,,,01/11/2012,05/12/2013,320995
2049,Gulluk,TRGUL,Sea,Small,Unknown,0,0,0,Unknown,Unknown,"37,26193","27,6117",TUR,TUR,Turkey,01/01/1970,,,,01/11/2012,20/01/2015,313680
2050,Cesme,TRCES,Sea,Small,Unknown,0,0,0,Unknown,Unknown,"38,32613","26,3055",TUR,TUR,Turkey,01/01/1970,,,,01/11/2012,05/12/2013,318755
2051,Dikili,TRDIK,Sea,Small,Unknown,0,0,0,Unknown,Unknown,"39,08143","26,8897",TUR,TUR,Turkey,01/01/1970,,,,01/11/2012,05/12/2013,316726
2052,Izmit,TRIZT,Sea,Small,Unknown,0,0,0,Unknown,Unknown,"40,76943","29,9367",TUR,TUR,Turkey,01/01/1970,,,,01/11/2012,05/12/2013,745028
2053,Tekirdag,TRTEK,Sea,Small,Unknown,0,0,0,Unknown,Unknown,"40,98673","27,5235",TUR,TUR,Turkey,01/01/1970,,,,01/11/2012,05/12/2013,738927
2054,Rize,TRRIZ,Sea,Small,Unknown,0,0,0,Unknown,Unknown,"41,02533","40,5211",TUR,TUR,Turkey,01/01/1970,,,,01/11/2012,05/12/2013,740483
2055,Gorele,TRGOR,Sea,Small,Unknown,0,0,0,Unknown,Unknown,"41,03373","39,0017",TUR,TUR,Turkey,01/01/1970,,,,01/11/2012,05/12/2013,746565
2056,Vacamonte,PAVAC,Sea,Small,Unknown,0,0,0,Unknown,Unknown,"8,86153","-79,6642",PAN,PAN,Panama,01/01/1970,,,,01/11/2012,05/12/2013,3700243
2057,Niquero,CUNIQ,Sea,Small,Unknown,0,0,0,Unknown,Unknown,"20,04994","-77,58694",CUB,CUB,Cuba,01/01/1970,,,,01/11/2012,31/05/2017,3545981
2058,Gwadar,PKGWD,Sea,Small,Unknown,0,0,0,Unknown,Accurate,"25,11326","62,33435",PAK,PAK,Pakistan,01/01/1970,,,,01/11/2012,30/12/2013,1177446
2059,Kankesanturai,LKKNK,Sea,Small,Unknown,0,0,0,Unknown,Unknown,"9,81203","80,0511",LKA,LKA,Sri Lanka,01/01/1970,,,,01/11/2012,05/12/2013,1241587
2060,Trincomalee,LKTRR,Sea,Small,Unknown,0,0,0,Unknown,Unknown,"8,57453","81,2391",LKA,LKA,Sri Lanka,01/01/1970,,,,01/11/2012,05/12/2013,1226260
2061,Concepcion Del Uruguay,ARCOU,River,Small,Unknown,0,0,0,Unknown,Unknown,"-32,49557","-58,213",ARG,ARG,Argentina,01/01/1970,,,,01/11/2012,05/12/2013,3435264
2062,Campana,ARCMP,River,Small,Unknown,0,0,0,Unknown,Unknown,"-34,15837","-58,9615",ARG,ARG,Argentina,01/01/1970,,,,01/11/2012,05/12/2013,3435810
2063,Zarate,ARZAE,River,Small,Unknown,0,0,0,Unknown,Unknown,"-34,08147","-59,0348",ARG,ARG,Argentina,01/01/1970,,,,01/11/2012,05/12/2013,3427213
2064,Ramallo,ARRAM,River,Small,Unknown,0,0,0,Unknown,Unknown,"-33,46667","-60,0235",ARG,ARG,Argentina,01/01/1970,,,,01/11/2012,05/12/2013,3839444
2065,San Nicolas De Los Los Arroyos,ARSNS,River,Small,Unknown,0,0,0,Unknown,Unknown,"-33,32077","-60,2264",ARG,ARG,Argentina,01/01/1970,,,,01/11/2012,05/12/2013,3836846
2066,Rosario,ARROS,River,Small,Unknown,0,0,0,Unknown,Unknown,"-32,93957","-60,6396",ARG,ARG,Argentina,01/01/1970,,,,01/11/2012,05/12/2013,3838583
2067,San Lorenzo,ARSLO,River,Small,Unknown,0,0,0,Unknown,Unknown,"-32,75457","-60,7228",ARG,ARG,Argentina,01/01/1970,,,,01/11/2012,05/12/2013,3948970
2068,Parana,ARPRA,River,Small,Unknown,0,0,0,Unknown,Unknown,"-31,71487","-60,5282",ARG,ARG,Argentina,01/01/1970,,,,01/11/2012,05/12/2013,3841956
2069,Corrientes,ARCNQ,River,Small,Unknown,0,0,0,Unknown,Unknown,"-27,49377","-58,8516",ARG,ARG,Argentina,01/01/1970,,,,01/11/2012,05/12/2013,3435217
2070,Posadas,ARPSS,River,Small,Unknown,0,0,0,Unknown,Unknown,"-27,35177","-55,9026",ARG,ARG,Argentina,01/01/1970,,,,01/11/2012,05/12/2013,3429886
2071,Formosa,ARFMA,River,Small,Unknown,0,0,0,Unknown,Unknown,"-26,18157","-58,1598",ARG,ARG,Argentina,01/01/1970,,,,01/11/2012,05/12/2013,3433899
2072,Matanzas,VEMTV,River,Small,Unknown,0,0,0,Unknown,Unknown,"8,28433","-62,8408",VEN,VEN,Venezuela,01/01/1970,,,,01/11/2012,05/12/2013,3632629
2073,Puerto Ordaz,VEPZO,River,Small,Unknown,0,0,0,Unknown,Unknown,"8,35093","-62,709",VEN,VEN,Venezuela,01/01/1970,,,,01/11/2012,20/01/2015,3645528
2074,Ibicuy,ARIBY,River,Small,Unknown,0,0,0,Unknown,Unknown,"-33,74267","-59,1785",ARG,ARG,Argentina,01/01/1970,,,,01/11/2012,05/12/2013,3433503
2075,San Pedro,ARXPD,River,Small,Unknown,0,0,0,Unknown,Unknown,"-33,67227","-59,6645",ARG,ARG,Argentina,01/01/1970,,,,01/11/2012,05/12/2013,3428576
2076,Diamante,ARDME,River,Small,Unknown,0,0,0,Unknown,Unknown,"-32,06987","-60,6521",ARG,ARG,Argentina,01/01/1970,,,,01/11/2012,05/12/2013,3859384
2077,Asuncion,PYASU,River,Small,Unknown,0,0,0,Unknown,Unknown,"-25,27847","-57,6465",PRY,PRY,Paraguay,01/01/1970,,,,01/11/2012,05/12/2013,3439389
2078,Pakan Baru,IDPAK,River,Small,Unknown,0,0,0,Unknown,Unknown,"0,54463","101,4539",IDN,IDN,Indonesia,01/01/1970,,,,01/11/2012,05/12/2013,1631761
2079,Caripito,VECAR,Unknown,Very Small,Unknown,0,0,0,Unknown,Unknown,"10,12413","-63,092",VEN,VEN,Venezuela,01/01/1970,,,,01/11/2012,05/12/2013,3646534
2080,Punta Arenas,CLPUQ,Sea,Very Small,Unknown,0,0,0,Unknown,Unknown,"-53,15727","-70,9048",CHL,CHL,Chile,01/01/1970,,,,01/11/2012,05/12/2013,3874787
2081,Clarencia,CLCLR,Sea,Very Small,Unknown,0,0,0,Unknown,Unknown,"-52,90237","-70,1068",CHL,CHL,Chile,01/01/1970,,,,01/11/2012,05/12/2013,3897293
2082,Puerto Natales,CLPNT,Sea,Very Small,Unknown,0,0,0,Unknown,Unknown,"-51,73997","-72,5097",CHL,CHL,Chile,01/01/1970,,,,01/11/2012,05/12/2013,3874958
2083,San Julian,ARULA,Sea,Very Small,Unknown,0,0,0,Unknown,Unknown,"-49,31667","-67,7143",ARG,ARG,Argentina,01/01/1970,,,,01/11/2012,05/12/2013,3840082
2084,Punta Colorada,ARPCO,Sea,Very Small,Unknown,0,0,0,Unknown,Unknown,"-41,68227","-64,9952",ARG,ARG,Argentina,01/01/1970,,,,01/11/2012,20/01/2015,3840093
2085,San Antonio Este,ARSAE,Sea,Very Small,Unknown,0,0,0,Unknown,Unknown,"-40,81237","-64,7387",ARG,ARG,Argentina,01/01/1970,,,,01/11/2012,20/01/2015,3837980
2086,Jose Ignacio Terminal,UYJIT,Sea,Very Small,Unknown,0,0,0,Unknown,Unknown,"-34,89657","-54,7083",URY,URY,Uruguay,01/01/1970,,,,01/11/2012,05/12/2013,3442229
2087,Ilo,PEILQ,Sea,Very Small,Unknown,0,0,0,Unknown,Unknown,"-17,64997","-71,34957",,PER,,01/01/1970,,,,01/11/2012,14/06/2017,3938415
2088,Atico,PEATI,Sea,Very Small,Unknown,0,0,0,Unknown,Unknown,"-16,2296","-73,6162",,PER,,01/01/1970,,,,01/11/2012,14/06/2017,3947150
2089,Montego Bay,JMMBJ,Sea,Small,Unknown,0,0,0,Unknown,Unknown,"18,49833","-77,9262",JAM,JAM,Jamaica,01/01/1970,,,,01/11/2012,05/12/2013,3489460
2090,Supe,PESUP,Sea,Very Small,Unknown,0,0,0,Unknown,Unknown,"-10,80044","-77,74545",PER,PER,Peru,01/01/1970,,,,01/11/2012,14/06/2017,3928274
2091,Paramonga,PEPAM,Sea,Very Small,Unknown,0,0,0,Unknown,Unknown,"-10,68268","-77,82784",PER,PER,Peru,01/01/1970,,,,01/11/2012,14/06/2017,3933024
2092,El Real,PAELE,Sea,Very Small,Unknown,0,0,0,Unknown,Unknown,"8,20143","-77,8475",PAN,PAN,Panama,01/01/1970,,,,01/11/2012,19/01/2015,3710058
2093,Payardi,PAPAY,Sea,Very Small,Unknown,0,0,0,Unknown,Unknown,"9,39493","-79,8276",PAN,PAN,Panama,01/01/1970,,,,01/11/2012,19/01/2015,3712076
2094,Bahia De Las Minas,PAPBM,Sea,Very Small,Unknown,0,0,0,Unknown,Unknown,"9,40373","-79,813",PAN,PAN,Panama,01/01/1970,,,,01/11/2012,05/12/2013,3714528
2095,Hambantota,LKHBA,Sea,Very Small,Unknown,0,0,0,Unknown,Unknown,"6,12893","81,1347",LKA,LKA,Sri Lanka,01/01/1970,,,,01/11/2012,05/12/2013,1244926
2096,La Brea,TTLAB,Sea,Very Small,Unknown,0,0,0,Unknown,Unknown,"10,24183","-61,6274",TTO,TTO,Trinidad and Tobago,01/01/1970,,,,01/11/2012,05/12/2013,3574353
2097,Trinidad,BOTDD,Sea,Very Small,Unknown,0,0,0,Unknown,Unknown,"10,65443","-61,5273",TTO,TTO,Trinidad and Tobago,01/01/1970,,,,01/11/2012,20/01/2015,3573890
2098,Green Harbor,,Sea,Very Small,Open,0,0,0,Unknown,Unknown,"19,60712","37,23293",SDN,SDN,Sudan,01/01/1970,,,,01/11/2012,05/04/2016,377039
2099,Ras Isa (Shore Tanks),YERAI,Sea,Very Small,Open,0,0,0,Unknown,Unknown,"15,12923","42,6021",YEM,,Yemen,20/02/2017,,,,01/11/2012,20/02/2017,74406
2100,Amapala,HNAMP,Sea,Very Small,Unknown,0,0,0,Unknown,Unknown,"13,30903","-87,6434",HND,HND,Honduras,01/01/1970,,,,01/11/2012,05/12/2013,3615213
2101,San Lorenzo,HNSLO,Sea,Very Small,Unknown,0,0,0,Unknown,Unknown,"13,40973","-87,4511",HND,HND,Honduras,01/01/1970,,,,01/11/2012,05/12/2013,3601977
2102,Morombe,MGMXM,Sea,Very Small,Open,0,0,0,Unknown,Approximate,"-21,73584","43,37213",MDG,MDG,Madagascar,01/01/1970,,,,01/11/2012,05/12/2013,1058390
2103,Mananara,MGWMR,Sea,Very Small,Unknown,0,0,0,Unknown,Accurate,"-16,16056","49,76825",MDG,MDG,Madagascar,01/01/1970,,,Bing,01/11/2012,05/12/2013,1061412
2104,Vatomandry,MGVAT,Sea,Very Small,Unknown,0,0,0,Unknown,Bad,"-19,3349","48,98271",MDG,MDG,Madagascar,01/01/1970,,,,01/11/2012,05/12/2013,1054257
2105,Androka,MGADK,Sea,Very Small,Unknown,0,0,0,Unknown,Bad,"-25,00847","44,0651",MDG,MDG,Madagascar,01/01/1970,,,,01/11/2012,05/12/2013,1074223
2106,Sambava,MGSVB,Sea,Very Small,Unknown,0,0,0,Unknown,Approximate,"-14,25297","50,15724",MDG,MDG,Madagascar,01/01/1970,,,,01/11/2012,05/12/2013,1056899
2107,Mogadishu,,Sea,Medium,Open,0,0,0,Yes,Accurate,"2,02372","45,33836",SOM,SOM,Somalia,07/11/2013,,,,01/11/2012,24/01/2014,53654
2108,Berbera,,Sea,Small,Open,0,0,0,Yes,Accurate,"10,43781","44,99735",SOM,"SOM,YEM, ETH",Somalia,07/11/2013,,,,01/11/2012,05/04/2016,64435
2109,Puerto Cabezas,NIPUZ,Sea,Very Small,Unknown,0,0,0,Unknown,Unknown,"14,02004","-83,38501",NIC,NIC,Nicaragua,01/01/1970,,,,01/11/2012,05/06/2017,3617154
2110,Guanaja,HNGJA,Sea,Very Small,Unknown,0,0,0,Unknown,Unknown,"16,45893","-85,8792",HND,HND,Honduras,01/01/1970,,,,01/11/2012,05/12/2013,3609293
2111,Salt River,JMSRI,Sea,Very Small,Unknown,0,0,0,Unknown,Unknown,"17,81783","-77,1631",JAM,JAM,Jamaica,01/01/1970,,,,01/11/2012,05/12/2013,3488657
2112,Cabo Rojo,DOCBJ,Sea,Very Small,Unknown,0,0,0,Unknown,Unknown,"17,92544","-71,6551",,DOM,,01/01/1970,,,,01/11/2012,06/06/2017,3510888
2113,Eccles,GBECS,Sea,Unknown,Unknown,0,0,0,Unknown,Unknown,"53,44423","-2,3581",GBR,GBR,U.K. of Great Britain and Northern Ireland,01/01/1970,,,,01/11/2012,05/12/2013,2650278
2114,Husevig,FOHUS,Sea,Unknown,Unknown,0,0,0,Unknown,Unknown,"61,81833","-6,661",FRO,FRO,Faroe Islands,01/01/1970,,,,01/11/2012,05/12/2013,2619612
2115,Liverpool,GBLIV,Sea,Unknown,Unknown,0,0,0,Unknown,Unknown,"53,46293","-3,0263",GBR,GBR,U.K. of Great Britain and Northern Ireland,01/01/1970,,,,01/11/2012,05/12/2013,2644210
2116,Carrington,GBCRT,Sea,Unknown,Unknown,0,0,0,Unknown,Unknown,"53,46803","-2,3409",GBR,GBR,U.K. of Great Britain and Northern Ireland,01/01/1970,,,,01/11/2012,05/12/2013,2653673
2117,Barton,GBBNM,Sea,Unknown,Unknown,0,0,0,Unknown,Unknown,"53,47733","-2,3577",GBR,GBR,U.K. of Great Britain and Northern Ireland,01/01/1970,,,,01/11/2012,16/01/2015,999999999
2118,Hamburg-Harburg,DEHBU,Sea,Unknown,Unknown,0,0,0,Unknown,Unknown,"53,47813","9,9783",DEU,DEU,Germany,01/01/1970,,,,01/11/2012,05/12/2013,2911298
2119,Palenque,DOPAL,Sea,Very Small,Unknown,0,0,0,Unknown,Unknown,"18,23392","-70,163",,DOM,,01/01/1970,,,,01/11/2012,06/06/2017,3494270
2120,Puerto Viejo De Azua,DOPVA,Sea,Very Small,Unknown,0,0,0,Unknown,Unknown,"18,34712","-70,83631",,DOM,,01/01/1970,,,,01/11/2012,06/06/2017,3494329
2121,Port Rhoades,JMPRH,Sea,Very Small,Unknown,0,0,0,Unknown,Unknown,"18,46053","-77,3974",JAM,JAM,Jamaica,01/01/1970,,,,01/11/2012,19/01/2015,3488726
2122,Manati,CUMNT,Sea,Very Small,Unknown,0,0,0,Unknown,Unknown,"21,35853","-76,82571",CUB,CUB,Cuba,01/01/1970,,,,01/11/2012,31/05/2017,3543301
2123,Tunas De Zaza,CUTDZ,Sea,Very Small,Unknown,0,0,0,Unknown,Unknown,"21,63341","-79,55142",CUB,CUB,Cuba,01/01/1970,,,,01/11/2012,31/05/2017,3534827
2124,Isabela De Sagua,CUIDS,Sea,Very Small,Unknown,0,0,0,Unknown,Unknown,"22,93997","-80,0123",,CUB,,01/01/1970,,,,01/11/2012,31/05/2017,3556629
2125,San Juan De La Costa,MXSJC,Sea,Very Small,Unknown,0,0,0,Unknown,Unknown,"24,39533","-110,6786",MEX,MEX,Mexico,01/01/1970,,,,01/11/2012,05/12/2013,3985884
2126,Pasni,PKPSI,Sea,Very Small,Unknown,0,0,0,Unknown,Accurate,"25,26461","63,47828",PAK,PAK,Pakistan,01/01/1970,,,,01/11/2012,30/12/2013,1168312
2127,South Riding Point,BSSRP,Sea,Very Small,Unknown,0,0,0,Unknown,Unknown,"26,61903","-78,2411",BHS,BHS,Bahamas,01/01/1970,,,,01/11/2012,20/01/2015,3572375
2128,Rosarito Terminal,MXRST,Sea,Very Small,Unknown,0,0,0,Unknown,Unknown,"32,34803","-117,0637",MEX,MEX,Mexico,01/01/1970,,,,01/11/2012,05/12/2013,3988392
2129,San Sebastian,ARSSN,Sea,Very Small,Unknown,0,0,0,Unknown,Unknown,"-53,29057","-68,4573",ARG,ARG,Argentina,01/01/1970,,,,01/11/2012,05/12/2013,3836558
2130,Mejillones,CLMJS,Sea,Very Small,Unknown,0,0,0,Unknown,Unknown,"-23,09867","-70,4665",CHL,CHL,Chile,01/01/1970,,,,01/11/2012,05/12/2013,3880143
2131,Pisco,PEPIO,Sea,Very Small,Unknown,0,0,0,Unknown,Unknown,"-13,70989","-76,21872",,PER,,01/01/1970,,,,01/11/2012,14/06/2017,3932145
2132,Cabo Blanco,PECAB,Sea,Very Small,Unknown,0,0,0,Unknown,Unknown,"-4,25051","-81,2306",PER,PER,Peru,01/01/1970,,,,01/11/2012,14/06/2017,3699169
2133,Bula,IDBUA,Sea,Very Small,Unknown,0,0,0,Unknown,Unknown,"-3,10408","130,50113",IDN,IDN,Indonesia,01/01/1970,,,,01/11/2012,11/05/2017,1647845
2134,Nishtun,YENIS,Sea,Small,Unknown,0,0,0,Unknown,Unknown,"15,82643","52,1945",YEM,,Yemen,20/02/2017,,,,01/11/2012,20/02/2017,72176
2135,Tumaco,COTCO,Sea,Very Small,Unknown,0,0,0,Unknown,Unknown,"1,80095","-78,78246",COL,COL,Colombia,01/01/1970,,,,01/11/2012,07/04/2017,3666640
2136,Aguadulce,PAAGD,Sea,Very Small,Unknown,0,0,0,Unknown,Unknown,"8,21583","-80,4757",PAN,PAN,Panama,01/01/1970,,,,01/11/2012,05/12/2013,3715042
2137,La Palma,PAPLP,Sea,Very Small,Unknown,0,0,0,Unknown,Unknown,"8,22413","-78,0038",PAN,PAN,Panama,01/01/1970,,,,01/11/2012,19/01/2015,3707058
2138,Puerto Armuelles,PAAML,Sea,Very Small,Unknown,0,0,0,Unknown,Unknown,"8,27723","-82,8581",PAN,PAN,Panama,01/01/1970,,,,01/11/2012,05/12/2013,3702431
2139,Pedregal,PAPED,Sea,Very Small,Unknown,0,0,0,Unknown,Unknown,"8,36893","-82,4319",PAN,PAN,Panama,01/01/1970,,,,01/11/2012,05/12/2013,3703229
2140,Barbuda,AGBBQ,Sea,Very Small,Unknown,0,0,0,Unknown,Unknown,"17,69273","-61,8332",ATG,ATG,Antigua and Barbuda,01/01/1970,,,,01/11/2012,20/01/2015,999999999
2141,Hovic,VIHOC,Sea,Very Small,Unknown,0,0,0,Unknown,Unknown,"17,71223","-64,7452",VIR,VIR,United States Virgin Islands,01/01/1970,,,,01/11/2012,20/01/2015,4796512
2142,Matadi,,Sea,Small,Open,0,0,0,Yes,Unknown,"-5,82389","13,44988",COD,COD,Democratic Republic of the Congo,18/08/2014,,,CO,01/11/2012,23/02/2018,2313002
2143,Limetree Bay,VILIB,Sea,Very Small,Unknown,0,0,0,Unknown,Unknown,"17,71373","-64,7494",VIR,VIR,United States Virgin Islands,01/01/1970,,,,01/11/2012,05/12/2013,4796042
2144,Aguadilla,PRBQN,Sea,Very Small,Unknown,0,0,0,Unknown,Unknown,"18,42853","-67,1549",PRI,PRI,Puerto Rico,01/01/1970,,,,01/11/2012,05/12/2013,4562506
2145,Boca Chica,DOBCC,Sea,Very Small,Unknown,0,0,0,Unknown,Unknown,"18,421","-69,62821",DOM,DOM,Dominican Republic,01/01/1970,,,,01/11/2012,06/06/2017,3511336
2146,Arecibo,PRARE,Sea,Very Small,Unknown,0,0,0,Unknown,Unknown,"18,47963","-66,7277",PRI,PRI,Puerto Rico,01/01/1970,,,,01/11/2012,05/12/2013,4562635
2147,Guayabal,CUGYB,Sea,Very Small,Unknown,0,0,0,Unknown,Unknown,"20,68435","-77,6183",,CUB,,01/01/1970,,,,01/11/2012,31/05/2017,3557534
2148,Tanamo,CUTAN,Sea,Very Small,Unknown,0,0,0,Unknown,Unknown,"20,67864","-75,33573",CUB,CUB,Cuba,01/01/1970,,,,01/11/2012,31/05/2017,3541446
2149,Banes,CUBAN,Sea,Very Small,Unknown,0,0,0,Unknown,Unknown,"20,91922","-75,70484",CUB,CUB,Cuba,01/01/1970,,,,01/11/2012,31/05/2017,3567869
2150,Vita,CUVIT,Sea,Very Small,Unknown,0,0,0,Unknown,Unknown,"21,07662","-75,95281",CUB,CUB,Cuba,01/01/1970,,,,01/11/2012,31/05/2017,3542935
2151,Manchester,GBMNC,Sea,Unknown,Unknown,0,0,0,Unknown,Unknown,"53,48543","-2,2292",GBR,GBR,U.K. of Great Britain and Northern Ireland,01/01/1970,,,,01/11/2012,05/12/2013,2643123
2152,Puerto Padre,CUPPA,Sea,Very Small,Unknown,0,0,0,Unknown,Unknown,"21,20144","-76,59994",CUB,CUB,Cuba,01/01/1970,,,,01/11/2012,31/05/2017,3543299
2153,Punta Quilla,ARPQU,Sea,Very Small,Unknown,0,0,0,Unknown,Unknown,"-50,11797","-68,4176",ARG,ARG,Argentina,01/01/1970,,,,01/11/2012,20/01/2015,3860466
2154,Puerto Madryn,ARPMY,Sea,Very Small,Unknown,0,0,0,Unknown,Unknown,"-42,77377","-65,0281",ARG,ARG,Argentina,01/01/1970,,,,01/11/2012,05/12/2013,3840092
2155,Castro,CLWCA,Sea,Very Small,Unknown,0,0,0,Unknown,Unknown,"-42,48687","-73,7588",CHL,CHL,Chile,01/01/1970,,,,01/11/2012,05/12/2013,3896218
2156,Mollendo,PEMLQ,Sea,Very Small,Unknown,0,0,0,Unknown,Unknown,"-17,0276","-72,01792",PER,PER,Peru,01/01/1970,,,,01/11/2012,14/06/2017,3934707
2157,Huacho,PEHCO,Sea,Very Small,Unknown,0,0,0,Unknown,Unknown,"-11,1233","-77,61474",PER,PER,Peru,01/01/1970,,,,01/11/2012,14/06/2017,3940002
2158,Samanco,PESAM,Sea,Very Small,Unknown,0,0,0,Unknown,Unknown,"-9,25611","-78,49794",PER,PER,Peru,01/01/1970,,,,01/11/2012,14/06/2017,3692686
2159,Chimbote,PECHM,Sea,Very Small,Unknown,0,0,0,Unknown,Unknown,"-9,0774","-78,61072",PER,PER,Peru,01/01/1970,,,,01/11/2012,14/06/2017,3698304
2160,Puerto Chicama,PEPCH,Sea,Very Small,Unknown,0,0,0,Unknown,Unknown,"-7,69523","-79,43635",,PER,,01/01/1970,,,,01/11/2012,14/06/2017,3693250
2161,Pacasmayo,PEPAC,Sea,Very Small,Unknown,0,0,0,Unknown,Unknown,"-7,39818","-79,57182",,PER,,01/01/1970,,,,01/11/2012,14/06/2017,3694178
2162,Pimentel,PEPMT,Sea,Very Small,Unknown,0,0,0,Unknown,Unknown,"-6,83572","-79,93791",,PER,,01/01/1970,,,,01/11/2012,14/06/2017,3693584
2163,Cayenne,GFCAY,Sea,Very Small,Unknown,0,0,0,Unknown,Unknown,"4,93673","-52,3369",GUF,GUF,French Guiana,01/01/1970,,,,01/11/2012,05/12/2013,3382160
2164,Kourou,GFQKR,Sea,Very Small,Unknown,0,0,0,Unknown,Unknown,"5,14713","-52,6465",GUF,GUF,French Guiana,01/01/1970,,,,01/11/2012,05/12/2013,3381303
2165,Chiriqui Grande,PACHG,Sea,Very Small,Unknown,0,0,0,Unknown,Unknown,"8,92763","-82,1118",PAN,PAN,Panama,01/01/1970,,,,01/11/2012,05/12/2013,3712401
2166,Paraiso,PAPAI,Sea,Very Small,Unknown,0,0,0,Unknown,Unknown,"9,02663","-79,6272",PAN,PAN,Panama,01/01/1970,,,,01/11/2012,05/12/2013,3703373
2167,Pozos Colorados,COPOC,Sea,Very Small,Unknown,0,0,0,Unknown,Unknown,"11,10897","-74,22887",,COL,,01/01/1970,,,,01/11/2012,07/04/2017,3671786
2168,Jaffna,LKJAF,Sea,Very Small,Unknown,0,0,0,Unknown,Unknown,"9,66373","80,0063",LKA,LKA,Sri Lanka,01/01/1970,,,,01/11/2012,05/12/2013,1242833
2169,Bluefields,NIBEF,Sea,Very Small,Unknown,0,0,0,Unknown,Unknown,"12,01501","-83,75772",NIC,NIC,Nicaragua,01/01/1970,,,,01/11/2012,05/06/2017,3620680
2170,Bullen Bay,ANBUB,Sea,Very Small,Unknown,0,0,0,Unknown,Unknown,"12,19053","-69,0338",ANT,ANT,Netherlands Antilles,01/01/1970,,,,01/11/2012,20/01/2015,3513853
2171,Champerico,GTCHR,Sea,Very Small,Unknown,0,0,0,Unknown,Unknown,"14,29149","-91,91644",GTM,GTM,Guatemala,01/01/1970,,,,01/11/2012,05/12/2013,3598787
2172,Livingston,GTLIV,Sea,Very Small,Unknown,0,0,0,Unknown,Unknown,"15,82562","-88,74822",GTM,GTM,Guatemala,01/01/1970,,,,01/11/2012,05/12/2013,3593376
2173,Port Kaiser,JMPKS,Sea,Very Small,Unknown,0,0,0,Unknown,Unknown,"17,86173","-77,6103",JAM,JAM,Jamaica,01/01/1970,,,,01/11/2012,05/12/2013,3488998
2174,Port Esquivel,JMPEV,Sea,Very Small,Unknown,0,0,0,Unknown,Unknown,"17,88413","-77,1334",JAM,JAM,Jamaica,01/01/1970,,,,01/11/2012,05/12/2013,3489002
2175,Las Mareas,PRLAM,Sea,Very Small,Unknown,0,0,0,Unknown,Unknown,"17,96113","-66,2059",PRI,PRI,Puerto Rico,01/01/1970,,,,01/11/2012,05/12/2013,4565954
2176,Black River,JMBLR,Sea,Very Small,Unknown,0,0,0,Unknown,Unknown,"18,02273","-77,8561",JAM,JAM,Jamaica,01/01/1970,,,,01/11/2012,05/12/2013,3491355
2177,Villa Constitucion,ARVCN,River,Small,Unknown,0,0,0,Unknown,Unknown,"-33,23447","-60,3155",ARG,ARG,Argentina,01/01/1970,,,,01/11/2012,05/12/2013,3832778
2178,Paysandu,UYPDU,River,Small,Unknown,0,0,0,Unknown,Unknown,"-32,31447","-58,0959",URY,URY,Uruguay,01/01/1970,,,,01/11/2012,05/12/2013,3441243
2179,Savanna La Mar,JMSLM,Sea,Very Small,Unknown,0,0,0,Unknown,Unknown,"18,20793","-78,1513",JAM,JAM,Jamaica,01/01/1970,,,,01/11/2012,05/12/2013,3488613
2180,St Thomas Island,VISTT,Sea,Very Small,Unknown,0,0,0,Unknown,Unknown,"18,34383","-64,9405",VIR,VIR,United States Virgin Islands,01/01/1970,,,,01/11/2012,20/01/2015,4795467
2181,Sanchez,DOSNZ,Sea,Very Small,Unknown,0,0,0,Unknown,Unknown,"19,22488","-69,61501",,DOM,,01/01/1970,,,,01/11/2012,06/06/2017,3493198
2182,Manzanillo,DOMAN,Sea,Very Small,Unknown,0,0,0,Unknown,Unknown,"19,70712","-71,74314",,HTI,,01/01/1970,,,,01/11/2012,06/06/2017,3495024
2183,Pilon,CUPIL,Sea,Very Small,Unknown,0,0,0,Unknown,Unknown,"19,90192","-77,32069",CUB,CUB,Cuba,01/01/1970,,,,01/11/2012,31/05/2017,3544171
2184,Media Luna,CUMEL,Sea,Very Small,Unknown,0,0,0,Unknown,Unknown,"20,1587","-77,4419",CUB,CUB,Cuba,01/01/1970,,,,01/11/2012,31/05/2017,3547260
2185,Ceiba Hueca,CUCEI,Sea,Very Small,Unknown,0,0,0,Unknown,Unknown,"20,22414","-77,32557",CUB,CUB,Cuba,01/01/1970,,,,01/11/2012,31/05/2017,3564537
2186,Jucaro,CUJUC,Sea,Very Small,Unknown,0,0,0,Unknown,Unknown,"21,62087","-78,85286",,CUB,,01/01/1970,,,,01/11/2012,31/05/2017,3555731
2187,Casilda,CUCAS,Sea,Very Small,Unknown,0,0,0,Unknown,Unknown,"21,75277","-79,98983",,CUB,,01/01/1970,,,,01/11/2012,31/05/2017,3565055
2188,Habana,CUHAV,Sea,Very Small,Unknown,0,0,0,Unknown,Unknown,"23,12413","-82,34701",,CUB,,01/01/1970,,,,01/11/2012,31/05/2017,3553478
2189,Min-Al-Fahal,OMMFH,Sea,Very Small,Open,0,0,0,Unknown,Accurate,"23,64","58,51",OMN,OMN,Oman,01/01/1970,,,,01/11/2012,15/09/2015,8309889
2190,Ormara,PKORW,Sea,Very Small,Unknown,0,0,0,Unknown,Accurate,"25,20061","64,67736",PAK,PAK,Pakistan,01/01/1970,,,,01/11/2012,30/12/2013,1168700
2191,Ordu,TRORD,Sea,Very Small,Unknown,0,0,0,Unknown,Unknown,"40,98533","37,8839",TUR,TUR,Turkey,01/01/1970,,,,01/11/2012,05/12/2013,741100
2192,Chancay,PECHY,Sea,Very Small,Unknown,0,0,0,Unknown,Unknown,"-11,58362","-77,27095",PER,PER,Peru,01/01/1970,,,,01/11/2012,14/06/2017,3944399
2193,Laem Chabang,THLCH,Sea,Large,Open,0,0,0,Unknown,Unknown,"13,06917","100,90117",THA,THA,Thailand,01/01/1970,,,,01/11/2012,05/12/2013,1897926
2194,Jakarta,IDJKT,Sea,Large,Open,0,0,0,Unknown,Unknown,"-6,10434","106,80256",,IDN,,01/01/1970,,,,01/11/2012,11/05/2017,1642911
2195,Tanjung Priok,IDTPP,Sea,Large,Open,0,0,0,Unknown,Unknown,"-6,10492","106,87615",IDN,IDN,Indonesia,01/01/1970,,,,01/11/2012,11/05/2017,1624866
2196,Cartagena,COCTG,Sea,Large,Open,0,0,0,Yes,Unknown,"10,40575","-75,53294",,COL,,01/01/1970,,,,01/11/2012,07/04/2017,3687238
2197,Suez,EGSUZ,Sea,Large,Open,0,0,0,Unknown,Unknown,"29,9667","32,55",EGY,EGY,Egypt,01/01/1970,,,,01/11/2012,05/12/2013,359796
2198,Arica,CLARI,Sea,Medium,Open,0,0,0,Unknown,Unknown,"-18,48247","-70,3283",CHL,CHL,Chile,01/01/1970,,,,01/11/2012,05/12/2013,3899361
2199,Port Vila,VUVLI,Sea,Medium,Open,0,0,0,Unknown,Unknown,"-17,75529","168,31205",,VUT,,01/01/1970,,,,01/11/2012,24/03/2017,2135171
2200,Honiara,SBHIR,Sea,Medium,Open,0,0,0,Unknown,Unknown,"-9,43028","159,95812",SLB,SLB,Solomon islands,01/01/1970,,,,01/11/2012,17/04/2014,2108502
2201,Surabaya,IDSUB,Sea,Medium,Open,0,0,0,Unknown,Unknown,"-7,20203","112,73319",,IDN,,01/01/1970,,,,01/11/2012,11/05/2017,1625822
2202,Madang,PGMAG,Sea,Medium,Open,0,0,0,Unknown,Unknown,"-5,21677","145,8041",PNG,PNG,Papua New Guinea,01/01/1970,,,,01/11/2012,05/12/2013,2091996
2203,Makassar,IDUPG,Sea,Medium,Open,0,0,0,Unknown,Unknown,"-5,13222","119,40315",IDN,IDN,Indonesia,01/01/1970,,,,01/11/2012,11/05/2017,1622786
2204,Guayaquil,ECGYE,Sea,Medium,Open,0,0,0,Unknown,Unknown,"-2,23237","-79,88674",ECU,ECU,Ecuador,01/01/1970,,,,01/11/2012,23/05/2017,3657509
2205,Lagos,NGLOS,Sea,Medium,Open,0,0,0,Yes,Unknown,"6,43672","3,38966",NGA,NGA,Nigeria,01/01/1970,,,,01/11/2012,16/02/2018,2332459
2206,Zayed,AEMZD,Sea,Medium,Open,0,0,0,Unknown,Unknown,"24,52583","54,3775",ARE,ARE,United Arab Emirates,01/01/1970,,,,01/11/2012,20/01/2015,292968
2207,Doha,QADOH,Sea,Medium,Open,0,0,0,Unknown,Unknown,"25,29168","51,52706",QAT,QAT,Qatar,01/01/1970,,,,01/11/2012,05/12/2013,290030
2208,Mina Salman,BHMIN,Sea,Medium,Open,0,0,0,Unknown,Unknown,"26,23825","50,64391",BHR,BHR,Bahrain,01/01/1970,,,,01/11/2012,20/01/2015,290332
2209,Shuaiba,KWMIB,Sea,Medium,Open,0,0,0,Unknown,Unknown,"29,04194","48,14968",KWT,KWT,Kuwait,01/01/1970,,,,01/11/2012,05/12/2013,285716
2210,Haifa,ILHFA,Sea,Medium,Open,0,0,0,Unknown,Unknown,"32,81873","35,0141",ISR,ISR,Israel,01/01/1970,,,,01/11/2012,05/12/2013,294801
2211,Suva,FJSUV,Sea,Medium,Open,0,0,0,Unknown,Unknown,"-18,1336","178,42447",,FJI,,01/01/1970,,,,01/11/2012,29/03/2017,2198148
2212,Pago Pago,ASPPG,Sea,Medium,Open,0,0,0,Unknown,Unknown,"-14,28117","-170,6909",ASM,ASM,American Samoa,01/01/1970,,,,01/11/2012,05/12/2013,5881576
2213,Balikpapan,IDBPN,Sea,Medium,Open,0,0,0,Unknown,Unknown,"-1,25527","116,81594",,IDN,,01/01/1970,,,,01/11/2012,11/05/2017,1650527
2214,Padang,IDPDG,Sea,Medium,Open,0,0,0,Unknown,Unknown,"-1,00017","100,37084",IDN,IDN,Indonesia,01/01/1970,,,,01/11/2012,11/05/2017,1633419
2215,Pontianak,IDPNK,Sea,Medium,Open,0,0,0,Unknown,Unknown,"-0,01847","109,33552",IDN,IDN,Indonesia,01/01/1970,,,,01/11/2012,11/05/2017,1630789
2216,Mamonal,COMAM,Sea,Medium,Open,0,0,0,Unknown,Unknown,"10,32662","-75,50977",,COL,,01/01/1970,,,,01/11/2012,07/04/2017,3675555
2217,Damietta,EGDAM,Sea,Medium,Open,0,0,0,Unknown,Unknown,"31,43843","31,8261",EGY,EGY,Egypt,01/01/1970,,,,01/11/2012,05/12/2013,358048
2218,Port Said,EGPSD,Sea,Medium,Open,0,0,0,Unknown,Unknown,"31,24333","32,3009",EGY,EGY,Egypt,01/01/1970,,,,01/11/2012,05/12/2013,358619
2219,Port Moresby,PGPOM,Sea,Medium,Open,0,0,0,Unknown,Unknown,"-9,48067","147,1503",PNG,PNG,Papua New Guinea,01/01/1970,,,,01/11/2012,05/12/2013,2088122
2220,Gresik,IDGRE,Sea,Medium,Open,0,0,0,Unknown,Unknown,"-7,14449","112,65108",,IDN,,01/01/1970,,,,01/11/2012,11/05/2017,1643776
2221,Lae,PGLAE,Sea,Medium,Open,0,0,0,Unknown,Unknown,"-6,73497","146,9797",PNG,PNG,Papua New Guinea,01/01/1970,,,,01/11/2012,05/12/2013,2092740
2222,Banten,IDCIG,Sea,Medium,Open,0,0,0,Unknown,Unknown,"-6,01375","105,95816",IDN,IDN,Indonesia,01/01/1970,,,,01/11/2012,05/12/2013,1650134
2223,Port Harcourt,NGPHC,Sea,Medium,Open,0,0,0,Unknown,Unknown,"4,77753","7,0039",NGA,NGA,Nigeria,01/01/1970,,,,01/11/2012,05/12/2013,2324774
2224,Sattahip,THSAT,Sea,Medium,Open,0,0,0,Unknown,Unknown,"12,62419","100,93178",THA,THA,Thailand,01/01/1970,,,,01/11/2012,05/12/2013,1606386
2225,Map Ta Phut,THMAT,Sea,Medium,Open,0,0,0,Unknown,Unknown,"12,67353","101,1515",THA,THA,Thailand,01/01/1970,,,,01/11/2012,05/12/2013,1616685
2226,Port Qaboos,OMOPQ,Sea,Large,Open,0,0,0,Unknown,Accurate,"23,62772","58,56664",OMN,OMN,Oman,01/01/1970,,,,01/11/2012,15/09/2015,287286
2227,Jebel Ali,AEJEA,Sea,Medium,Open,0,0,0,Yes,Unknown,"25,00063","55,0493",ARE,ARE,United Arab Emirates,01/01/1970,,,,01/11/2012,16/01/2015,292223
2228,Khor Al Fakkan,AEKLF,Sea,Medium,Open,0,0,0,Unknown,Unknown,"25,34523","56,37061",ARE,ARE,United Arab Emirates,01/01/1970,,,,01/11/2012,05/12/2013,291696
2229,Manokwari,IDMKW,Sea,Small,Open,0,0,0,Unknown,Unknown,"-0,86727","134,07484",,IDN,,01/01/1970,,,,01/11/2012,11/05/2017,1636308
2230,Sharjah,AESHJ,Sea,Medium,Open,0,0,0,Unknown,Unknown,"25,36711","55,38845",ARE,ARE,United Arab Emirates,01/01/1970,,,,01/11/2012,05/12/2013,292672
2231,Shuwaikh,KWSWK,Sea,Medium,Open,0,0,0,Unknown,Unknown,"29,35102","47,94272",KWT,KWT,Kuwait,01/01/1970,,,,01/11/2012,19/01/2015,285787
2232,Aliaga,TRALI,Sea,Medium,Open,0,0,0,Unknown,Unknown,"38,83223","26,9493",TUR,TUR,Turkey,01/01/1970,,,,01/11/2012,05/12/2013,324106
2233,Bandar Abbas,IRBND,Sea,Medium,Open,0,0,0,Yes,Unknown,"27,14493","56,1911",IRN,"IRN,AFG",Iran (Islamic Republic of),01/01/1970,,,,01/11/2012,28/09/2017,141681
2234,Nouadhibou,MRNDB,Sea,Medium,Open,0,0,0,Unknown,Unknown,"20,89894","-17,05258",MRT,MRT,Mauritania,01/01/1970,,,,01/11/2012,18/05/2017,2377457
2235,Onne,NGONN,Sea,Medium,Open,0,0,0,Unknown,Unknown,"4,68388","7,1521",NGA,NGA,Nigeria,01/01/1970,,,,01/11/2012,05/12/2013,2325987
2236,Abadan,IRABD,River,Medium,Open,0,0,0,Unknown,Unknown,"30,33753","48,2797",IRN,IRN,Iran  (Islamic Republic of),01/01/1970,,,,01/11/2012,05/12/2013,145459
2237,Phnom Penh,KHPNH,River,Medium,Open,0,0,0,Unknown,Unknown,"11,55903","104,9367",KHM,KHM,Cambodia,01/01/1970,,,,01/11/2012,05/12/2013,1821306
2238,Bangkok,THBKK,River,Medium,Open,0,0,0,Unknown,Unknown,"13,68263","100,5187",THA,THA,Thailand,01/01/1970,,,,01/11/2012,05/12/2013,1609350
2239,Yangon,MMRGN,River,Medium,Open,0,0,0,Yes,Unknown,"16,76658","96,16827",MMR,MMR,Myanmar,01/01/1970,,,,01/11/2012,18/05/2016,1298824
2240,Basrah,IQBSR,River,Medium,Open,0,0,0,Unknown,Unknown,"30,51143","47,8497",IRQ,IRQ,Iraq,01/01/1970,,,,01/11/2012,19/01/2015,99532
2241,Port-Au-Prince,HTPAP,Sea,Small,Open,0,0,0,Unknown,Unknown,"18,55615","-72,34769",HTI,HTI,Haiti,01/01/1970,,,,01/11/2012,05/12/2013,3718426
2242,Nukualofa,TOTBU,Sea,Small,Open,0,0,0,Unknown,Unknown,"-21,13267","-175,2037",TON,TON,Tonga,01/01/1970,,,,01/11/2012,05/12/2013,4032402
2243,Apia,WSAPW,Sea,Small,Open,0,0,0,Unknown,Unknown,"-13,82427","-171,7553",WSM,WSM,Samoa,01/01/1970,,,,01/11/2012,05/12/2013,4035413
2244,Pemba,MZPOL,Sea,Small,Open,0,0,0,Unknown,Unknown,"-12,96645","40,4862",,MOZ,,01/01/1970,,,,01/11/2012,21/03/2017,1028918
2245,Kupang,IDKOE,Sea,Small,Open,0,0,0,Unknown,Unknown,"-10,15375","123,59051",,IDN,,01/01/1970,,,,01/11/2012,11/05/2017,2057087
2246,Dzaoudzi,KMDZA,Sea,Small,Open,0,0,0,Unknown,Unknown,"-12,77864","45,23305",MYT,MYT,Mayotte,01/01/1970,,,,01/11/2012,05/12/2013,921900
2247,Bima,IDBMU,Sea,Small,Open,0,0,0,Unknown,Unknown,"-8,44602","118,71591",,IDN,,01/01/1970,,,,01/11/2012,11/05/2017,1648759
2248,Gizo,SBGZO,Sea,Small,Open,0,0,0,Unknown,Unknown,"-8,08187","156,8207",SLB,SLB,Solomon Islands,01/01/1970,,,,01/11/2012,05/12/2013,2108857
2249,Probolinggo,IDPRO,Sea,Small,Open,0,0,0,Unknown,Unknown,"-7,72999","113,2179",,IDN,,01/01/1970,,,,01/11/2012,11/05/2017,1630634
2250,Kalianget,IDKAT,Sea,Small,Open,0,0,0,Unknown,Unknown,"-7,03791","113,94903",IDN,IDN,Indonesia,01/01/1970,,,,01/11/2012,11/05/2017,1641977
2251,Pare Pare,IDPAP,Sea,Small,Open,0,0,0,Unknown,Unknown,"-4,00265","119,62174",,IDN,,01/01/1970,,,,01/11/2012,11/05/2017,1632353
2252,Puerto Bolivar,ECPBO,Sea,Small,Open,0,0,0,Unknown,Unknown,"-3,25689","-80,00117",ECU,ECU,Ecuador,01/01/1970,,,,01/11/2012,23/05/2017,3652757
2253,Lamu,KELAU,Sea,Small,Open,0,0,0,Unknown,Unknown,"-2,26912","40,90331",KEN,KEN,Kenya,01/01/1970,,,,01/11/2012,16/03/2017,189741
2254,Bontang,IDBXT,Sea,Small,Open,0,0,0,Unknown,Unknown,"0,08553","117,48763",,IDN,,01/01/1970,,,,01/11/2012,11/05/2017,1648186
2255,Gorontalo,IDGTO,Sea,Small,Open,0,0,0,Unknown,Unknown,"0,49764","123,06938",,IDN,,01/01/1970,,,,01/11/2012,11/05/2017,1643837
2256,Singkawang,IDSKW,Sea,Small,Open,0,0,0,Unknown,Unknown,"0,91919","108,96726",IDN,IDN,Indonesia,01/01/1970,,,,01/11/2012,11/05/2017,1626916
2257,Manado,IDMDC,Sea,Small,Open,0,0,0,Unknown,Unknown,"1,49855","124,84016",IDN,IDN,Indonesia,01/01/1970,,,,01/11/2012,11/05/2017,1636544
2258,Takoradi,GHTKD,Sea,Small,Open,0,0,0,Unknown,Unknown,"4,88503","-1,749",GHA,GHA,Ghana,01/01/1970,,,,01/11/2012,05/12/2013,2294915
2259,Buchanan,LRUCN,Sea,Small,Open,0,0,0,Unknown,Unknown,"5,86122","-10,0508",LBR,LBR,Liberia,01/01/1970,,,,01/11/2012,05/12/2013,2278158
2260,Kompongsom,KHKOS,Sea,Small,Open,0,0,0,Unknown,Unknown,"10,60433","103,5217",KHM,KHM,Cambodia,01/01/1970,,,,01/11/2012,19/01/2015,1831142
2261,Sihanoukville,KHSIH,Sea,Small,Open,0,0,0,Yes,Unknown,"10,62293","103,4923",KHM,KHM,Cambodia,01/01/1970,,,,01/11/2012,18/05/2016,1831142
2262,Koh Si Chang,THKSI,Sea,Small,Open,0,0,0,Unknown,Unknown,"13,16069","100,81423",THA,THA,Thailand,01/01/1970,,,,01/11/2012,05/12/2013,1609479
2263,Cap-Haitien,HTCAP,Sea,Small,Open,0,0,0,Unknown,Unknown,"19,75953","-72,1922",HTI,HTI,Haiti,01/01/1970,,,,01/11/2012,05/12/2013,3728474
2264,Sohar,OMSOH,Sea,Small,Open,0,0,0,Unknown,Unknown,"24,37699","56,73828",OMN,OMN,Oman,01/01/1970,,,,01/11/2012,05/12/2013,286282
2265,Safaga,EGSGA,Sea,Small,Open,0,0,0,Unknown,Unknown,"26,76053","33,9943",EGY,EGY,Egypt,01/01/1970,,,,01/11/2012,05/12/2013,358620
2266,Sharm El Sheikh,EGSSH,Sea,Small,Open,0,0,0,Unknown,Unknown,"27,85073","34,2943",EGY,EGY,Egypt,01/01/1970,,,,01/11/2012,05/12/2013,349340
2267,Ras Shukheir,EGRSH,Sea,Small,Open,0,0,0,Unknown,Unknown,"28,14033","33,2743",EGY,EGY,Egypt,01/01/1970,,,,01/11/2012,19/01/2015,350190
2268,Moulmein,MMMNU,Sea,Small,Open,0,0,0,Unknown,Unknown,"16,48411","97,62477",MMR,MMR,Myanmar,01/01/1970,,,,01/11/2012,05/12/2013,1308465
2269,Gelibolu,TRGEL,Sea,Small,Open,0,0,0,Unknown,Unknown,"40,40546","26,66958",TUR,TUR,Turkey,01/01/1970,,,,01/11/2012,05/12/2013,746983
2270,Bartin,TRBTN,Sea,Small,Open,0,0,0,Unknown,Unknown,"41,68681","32,22961",TUR,TUR,Turkey,01/01/1970,,,,01/11/2012,20/01/2015,751057
2271,Sirri Island,IRSXI,Sea,Small,Open,0,0,0,Unknown,Unknown,"25,90013","54,5485",IRN,IRN,Iran (Islamic Republic of),01/01/1970,,,,01/11/2012,19/01/2015,999999999
2272,Khark Island,IRKHK,Sea,Small,Open,0,0,0,Unknown,Unknown,"29,22823","50,3049",IRN,IRN,Iran (Islamic Republic of),01/01/1970,,,,01/11/2012,05/12/2013,130216
2273,Levuka,FJLEV,Sea,Small,Open,0,0,0,Unknown,Unknown,"-17,68472","178,83631",FJI,FJI,Fiji,01/01/1970,,,,01/11/2012,29/03/2017,2204418
2274,Mocambique,MZMZQ,Sea,Small,Open,0,0,0,Unknown,Unknown,"-15,03081","40,73659",MOZ,MOZ,Mozambique,01/01/1970,,,,01/11/2012,21/03/2017,1037390
2275,Maumere,IDMOF,Sea,Small,Open,0,0,0,Unknown,Unknown,"-8,61517","122,2189",,IDN,,01/01/1970,,,,01/11/2012,11/05/2017,1635815
2276,Manggar,IDMAN,Sea,Small,Open,0,0,0,Unknown,Unknown,"-2,85196","108,28931",IDN,IDN,Indonesia,01/01/1970,,,,01/11/2012,05/12/2013,1636426
2277,Manta,ECMEC,Sea,Small,Open,0,0,0,Unknown,Unknown,"-0,9388","-80,72627",ECU,ECU,Ecuador,01/01/1970,,,,01/11/2012,23/05/2017,3654410
2278,Bushehr,IRBUZ,Sea,Small,Open,0,0,0,Unknown,Unknown,"28,97233","50,8283",IRN,IRN,Iran  (Islamic Republic of),01/01/1970,,,,01/11/2012,05/12/2013,139817
2279,Umm Qasr,IQUQR,Sea,Small,Open,0,0,0,Yes,Unknown,"30,05371","47,93358",IRQ,IRQ,Iraq,01/01/1970,,,,01/11/2012,04/07/2014,89824
2280,Neiafu,TONEI,Sea,Small,Open,0,0,0,Unknown,Unknown,"-18,65127","-173,9754",TON,TON,Tonga,01/01/1970,,,,01/11/2012,05/12/2013,4032420
2281,Chinde,MZINE,Sea,Small,Open,0,0,0,Unknown,Unknown,"-18,57742","36,46406",,MOZ,,01/01/1970,,,,01/11/2012,21/03/2017,1024697
2282,Pebane,MZPEB,Sea,Small,Open,0,0,0,Unknown,Unknown,"-17,26537","38,1341",MOZ,MOZ,Mozambique,01/01/1970,,,,01/11/2012,05/12/2013,1028970
2283,Moroni,KMYVA,Sea,Small,Open,0,0,0,Unknown,Unknown,"-11,68697","43,2401",COM,COM,Comoros,01/01/1970,,,,01/11/2012,05/12/2013,921772
2284,Lembar,IDAMP,Sea,Small,Open,0,0,0,Unknown,Unknown,"-8,73027","116,07257",IDN,IDN,Indonesia,01/01/1970,,,,01/11/2012,11/05/2017,1638059
2285,Viru Harbour,SBVIU,Sea,Small,Open,0,0,0,Unknown,Unknown,"-8,50567","157,7235",SLB,SLB,Solomon Islands,01/01/1970,,,,01/11/2012,20/01/2015,2102605
2286,Merauke,IDMKQ,Sea,Small,Open,0,0,0,Unknown,Unknown,"-8,47877","140,39086",,IDN,,01/01/1970,,,,01/11/2012,11/05/2017,2082539
2287,Banyuwangi,IDBUG,Sea,Small,Open,0,0,0,Unknown,Unknown,"-8,20596","114,38447",,IDN,,01/01/1970,,,,01/11/2012,11/05/2017,1650077
2288,Panarukan,IDPRN,Sea,Small,Open,0,0,0,Unknown,Unknown,"-7,6976","113,93394",IDN,IDN,Indonesia,01/01/1970,,,,01/11/2012,11/05/2017,1632903
2289,Tanjung Sekong,IDMRK,Sea,Small,Open,0,0,0,Unknown,Unknown,"-5,92286","105,99422",IDN,IDN,Indonesia,01/01/1970,,,,01/11/2012,11/05/2017,1628108
2290,Pandjang,IDSPA,Sea,Small,Open,0,0,0,Unknown,Unknown,"-5,47214","105,31803",IDN,IDN,Indonesia,01/01/1970,,,,01/11/2012,10/05/2017,1632598
2291,Tanjung Pandan,IDTJQ,Sea,Small,Open,0,0,0,Unknown,Unknown,"-2,75897","107,6401",IDN,IDN,Indonesia,01/01/1970,,,,01/11/2012,05/12/2013,1624877
2292,Malili,IDMLI,Sea,Small,Open,0,0,0,Unknown,Unknown,"-2,66317","120,98228",IDN,IDN,Indonesia,01/01/1970,,,,01/11/2012,11/05/2017,1622198
2293,Jayapura,IDDJJ,Sea,Small,Open,0,0,0,Unknown,Unknown,"-2,5972","140,71173",,IDN,,01/01/1970,,,,01/11/2012,11/05/2017,2082600
2294,La Libertad,ECLLD,Sea,Small,Open,0,0,0,Unknown,Unknown,"-2,21809","-80,92283",,ECU,,01/01/1970,,,,01/11/2012,23/05/2017,3655131
2295,Pangkal Balam,IDPGX,Sea,Small,Open,0,0,0,Unknown,Unknown,"-2,08817","106,15479",IDN,IDN,Indonesia,01/01/1970,,,,01/11/2012,10/05/2017,1632659
2296,Muntok,IDMUO,Sea,Small,Open,0,0,0,Unknown,Unknown,"-2,07444","105,17549",IDN,IDN,Indonesia,01/01/1970,,,,01/11/2012,10/05/2017,1634678
2297,Poso,IDPSJ,Sea,Small,Open,0,0,0,Unknown,Unknown,"-1,38242","120,75516",IDN,IDN,Indonesia,01/01/1970,,,,01/11/2012,11/05/2017,1630723
2298,Esmeraldas,ECESM,Sea,Small,Open,0,0,0,Yes,Unknown,"0,9846","-79,64434",,ECU,,01/01/1970,,,,01/11/2012,23/05/2017,3657990
2299,Bitung,IDBIT,Sea,Small,Open,0,0,0,Unknown,Unknown,"1,4389","125,19403",,IDN,,01/01/1970,,,,01/11/2012,11/05/2017,1648636
2300,Pangkalang Susu,IDSSO,Sea,Small,Open,0,0,0,Unknown,Unknown,"4,12408","98,21174",,IDN,,01/01/1970,,,,01/11/2012,10/05/2017,1214297
2301,Warri,NGWAR,Sea,Small,Open,0,0,0,Unknown,Unknown,"5,51665","5,72447",NGA,,Nigeria,01/01/1970,,,,01/11/2012,16/02/2018,2319133
2302,Calabar,NGCBQ,Sea,Small,Open,0,0,0,Unknown,Unknown,"4,95253","8,3093",NGA,,Nigeria,01/01/1970,,,,01/11/2012,16/02/2018,2346229
2303,Greenville,LRGRE,Sea,Small,Open,0,0,0,Unknown,Unknown,"4,99673","-9,0309",LBR,LBR,Liberia,01/01/1970,,,,01/11/2012,05/12/2013,2276600
2304,Port Kamsar,GNKMR,Sea,Small,Open,0,0,0,Unknown,Unknown,"10,64732","-14,6162",GIN,GIN,Guinea,01/01/1970,,,,01/11/2012,14/08/2014,2420056
2305,Santa Marta,COSMR,Sea,Small,Open,0,0,0,Unknown,Unknown,"11,24916","-74,21571",,COL,,01/01/1970,,,,01/11/2012,07/04/2017,3668605
2306,Fujairah,AEFJR,Sea,Small,Open,0,0,0,Unknown,Unknown,"25,12769","56,356",ARE,ARE,United Arab Emirates,01/01/1970,,,,01/11/2012,05/12/2013,292878
2307,Chah-Bahar,IRZBR,Sea,Small,Open,0,0,0,Yes,Unknown,"25,30093","60,6191",IRN,"IRN,AFG",Iran  (Islamic Republic of),01/01/1970,,,,01/11/2012,28/09/2017,1161724
2308,Adabiya,EGADA,Sea,Small,Open,0,0,0,Unknown,Unknown,"29,86533","32,4735",EGY,EGY,Egypt,01/01/1970,,,,01/11/2012,05/12/2013,361642
2309,Baniyas,SYBAN,Sea,Small,Open,0,0,0,Unknown,Unknown,"35,18813","35,9571",SYR,SYR,Syrian Arab Republic,01/01/1970,,,,01/11/2012,08/04/2015,171830
2310,Bahia de Caraquez,ECBHA,Sea,Small,Open,0,0,0,Unknown,Unknown,"-0,61127","-80,42404",ECU,ECU,Ecuador,01/01/1970,,,,01/11/2012,23/05/2017,3660401
2311,Sittwe,MMAKY,Sea,Medium,Open,0,0,0,Unknown,Unknown,"20,14133","92,90185",MMR,MMR,Myanmar,01/01/1970,,,,01/11/2012,06/08/2015,1295765
2312,Gocek,TRGCK,Sea,Small,Open,0,0,0,Unknown,Unknown,"36,75632","28,94362",TUR,TUR,Turkey,01/01/1970,,,,01/11/2012,05/12/2013,306859
2313,Abu Qir,EGAKI,Sea,Small,Open,0,0,0,Unknown,Unknown,"31,3167","30,0667",EGY,EGY,Egypt,01/01/1970,,,,01/11/2012,05/12/2013,362288
2314,Mutsamudu,KMMUT,Sea,Small,Open,0,0,0,Unknown,Unknown,"-12,16744","44,39271",COM,COM,Comoros,01/01/1970,,,,01/11/2012,05/12/2013,921753
2315,Porto Grande,CVPGR,Sea,Small,Open,0,0,0,Unknown,Unknown,"16,88353",-25,CPV,CPV,Cape Verde,01/01/1970,,,,01/11/2012,19/01/2015,3374462
2316,Harper,LRHAR,Sea,Small,Open,0,0,0,Unknown,Unknown,"4,37253","-7,7253",LBR,LBR,Liberia,01/01/1970,,,,01/11/2012,05/12/2013,2276492
2317,Bandar Khomeini,IRBKM,Sea,Large,Open,0,0,0,Unknown,Unknown,"30,43873","49,0875",IRN,IRN,Iran (Islamic Republic of),01/01/1970,,,,01/11/2012,03/09/2014,8521444
2318,Kaolack,SNKLC,River,Small,Open,0,0,0,Unknown,Unknown,"14,13184","-16,07719",SEN,SEN,Senegal,01/01/1970,,,,01/11/2012,18/05/2017,2250805
2319,Pladju,IDPLA,River,Small,Open,0,0,0,Unknown,Unknown,"-2,98805","104,84345",IDN,IDN,Indonesia,01/01/1970,,,,01/11/2012,05/12/2013,1631033
2320,Samarinda,IDSRI,River,Small,Open,0,0,0,Unknown,Unknown,"-0,50507","117,15071",IDN,IDN,Indonesia,01/01/1970,,,,01/11/2012,11/05/2017,1629001
2321,Ziguinchor,SNZIG,River,Small,Open,0,0,0,Unknown,Unknown,"12,58853","-16,2586",SEN,SEN,Senegal,01/01/1970,,,,01/11/2012,05/12/2013,2243940
2322,Khor Al Zubair,IQKAZ,River,Small,Open,0,0,0,Unknown,Unknown,"30,18703","47,8869",IRQ,IRQ,Iraq,01/01/1970,,,,01/11/2012,19/01/2015,98245
2323,Bandar Mahshahr,IRMRX,River,Small,Open,0,0,0,Unknown,Unknown,"30,50053","49,2101",IRN,IRN,Iran  (Islamic Republic of),01/01/1970,,,,01/11/2012,05/12/2013,141663
2324,Khorramshahr,IRKHO,River,Small,Open,0,0,0,Unknown,Unknown,"30,42853","48,1737",IRN,IRN,Iran  (Islamic Republic of),01/01/1970,,,,01/11/2012,05/12/2013,127319
2325,Antan Terminal,NGANT,Unknown,Very Small,Open,0,0,0,Unknown,Unknown,"4,20893","8,3321",NGA,,Nigeria,01/01/1970,,,,01/11/2012,16/02/2018,999999999
2326,Pangai,TOPAN,Sea,Very Small,Open,0,0,0,Unknown,Unknown,"-19,79967","-174,3549",TON,TON,Tonga,01/01/1970,,,,01/11/2012,05/12/2013,4032369
2327,Ibo,MZIBO,Sea,Very Small,Open,0,0,0,Unknown,Unknown,"-12,34451","40,58316",,MOZ,,01/01/1970,,,,01/11/2012,21/03/2017,1024695
2328,Benoa,IDBOA,Sea,Very Small,Open,0,0,0,Unknown,Unknown,"-8,74329","115,20943",IDN,IDN,Indonesia,01/01/1970,,,,01/11/2012,05/12/2013,1649125
2329,Puna,ECPUN,Sea,Very Small,Open,0,0,0,Unknown,Unknown,"-2,73513","-79,91251",ECU,ECU,Ecuador,01/01/1970,,,,01/11/2012,23/05/2017,3652660
2330,Duran,ECDUN,Sea,Very Small,Open,0,0,0,Unknown,Unknown,"-2,18487","-79,8761",ECU,ECU,Ecuador,01/01/1970,,,,01/11/2012,05/12/2013,3658192
2331,Balao,ECEBL,Sea,Very Small,Open,0,0,0,Unknown,Unknown,"0,98915","-79,64808",,ECU,,01/01/1970,,,,01/11/2012,23/05/2017,3652762
2332,Axim,GHAXI,Sea,Very Small,Open,0,0,0,Unknown,Unknown,"4,86613","-2,2465",GHA,GHA,Ghana,01/01/1970,,,,01/11/2012,05/12/2013,2303611
2333,Bonny,NGBON,Sea,Very Small,Open,0,0,0,Unknown,Unknown,"4,42433","7,1419",NGA,,Nigeria,01/01/1970,,,,01/11/2012,16/02/2018,2346812
2334,Wadi Halfa,,River,Unknown,Open,0,0,0,Unknown,Unknown,"21,82067","31,31453",SDN,SDN,Sudan,01/01/1970,,,,07/07/2013,05/12/2013,364132
2335,Pepel,SLPEP,Sea,Very Small,Open,0,0,0,Unknown,Unknown,"8,57643","-13,0563",SLE,SLE,Sierra Leone,01/01/1970,,,,01/11/2012,05/12/2013,2404607
2336,Hamrawein,EGHAM,Sea,Very Small,Open,0,0,0,Unknown,Unknown,"26,25473","34,2099",EGY,EGY,Egypt,01/01/1970,,,,01/11/2012,19/01/2015,360531
2337,Geisum Terminal,EGGEI,Sea,Very Small,Open,0,0,0,Unknown,Unknown,"27,64573","33,7087",EGY,EGY,Egypt,01/01/1970,,,,01/11/2012,19/01/2015,999999999
2338,Ras Gharib,EGRAG,Sea,Very Small,Open,0,0,0,Unknown,Unknown,"28,36903","33,0825",EGY,EGY,Egypt,01/01/1970,,,,01/11/2012,05/12/2013,7802750
2339,Hormuz,IRHOR,Sea,Very Small,Open,0,0,0,Unknown,Unknown,"27,09553","56,4513",IRN,IRN,Iran (Islamic Republic of),01/01/1970,,,,01/11/2012,05/12/2013,131231
2340,Zeit Bay,EGZEI,Sea,Very Small,Open,0,0,0,Unknown,Unknown,"27,8333","33,6",EGY,EGY,Egypt,01/01/1970,,,,01/11/2012,19/01/2015,355198
2341,Lavan,IRLVP,Sea,Very Small,Open,0,0,0,Unknown,Unknown,"26,79463","53,3301",IRN,IRN,Iran (Islamic Republic of),01/01/1970,,,,01/11/2012,05/12/2013,125794
2342,Caleta Tagus,ECCAT,Sea,Very Small,Open,0,0,0,Unknown,Unknown,"-0,26037","-91,3682",ECU,ECU,Ecuador,01/01/1970,,,,01/11/2012,19/01/2015,3650861
2343,Anecho,TGANE,Sea,Very Small,Open,0,0,0,Unknown,Unknown,"6,21653","1,5851",TGO,TGO,Togo,01/01/1970,,,,01/11/2012,05/12/2013,2367990
2344,Keta,GHKIT,Sea,Very Small,Open,0,0,0,Unknown,Unknown,"5,90523","0,9925",GHA,GHA,Ghana,01/01/1970,,,,01/11/2012,05/12/2013,2299645
2345,Kpeme,TGKPE,Sea,Very Small,Open,0,0,0,Unknown,Unknown,"6,19873","1,5005",TGO,TGO,Togo,01/01/1970,,,,01/11/2012,05/12/2013,2365514
2346,Praia,CVRAI,Sea,Very Small,Open,0,0,0,Unknown,Unknown,"14,91053","-23,5139",CPV,CPV,Cape Verde,01/01/1970,,,,01/11/2012,05/12/2013,3374333
2347,Tel Aviv,ILJFA,Sea,Very Small,Open,0,0,0,Unknown,Unknown,"32,09277","34,7723",ISR,ISR,Israel,01/01/1970,,,,01/11/2012,05/12/2013,293397
2348,Salinas,ECSNC,Sea,Very Small,Open,0,0,0,Unknown,Unknown,"-2,15606","-80,81046",,ECU,,01/01/1970,,,,01/11/2012,23/05/2017,3652100
2349,Sangatta,IDTBA,Sea,Very Small,Open,0,0,0,Unknown,Unknown,"0,5357","117,64344",,IDN,,01/01/1970,,,,01/11/2012,11/05/2017,8423783
2350,Port Novo,BJPTN,Sea,Very Small,Open,0,0,0,Unknown,Unknown,"6,45993","2,6177",BEN,BEN,Benin,01/01/1970,,,,01/11/2012,05/12/2013,2392087
2351,Saltpond,GHSPD,Sea,Very Small,Open,0,0,0,Unknown,Unknown,"5,19673","-1,0647",GHA,GHA,Ghana,01/01/1970,,,,01/11/2012,05/12/2013,2295672
2352,Sekondi,GHSEK,Sea,Very Small,Open,0,0,0,Unknown,Unknown,"4,93608","-1,71079",GHA,GHA,Ghana,01/01/1970,,,,01/11/2012,05/12/2013,2295458
2353,Winneba,GHWEA,Sea,Very Small,Open,0,0,0,Unknown,Unknown,"5,33793","-0,6206",GHA,GHA,Ghana,01/01/1970,,,,01/11/2012,05/12/2013,2294034
2354,Phu My,VNPHU,River,Small,Open,0,0,0,Unknown,Unknown,"10,59835","107,02394",VNM,VNM,Viet Nam,01/01/1970,,,,01/11/2012,05/12/2013,1570357
2355,Bonthe,SLBTE,Sea,Very Small,Open,0,0,0,Unknown,Unknown,"7,52969","-12,50006",SLE,SLE,Sierra Leone,01/01/1970,,,,01/11/2012,05/12/2013,2409914
2356,Palmeira,CVPAL,Sea,Very Small,Open,0,0,0,Unknown,Unknown,"16,75203","-22,9766",CPV,CPV,Cape Verde,01/01/1970,,,,01/11/2012,05/12/2013,3374403
2357,St Vincent,VCSVD,Sea,Very Small,Open,0,0,0,Unknown,Unknown,"16,87593","-25,012",CPV,CPV,Cape Verde,01/01/1970,,,,01/11/2012,19/01/2015,3374462
2358,Kosseir,EGKOS,Sea,Very Small,Open,0,0,0,Unknown,Unknown,"26,09953","34,2819",EGY,EGY,Egypt,01/01/1970,,,,01/11/2012,05/12/2013,360531
2359,Lingah,IRLIN,Sea,Very Small,Open,0,0,0,Unknown,Unknown,"26,56263","54,8859",IRN,IRN,Iran  (Islamic Republic of),01/01/1970,,,,01/11/2012,19/01/2015,141665
2360,Wadi Feiran,EGWAF,Sea,Very Small,Open,0,0,0,Unknown,Unknown,"28,72933","33,2165",EGY,EGY,Egypt,01/01/1970,,,,01/11/2012,19/01/2015,356893
2361,Ain Sukhna,EGAIS,Sea,Very Small,Open,0,0,0,Unknown,Unknown,"29,51943","32,3929",EGY,EGY,Egypt,01/01/1970,,,,01/11/2012,05/12/2013,7521348
2362,El Dekheila,EGEDK,Sea,Very Small,Open,0,0,0,Unknown,Unknown,"31,1326","29,79895",EGY,EGY,Egypt,01/01/1970,,,,01/11/2012,05/12/2013,361819
2363,Hadera,ILHAD,Sea,Very Small,Open,0,0,0,Unknown,Unknown,"32,46308","34,88719",ISR,ISR,Israel,01/01/1970,,,,01/11/2012,05/12/2013,294946
2364,Jambi,IDDJB,River,Medium,Open,0,0,0,Unknown,Unknown,"-1,58677","103,6197",IDN,IDN,Indonesia,01/01/1970,,,,01/11/2012,05/12/2013,1642858
2365,Sidi Kerir,EGSKT,Sea,Very Small,Open,0,0,0,Unknown,Unknown,"31,05442","29,67232",EGY,EGY,Egypt,01/01/1970,,,,01/11/2012,05/12/2013,353407
2366,Jask,IRJAK,Sea,Very Small,Open,0,0,0,Unknown,Unknown,"25,65083","57,7827",IRN,IRN,Iran (Islamic Republic of),01/01/1970,,,,01/11/2012,05/12/2013,130276
2367,Jamestown,SHSHN,Sea,Very Small,Open,0,0,0,Unknown,Unknown,"-15,90867","-5,7159",SHN,SHN,Saint Helena,01/01/1970,,,,01/11/2012,05/12/2013,3370903
2368,Bolama,GWBOL,Sea,Very Small,Open,0,0,0,Unknown,Unknown,"11,57893","-15,4822",GNB,GNB,Guinea-Bissau,01/01/1970,,,,01/11/2012,05/12/2013,2374688
2369,Foundiougne,SNFOU,Sea,Very Small,Open,0,0,0,Unknown,Unknown,"14,1301","-16,46728",SEN,SEN,Senegal,01/01/1970,,,,01/11/2012,18/05/2017,2251791
2370,Port Louis,MUPLU,Sea,Unknown,Open,0,0,0,Unknown,Unknown,"-20,14987","57,4961",MUS,MUS,Mauritius,01/01/1970,,,,01/11/2012,05/12/2013,934154
2371,Durban,ZADUR,Sea,Medium,Open,0,0,0,Yes,Unknown,"-29,87857","31,0101",ZAF,"ZAF, MWI, ZWE",South Africa,01/01/1970,,,,01/11/2012,23/02/2018,1007311
2372,Sao Tome,STTMS,Sea,Unknown,Open,0,0,0,Yes,Unknown,"0,34523","6,7371",STP,STP,Sao Tome and Principe,01/01/1970,,,,01/11/2012,05/12/2013,2410763
2373,Douala,CMDLA,Sea,Medium,Open,0,0,0,Yes,Unknown,"4,05673","9,6933",CMR,CAF COD TCD CMR,Cameroon,01/01/1970,,,,01/11/2012,15/02/2016,2232593
2374,Pointe Noire,CGPNR,Sea,Small,Open,0,0,0,Yes,Unknown,"-4,77662","11,82791",,COG COD,,01/01/1970,,,,01/11/2012,22/03/2017,2255414
2375,Walvis Bay,NAWVB,Sea,Medium,Open,0,0,0,Yes,Unknown,"-22,94857","14,4989",NAM,"NAM, ZWE",Namibia,01/01/1970,,,,01/11/2012,23/02/2018,3359638
2376,Dar Es Salaam,TZDAR,Sea,Medium,Open,0,0,0,Yes,Unknown,"-6,82457","39,2895",TZA,"TZA,COD,SSD,UGA,MWI",United Republic of Tanzania,01/01/1970,,,,01/11/2012,23/02/2018,160263
2377,Sfax,TNSFA,Sea,Unknown,Open,0,0,0,Yes,Unknown,"34,72933","10,7615",TUN,TUN,Tunisia,01/01/1970,,,,01/11/2012,05/12/2013,2467454
2378,Oran,DZORN,Sea,Unknown,Open,0,0,0,Yes,Unknown,"35,71803","-0,6488",DZA,DZA,Algeria,01/01/1970,,,,01/11/2012,05/12/2013,2485926
2379,Clifden,IECLI,Sea,Unknown,Unknown,0,0,0,Unknown,Unknown,"53,48973","-10,0259",IRL,IRL,Ireland,01/01/1970,,,,01/11/2012,05/12/2013,2965449
2380,Wilhelmshaven,DEWVN,Sea,Unknown,Unknown,0,0,0,Unknown,Unknown,"53,52533","8,1229",DEU,DEU,Germany,01/01/1970,,,,01/11/2012,05/12/2013,2808720
2381,Hamburg,DEHAM,Sea,Unknown,Unknown,0,0,0,Unknown,Unknown,"53,54633","9,9809",DEU,DEU,Germany,01/01/1970,,,,01/11/2012,05/12/2013,2911298
2382,Norddeich,DENOE,Sea,Unknown,Unknown,0,0,0,Unknown,Unknown,"53,62533","7,1577",DEU,DEU,Germany,01/01/1970,,,,01/11/2012,05/12/2013,2862136
2383,Goole,GBGOO,Sea,Unknown,Unknown,0,0,0,Unknown,Unknown,"53,70583","-0,872",GBR,GBR,U.K. of Great Britain and Northern Ireland,01/01/1970,,,,01/11/2012,05/12/2013,2648319
2384,Drogheda,IEDRO,Sea,Unknown,Unknown,0,0,0,Unknown,Unknown,"53,71733","-6,33",IRL,IRL,Ireland,01/01/1970,,,,01/11/2012,05/12/2013,2964661
2385,Hull,GBHUL,Sea,Unknown,Unknown,0,0,0,Unknown,Unknown,"53,73993","-0,338",GBR,GBR,U.K. of Great Britain and Northern Ireland,01/01/1970,,,,01/11/2012,05/12/2013,2645425
2386,Preston,GBPRE,Sea,Unknown,Unknown,0,0,0,Unknown,Unknown,"53,75063","-2,6783",GBR,GBR,U.K. of Great Britain and Northern Ireland,01/01/1970,,,,01/11/2012,05/12/2013,2639912
2387,Wismar,DEWIS,Sea,Unknown,Unknown,0,0,0,Unknown,Unknown,"53,89943","11,4543",DEU,DEU,Germany,01/01/1970,,,,01/11/2012,05/12/2013,2807465
2388,Fleetwood,GBFLE,Sea,Unknown,Unknown,0,0,0,Unknown,Unknown,"53,92103","-3,0115",GBR,GBR,U.K. of Great Britain and Northern Ireland,01/01/1970,,,,01/11/2012,05/12/2013,2649312
2389,Itzehoe,DEITZ,Sea,Unknown,Unknown,0,0,0,Unknown,Unknown,"53,92543","9,5025",DEU,DEU,Germany,01/01/1970,,,,01/11/2012,05/12/2013,2895569
2390,Hochdonn,DEHOD,Sea,Unknown,Unknown,0,0,0,Unknown,Unknown,"54,00053","9,2999",DEU,DEU,Germany,01/01/1970,,,,01/11/2012,05/12/2013,2903298
2391,Iskenderun,TRISK,Sea,Small,Unknown,0,0,0,Yes,Unknown,"36,5935","36,18749",TUR,TUR,Turkey,01/01/1970,,,,01/11/2012,05/12/2013,311111
2392,Glasson Dock,GBGLD,Sea,Unknown,Unknown,0,0,0,Unknown,Unknown,"54,00153","-2,837",GBR,GBR,U.K. of Great Britain and Northern Ireland,01/01/1970,,,,01/11/2012,05/12/2013,2648562
2393,Dundalk,IEDDK,Sea,Unknown,Unknown,0,0,0,Unknown,Unknown,"54,01353","-6,4031",IRL,IRL,Ireland,01/01/1970,,,,01/11/2012,05/12/2013,2964540
2394,Greenore,IEGRN,Sea,Unknown,Unknown,0,0,0,Unknown,Unknown,"54,02993","-6,1325",IRL,IRL,Ireland,01/01/1970,,,,01/11/2012,05/12/2013,2963857
2395,Greifswald,DEGRD,Sea,Unknown,Unknown,0,0,0,Unknown,Unknown,"54,10013","13,4507",DEU,DEU,Germany,01/01/1970,,,,01/11/2012,05/12/2013,2917788
2396,Warrenpoint,GBWPT,Sea,Unknown,Unknown,0,0,0,Unknown,Unknown,"54,10103","-6,2582",GBR,GBR,U.K. of Great Britain and Northern Ireland,01/01/1970,,,,01/11/2012,05/12/2013,2634743
2397,Newry,GBNRY,Sea,Unknown,Unknown,0,0,0,Unknown,Unknown,"54,16893","-6,3437",GBR,GBR,U.K. of Great Britain and Northern Ireland,01/01/1970,,,,01/11/2012,05/12/2013,2641581
2398,Rendsburg,DEREN,Sea,Unknown,Unknown,0,0,0,Unknown,Unknown,"54,31033","9,6661",DEU,DEU,Germany,01/01/1970,,,,01/11/2012,05/12/2013,2848245
2399,Ramsey,GBRSY,Sea,Unknown,Unknown,0,0,0,Unknown,Unknown,"54,31073","-4,3504",IMY,IMY,Isle of Man,01/01/1970,,,,01/11/2012,16/01/2015,999999999
2400,Grossenbrode,DEGRO,Sea,Unknown,Unknown,0,0,0,Unknown,Unknown,"54,36033","11,0695",DEU,DEU,Germany,01/01/1970,,,,01/11/2012,05/12/2013,2916655
2401,Sopot,PLSOP,Sea,Unknown,Unknown,0,0,0,Unknown,Unknown,"54,44283","18,5741",POL,POL,Poland,01/01/1970,,,,01/11/2012,05/12/2013,3085151
2402,Whitby,GBWTB,Sea,Unknown,Unknown,0,0,0,Unknown,Unknown,"54,49043","-0,6204",GBR,GBR,U.K. of Great Britain and Northern Ireland,01/01/1970,,,,01/11/2012,05/12/2013,2634135
2403,Schleswig,DESLS,Sea,Unknown,Unknown,0,0,0,Unknown,Unknown,"54,51573","9,5561",DEU,DEU,Germany,01/01/1970,,,,01/11/2012,05/12/2013,2838634
2404,Gdynia,PLGDY,Sea,Unknown,Unknown,0,0,0,Unknown,Unknown,"54,53593","18,5293",POL,POL,Poland,01/01/1970,,,,01/11/2012,05/12/2013,3099424
2405,Whitehaven,GBWHV,Sea,Unknown,Unknown,0,0,0,Unknown,Unknown,"54,55183","-3,5976",GBR,GBR,U.K. of Great Britain and Northern Ireland,01/01/1970,,,,01/11/2012,05/12/2013,2634096
2406,Lubeck,DELBC,Sea,Unknown,Unknown,0,0,0,Unknown,Unknown,"53,85493","10,6857",DEU,DEU,Germany,01/01/1970,,,,01/11/2012,05/12/2013,2875601
2407,Travemunde,DETRV,Sea,Unknown,Unknown,0,0,0,Unknown,Unknown,"53,95813","10,8793",DEU,DEU,Germany,01/01/1970,,,,01/11/2012,05/12/2013,2863951
2408,Warnemunde,DEWAR,Sea,Unknown,Unknown,0,0,0,Unknown,Unknown,"54,17403","12,1135",DEU,DEU,Germany,01/01/1970,,,,01/11/2012,16/01/2015,999999999
2409,Sassandra,CIZSS,Sea,Very Small,Open,0,0,0,Unknown,Unknown,"4,95133","-6,0788",CIV,CIV,Cote d'Ivoire,01/01/1970,,,,01/11/2012,05/12/2013,2281951
2410,Assinie,CIASS,Sea,Very Small,Open,0,0,0,Unknown,Unknown,"5,12153","-3,2762",CIV,CIV,Cote d'Ivoire,01/01/1970,,,,01/11/2012,05/12/2013,2292663
2411,Middlesborough,GBMID,Sea,Unknown,Unknown,0,0,0,Unknown,Unknown,"54,58753","-1,229",GBR,GBR,U.K. of Great Britain and Northern Ireland,01/01/1970,,,,01/11/2012,05/12/2013,2642607
2412,Killybegs,IEKBS,Sea,Unknown,Unknown,0,0,0,Unknown,Unknown,"54,63423","-8,45",IRL,IRL,Ireland,01/01/1970,,,,01/11/2012,05/12/2013,2963295
2413,Kappeln,DEKAP,Sea,Unknown,Unknown,0,0,0,Unknown,Unknown,"54,65803","9,9369",DEU,DEU,Germany,01/01/1970,,,,01/11/2012,05/12/2013,2893023
2414,Nysted,DKNTD,Sea,Unknown,Unknown,0,0,0,Unknown,Unknown,"54,66513","11,7341",DNK,DNK,Denmark,01/01/1970,,,,01/11/2012,05/12/2013,2615911
2415,Bangor,GBBNG,Sea,Unknown,Unknown,0,0,0,Unknown,Unknown,"54,66913","-5,6532",GBR,GBR,U.K. of Great Britain and Northern Ireland,01/01/1970,,,,01/11/2012,05/12/2013,2656396
2416,Gelting,DEGEL,Sea,Unknown,Unknown,0,0,0,Unknown,Unknown,"54,76783","9,9089",DEU,DEU,Germany,01/01/1970,,,,01/11/2012,05/12/2013,2921444
2417,Wladyslawowo,PLWLA,Sea,Unknown,Unknown,0,0,0,Unknown,Unknown,"54,77803","18,4233",POL,POL,Poland,01/01/1970,,,,01/11/2012,05/12/2013,3081752
2418,Bandholm,DKBDX,Sea,Unknown,Unknown,0,0,0,Unknown,Unknown,"54,83133","11,5001",DNK,DNK,Denmark,01/01/1970,,,,01/11/2012,05/12/2013,2624330
2419,Larne,GBLAR,Sea,Unknown,Unknown,0,0,0,Unknown,Unknown,"54,85013","-5,7987",GBR,GBR,U.K. of Great Britain and Northern Ireland,01/01/1970,,,,01/11/2012,05/12/2013,2644849
2420,Wigtown,GBWIG,Sea,Unknown,Unknown,0,0,0,Unknown,Unknown,"54,86403","-4,4345",GBR,GBR,U.K. of Great Britain and Northern Ireland,01/01/1970,,,,01/11/2012,05/12/2013,2633932
2421,Palnackie,GBPAL,Sea,Unknown,Unknown,0,0,0,Unknown,Unknown,"54,87613","-3,831",GBR,GBR,U.K. of Great Britain and Northern Ireland,01/01/1970,,,,01/11/2012,05/12/2013,2640666
2422,Cairnryan,GBCYN,Sea,Unknown,Unknown,0,0,0,Unknown,Unknown,"54,96293","-5,0144",GBR,GBR,U.K. of Great Britain and Northern Ireland,01/01/1970,,,,01/11/2012,05/12/2013,2654054
2423,Gateshead,GBGAT,Sea,Unknown,Unknown,0,0,0,Unknown,Unknown,"54,96513","-1,5774",GBR,GBR,U.K. of Great Britain and Northern Ireland,01/01/1970,,,,01/11/2012,05/12/2013,2648773
2424,Londonderry,GBLDY,Sea,Unknown,Unknown,0,0,0,Unknown,Unknown,"54,98823","-7,3177",GBR,GBR,U.K. of Great Britain and Northern Ireland,01/01/1970,,,,01/11/2012,16/01/2015,999999999
2425,Tyne,GBTYN,Sea,Unknown,Unknown,0,0,0,Unknown,Unknown,"55,00923","-1,4244",GBR,GBR,U.K. of Great Britain and Northern Ireland,01/01/1970,,,,01/11/2012,05/12/2013,2635269
2426,Aabenraa,DKAAB,Sea,Unknown,Unknown,0,0,0,Unknown,Unknown,"55,03933","9,4291",DNK,DNK,Denmark,01/01/1970,,,,01/11/2012,05/12/2013,2625070
2427,Dumfries,GBDUM,Sea,Unknown,Unknown,0,0,0,Unknown,Unknown,"55,06343","-3,6101",GBR,GBR,U.K. of Great Britain and Northern Ireland,01/01/1970,,,,01/11/2012,05/12/2013,2650798
2428,Torekov,SETOV,Sea,Unknown,Unknown,0,0,0,Unknown,Unknown,"56,42593","12,6317",SWE,SWE,Sweden,01/01/1970,,,,01/11/2012,05/12/2013,2668244
2429,Coleraine,GBCLR,Sea,Unknown,Unknown,0,0,0,Unknown,Unknown,"55,14033","-6,6743",GBR,GBR,U.K. of Great Britain and Northern Ireland,01/01/1970,,,,01/11/2012,05/12/2013,2652586
2430,Odense,DKODE,Sea,Unknown,Unknown,0,0,0,Unknown,Unknown,"55,39853","10,4003",DNK,DNK,Denmark,01/01/1970,,,,01/11/2012,05/12/2013,2615876
2431,Campbeltown,GBCBT,Sea,Unknown,Unknown,0,0,0,Unknown,Unknown,"55,42823","-5,6071",GBR,GBR,U.K. of Great Britain and Northern Ireland,01/01/1970,,,,01/11/2012,05/12/2013,2653915
2432,Kerteminde,DKKTD,Sea,Unknown,Unknown,0,0,0,Unknown,Unknown,"55,45113","10,6593",DNK,DNK,Denmark,01/01/1970,,,,01/11/2012,05/12/2013,2618944
2433,Esbjerg,DKEBJ,Sea,Unknown,Unknown,0,0,0,Unknown,Unknown,"55,46433","8,4325",DNK,DNK,Denmark,01/01/1970,,,,01/11/2012,05/12/2013,2622447
2434,Kolding,DKKOL,Sea,Unknown,Unknown,0,0,0,Unknown,Unknown,"55,48953","9,5095",DNK,DNK,Denmark,01/01/1970,,,,01/11/2012,05/12/2013,2618528
2435,Flekkefjord,NOFFD,Sea,Unknown,Unknown,0,0,0,Unknown,Unknown,"58,29933","6,6617",NOR,NOR,Norway,01/01/1970,,,,01/11/2012,05/12/2013,3157090
2436,Port Ellen,GBPLN,Sea,Unknown,Unknown,0,0,0,Unknown,Unknown,"55,63153","-6,1901",GBR,GBR,U.K. of Great Britain and Northern Ireland,01/01/1970,,,,01/11/2012,05/12/2013,2640067
2437,Kalundborg,DKKAL,Sea,Unknown,Unknown,0,0,0,Unknown,Unknown,"55,67683","11,0951",DNK,DNK,Denmark,01/01/1970,,,,01/11/2012,05/12/2013,2619154
2438,Enstedvaerkets Havn,DKENS,Sea,Unknown,Unknown,0,0,0,Unknown,Unknown,"55,02003","9,4449",DNK,DNK,Denmark,01/01/1970,,,,01/11/2012,16/01/2015,999999999
2439,Ronne,DKRNN,Sea,Unknown,Unknown,0,0,0,Unknown,Unknown,"55,09733","14,6957",DNK,DNK,Denmark,01/01/1970,,,,01/11/2012,05/12/2013,2614553
2440,Naestved,DKNVD,Sea,Unknown,Unknown,0,0,0,Unknown,Unknown,"55,22773","11,7613",DNK,DNK,Denmark,01/01/1970,,,,01/11/2012,05/12/2013,2616038
2441,Rudkobing,DKRKB,Sea,Unknown,Unknown,0,0,0,Unknown,Unknown,"54,94133","10,7163",DNK,DNK,Denmark,01/01/1970,,,,01/11/2012,05/12/2013,2614432
2442,Sakskobing,DKSAX,Sea,Unknown,Unknown,0,0,0,Unknown,Unknown,"54,81413","11,6181",DNK,DNK,Denmark,01/01/1970,,,,01/11/2012,05/12/2013,2614328
2443,Skaelskor,DKSSK,Sea,Unknown,Unknown,0,0,0,Unknown,Unknown,"55,25053","11,2933",DNK,DNK,Denmark,01/01/1970,,,,01/11/2012,05/12/2013,2613694
2444,Skaerbaek,DKSKB,Sea,Unknown,Unknown,0,0,0,Unknown,Unknown,"55,51863","9,6077",DNK,DNK,Denmark,01/01/1970,,,,01/11/2012,05/12/2013,2613538
2445,Stignaesvaerkets Havn,DKSTG,Sea,Unknown,Unknown,0,0,0,Unknown,Unknown,"55,22133","11,2501",DNK,DNK,Denmark,01/01/1970,,,,01/11/2012,05/12/2013,3221881
2446,Hunterston,GBHST,Sea,Unknown,Unknown,0,0,0,Unknown,Unknown,"55,68913","-4,8716",GBR,GBR,U.K. of Great Britain and Northern Ireland,01/01/1970,,,,01/11/2012,16/01/2015,999999999
2447,Klaipeda,LTKLJ,Sea,Unknown,Unknown,0,0,0,Unknown,Unknown,"55,71253","21,1147",LTU,LTU,Lithuania,01/01/1970,,,,01/11/2012,05/12/2013,598098
2448,Islay,GBIYP,Sea,Unknown,Unknown,0,0,0,Unknown,Unknown,"55,77613","-6,2572",GBR,GBR,U.K. of Great Britain and Northern Ireland,01/01/1970,,,,01/11/2012,16/01/2015,999999999
2449,Kyndby / Krostrup/,DKKBY,Sea,Unknown,Unknown,0,0,0,Unknown,Unknown,"55,81073","11,8821",DNK,DNK,Denmark,01/01/1970,,,,01/11/2012,05/12/2013,2618197
2450,Rothesay,GBRAY,Sea,Unknown,Unknown,0,0,0,Unknown,Unknown,"55,83693","-4,4016",GBR,GBR,U.K. of Great Britain and Northern Ireland,01/01/1970,,,,01/11/2012,05/12/2013,2639083
2451,Wemyss Bay,GBWMB,Sea,Unknown,Unknown,0,0,0,Unknown,Unknown,"55,83973","-5,0547",GBR,GBR,U.K. of Great Britain and Northern Ireland,01/01/1970,,,,01/11/2012,05/12/2013,2634545
2452,Clydeport,GBCYP,Sea,Unknown,Unknown,0,0,0,Unknown,Unknown,"55,85103","-4,2428",GBR,GBR,U.K. of Great Britain and Northern Ireland,01/01/1970,,,,01/11/2012,05/12/2013,2652730
2453,Horsens,DKHOR,Sea,Unknown,Unknown,0,0,0,Unknown,Unknown,"55,85823","9,8633",DNK,DNK,Denmark,01/01/1970,,,,01/11/2012,05/12/2013,2619771
2454,Old Kilpatrick,GBOKK,Sea,Unknown,Unknown,0,0,0,Unknown,Unknown,"55,91413","-4,4505",GBR,GBR,U.K. of Great Britain and Northern Ireland,01/01/1970,,,,01/11/2012,05/12/2013,2641014
2455,Skoghall,SESKO,Sea,Unknown,Unknown,0,0,0,Unknown,Unknown,"59,31843","13,4731",SWE,SWE,Sweden,01/01/1970,,,,01/11/2012,05/12/2013,2677456
2456,Ardrishaig,GBASG,Sea,Unknown,Unknown,0,0,0,Unknown,Unknown,"56,02153","-5,449",GBR,GBR,U.K. of Great Britain and Northern Ireland,01/01/1970,,,,01/11/2012,05/12/2013,2657126
2457,Rosyth,GBROY,Sea,Unknown,Unknown,0,0,0,Unknown,Unknown,"56,02513","-3,4358",GBR,GBR,U.K. of Great Britain and Northern Ireland,01/01/1970,,,,01/11/2012,05/12/2013,2639104
2458,Malpe,INMAL,Sea,Unknown,Unknown,0,0,0,Unknown,Unknown,"13,34653","74,6949",IND,IND,India,01/01/1970,,,,01/11/2012,05/12/2013,1264037
2459,Inverkeithing,GBINK,Sea,Unknown,Unknown,0,0,0,Unknown,Unknown,"56,03053","-3,3974",GBR,GBR,U.K. of Great Britain and Northern Ireland,01/01/1970,,,,01/11/2012,05/12/2013,2646104
2460,North Berwick,GBNBW,Sea,Unknown,Unknown,0,0,0,Unknown,Unknown,"56,06033","-2,7172",GBR,GBR,U.K. of Great Britain and Northern Ireland,01/01/1970,,,,01/11/2012,05/12/2013,2641419
2461,Faslane,GBFAS,Sea,Unknown,Unknown,0,0,0,Unknown,Unknown,"56,06673","-4,8258",GBR,GBR,U.K. of Great Britain and Northern Ireland,01/01/1970,,,,01/11/2012,16/01/2015,999999999
2462,Kirkcaldy,GBKKD,Sea,Unknown,Unknown,0,0,0,Unknown,Unknown,"56,11903","-3,1511",GBR,GBR,U.K. of Great Britain and Northern Ireland,01/01/1970,,,,01/11/2012,05/12/2013,2645298
2463,Ronneby,SERNB,Sea,Unknown,Unknown,0,0,0,Unknown,Unknown,"56,16293","15,2881",SWE,SWE,Sweden,01/01/1970,,,,01/11/2012,05/12/2013,2681825
2464,Degerhamn,SEDEG,Sea,Unknown,Unknown,0,0,0,Unknown,Unknown,"56,32993","16,4109",SWE,SWE,Sweden,01/01/1970,,,,01/11/2012,05/12/2013,2717878
2465,Randers,DKRAN,Sea,Unknown,Unknown,0,0,0,Unknown,Unknown,"56,45713","10,0673",DNK,DNK,Denmark,01/01/1970,,,,01/11/2012,05/12/2013,2615006
2466,Struer,DKSTR,Sea,Unknown,Unknown,0,0,0,Unknown,Unknown,"56,49173","8,6043",DNK,DNK,Denmark,01/01/1970,,,,01/11/2012,05/12/2013,2612204
2467,Skive,DKSKV,Sea,Unknown,Unknown,0,0,0,Unknown,Unknown,"56,57423","9,0555",DNK,DNK,Denmark,01/01/1970,,,,01/11/2012,05/12/2013,2613731
2468,Hobro,DKHBO,Sea,Unknown,Unknown,0,0,0,Unknown,Unknown,"56,63423","9,8139",DNK,DNK,Denmark,01/01/1970,,,,01/11/2012,05/12/2013,2620167
2469,Mariager,DKMRR,Sea,Unknown,Unknown,0,0,0,Unknown,Unknown,"56,65193","9,9879",DNK,DNK,Denmark,01/01/1970,,,,01/11/2012,05/12/2013,2617076
2470,Halmstad,SEHAD,Sea,Unknown,Unknown,0,0,0,Unknown,Unknown,"56,66213","12,8479",SWE,SWE,Sweden,01/01/1970,,,,01/11/2012,05/12/2013,2708365
2471,Kilchoan,GBKOA,Sea,Unknown,Unknown,0,0,0,Unknown,Unknown,"56,69513","-6,1062",GBR,GBR,U.K. of Great Britain and Northern Ireland,01/01/1970,,,,01/11/2012,05/12/2013,2645692
2472,Borgholm,SEBOM,Sea,Unknown,Unknown,0,0,0,Unknown,Unknown,"56,88413","16,6543",SWE,SWE,Sweden,01/01/1970,,,,01/11/2012,05/12/2013,2720437
2473,Falkenberg,SEFAG,Sea,Unknown,Unknown,0,0,0,Unknown,Unknown,"56,88783","12,4939",SWE,SWE,Sweden,01/01/1970,,,,01/11/2012,05/12/2013,2715573
2474,Riga,LVRIX,Sea,Unknown,Unknown,0,0,0,Unknown,Unknown,"56,93973","24,1121",LVA,LVA,Latvia,01/01/1970,,,,01/11/2012,05/12/2013,456172
2475,Aalborg,DKAAL,Sea,Unknown,Unknown,0,0,0,Unknown,Unknown,"57,04323","9,9377",DNK,DNK,Denmark,01/01/1970,,,,01/11/2012,05/12/2013,2624886
2476,Norresundby,DKNRS,Sea,Unknown,Unknown,0,0,0,Unknown,Unknown,"57,04903","9,9345",DNK,DNK,Denmark,01/01/1970,,,,01/11/2012,05/12/2013,2616235
2477,Aberdeen,GBABD,Sea,Unknown,Unknown,0,0,0,Unknown,Unknown,"57,14133","-2,0879",GBR,GBR,U.K. of Great Britain and Northern Ireland,01/01/1970,,,,01/11/2012,05/12/2013,2657832
2478,Klintehamn,SEKLI,Sea,Unknown,Unknown,0,0,0,Unknown,Unknown,"57,38833","18,1807",SWE,SWE,Sweden,01/01/1970,,,,01/11/2012,05/12/2013,2700497
2479,Portree,GBPRT,Sea,Unknown,Unknown,0,0,0,Unknown,Unknown,"57,41823","-6,1908",GBR,GBR,U.K. of Great Britain and Northern Ireland,01/01/1970,,,,01/11/2012,05/12/2013,2640006
2480,Rekefjord,NOREK,Sea,Unknown,Unknown,0,0,0,Unknown,Unknown,"58,33133","6,2479",NOR,NOR,Norway,01/01/1970,,,,01/11/2012,05/12/2013,3142022
2481,Grimstad,NOGTD,Sea,Unknown,Unknown,0,0,0,Unknown,Unknown,"58,34433","8,6105",NOR,NOR,Norway,01/01/1970,,,,01/11/2012,05/12/2013,3155041
2482,Skredsvik,SESKR,Sea,Unknown,Unknown,0,0,0,Unknown,Unknown,"58,39993","11,4767",SWE,SWE,Sweden,01/01/1970,,,,01/11/2012,20/01/2015,999999999
2483,Wick,GBWIC,Sea,Unknown,Unknown,0,0,0,Unknown,Unknown,"58,44313","-3,0902",GBR,GBR,U.K. of Great Britain and Northern Ireland,01/01/1970,,,,01/11/2012,05/12/2013,2633982
2484,Tvedestrand,NOTVE,Sea,Unknown,Unknown,0,0,0,Unknown,Unknown,"58,61713","8,9401",NOR,NOR,Norway,01/01/1970,,,,01/11/2012,05/12/2013,3133681
2485,Mariestad,SEMAD,Sea,Unknown,Unknown,0,0,0,Unknown,Unknown,"58,71433","13,8209",SWE,SWE,Sweden,01/01/1970,,,,01/11/2012,05/12/2013,2692613
2486,Strand,NOSTD,Sea,Unknown,Unknown,0,0,0,Unknown,Unknown,"59,02583","6,0325",NOR,NOR,Norway,01/01/1970,,,,01/11/2012,16/01/2015,999999999
2487,Larvik,NOLAR,Sea,Unknown,Unknown,0,0,0,Unknown,Unknown,"59,04133","10,0463",NOR,NOR,Norway,01/01/1970,,,,01/11/2012,05/12/2013,3148129
2488,Halden,NOHAL,Sea,Unknown,Unknown,0,0,0,Unknown,Unknown,"59,11953","11,3563",NOR,NOR,Norway,01/01/1970,,,,01/11/2012,05/12/2013,3154209
2489,Porsgrunn,NOPOR,Sea,Unknown,Unknown,0,0,0,Unknown,Unknown,"59,13953","9,6387",NOR,NOR,Norway,01/01/1970,,,,01/11/2012,05/12/2013,3142657
2490,Menstad,NOMEN,Sea,Unknown,Unknown,0,0,0,Unknown,Unknown,"59,14803","9,6545",NOR,NOR,Norway,01/01/1970,,,,01/11/2012,05/12/2013,3146027
2491,Skien,NOSKE,Sea,Unknown,Unknown,0,0,0,Unknown,Unknown,"59,19633","9,6167",NOR,NOR,Norway,01/01/1970,,,,01/11/2012,05/12/2013,3139075
2492,Fredrikstad,NOFRK,Sea,Unknown,Unknown,0,0,0,Unknown,Unknown,"59,20673","10,9585",NOR,NOR,Norway,01/01/1970,,,,01/11/2012,05/12/2013,3156529
2493,Sarpsborg,NOSPG,Sea,Unknown,Unknown,0,0,0,Unknown,Unknown,"59,28493","11,1313",NOR,NOR,Norway,01/01/1970,,,,01/11/2012,05/12/2013,3140084
2494,Kristinehamn,SEKHN,Sea,Unknown,Unknown,0,0,0,Unknown,Unknown,"59,31263","14,0987",SWE,SWE,Sweden,01/01/1970,,,,01/11/2012,05/12/2013,2699282
2495,Stockholm,SESTO,Sea,Unknown,Unknown,0,0,0,Unknown,Unknown,"59,31563","18,0357",SWE,SWE,Sweden,01/01/1970,,,,01/11/2012,05/12/2013,2673730
2496,Slagenstangen,NOSLG,Sea,Unknown,Unknown,0,0,0,Unknown,Unknown,"59,32783","10,4999",NOR,NOR,Norway,01/01/1970,,,,01/11/2012,16/01/2015,999999999
2497,Karlstad,SEKSD,Sea,Unknown,Unknown,0,0,0,Unknown,Unknown,"59,37293","13,5227",SWE,SWE,Sweden,01/01/1970,,,,01/11/2012,05/12/2013,2701680
2498,Soderkoping,SESOG,Sea,Unknown,Unknown,0,0,0,Unknown,Unknown,"58,49293","16,3237",SWE,SWE,Sweden,01/01/1970,,,,01/11/2012,05/12/2013,2676215
2499,Sodertalje,SESOE,Sea,Unknown,Unknown,0,0,0,Unknown,Unknown,"59,20773","17,6345",SWE,SWE,Sweden,01/01/1970,,,,01/11/2012,05/12/2013,2676176
2500,Stromstad,SESMD,Sea,Unknown,Unknown,0,0,0,Unknown,Unknown,"58,93113","11,1837",SWE,SWE,Sweden,01/01/1970,,,,01/11/2012,05/12/2013,2671224
2501,Strangnas,SESTQ,Sea,Unknown,Unknown,0,0,0,Unknown,Unknown,"59,37843","17,0481",SWE,SWE,Sweden,01/01/1970,,,,01/11/2012,05/12/2013,2671392
2502,Vanersborg,SEVAN,Sea,Unknown,Unknown,0,0,0,Unknown,Unknown,"58,36673","12,3281",SWE,SWE,Sweden,01/01/1970,,,,01/11/2012,05/12/2013,2665171
2503,Fagerstrand,NOFAX,Sea,Unknown,Unknown,0,0,0,Unknown,Unknown,"59,73013","10,5973",NOR,NOR,Norway,01/01/1970,,,,01/11/2012,05/12/2013,3157889
2504,Drammen,NODRM,Sea,Unknown,Unknown,0,0,0,Unknown,Unknown,"59,74153","10,2165",NOR,NOR,Norway,01/01/1970,,,,01/11/2012,05/12/2013,3159016
2505,Koverhar,FIKVH,Sea,Unknown,Unknown,0,0,0,Unknown,Unknown,"59,85103","23,2225",FIN,FIN,Finland,01/01/1970,,,,01/11/2012,05/12/2013,847321
2506,Lysaker,NOLYS,Sea,Unknown,Unknown,0,0,0,Unknown,Unknown,"59,90193","10,6119",NOR,NOR,Norway,01/01/1970,,,,01/11/2012,05/12/2013,3146631
2507,Lappohja,FILAP,Sea,Unknown,Unknown,0,0,0,Unknown,Unknown,"59,91153","23,2981",FIN,FIN,Finland,01/01/1970,,,,01/11/2012,05/12/2013,648859
2508,Skogby,FISKB,Sea,Unknown,Unknown,0,0,0,Unknown,Unknown,"59,91433","23,3069",FIN,FIN,Finland,01/01/1970,,,,01/11/2012,05/12/2013,843299
2509,Hallstavik,SEHAK,Sea,Unknown,Unknown,0,0,0,Unknown,Unknown,"60,05293","18,5889",SWE,SWE,Sweden,01/01/1970,,,,01/11/2012,05/12/2013,2708426
2510,Odda,NOODD,Sea,Unknown,Unknown,0,0,0,Unknown,Unknown,"60,07613","6,5441",NOR,NOR,Norway,01/01/1970,,,,01/11/2012,05/12/2013,3143830
2511,Helsinki,FIHEL,Sea,Unknown,Unknown,0,0,0,Unknown,Unknown,"60,15793","24,9375",FIN,FIN,Finland,01/01/1970,,,,01/11/2012,05/12/2013,658225
2512,Norheimsund,NONHS,Sea,Unknown,Unknown,0,0,0,Unknown,Unknown,"60,36593","6,1593",NOR,NOR,Norway,01/01/1970,,,,01/11/2012,05/12/2013,3144110
2513,Loviisa,FILOV,Sea,Unknown,Unknown,0,0,0,Unknown,Unknown,"60,45033","26,2435",FIN,FIN,Finland,01/01/1970,,,,01/11/2012,05/12/2013,647571
2514,Norrsundet,SENOT,Sea,Unknown,Unknown,0,0,0,Unknown,Unknown,"60,93473","17,1549",SWE,SWE,Sweden,01/01/1970,,,,01/11/2012,05/12/2013,2688255
2515,Rauma,FIRAU,Sea,Unknown,Unknown,0,0,0,Unknown,Unknown,"61,13613","21,4723",FIN,FIN,Finland,01/01/1970,,,,01/11/2012,05/12/2013,639734
2516,Sandarne,SESAE,Sea,Unknown,Unknown,0,0,0,Unknown,Unknown,"61,26033","17,1803",SWE,SWE,Sweden,01/01/1970,,,,01/11/2012,05/12/2013,2680350
2517,Loppa,NOLOP,Sea,Unknown,Unknown,0,0,0,Unknown,Unknown,"61,46273","-6,7721",FRO,FRO,Faroe Islands,01/01/1970,,,,01/11/2012,05/12/2013,2617406
2518,Hudiksvall,SEHUV,Sea,Unknown,Unknown,0,0,0,Unknown,Unknown,"61,72243","17,1249",SWE,SWE,Sweden,01/01/1970,,,,01/11/2012,05/12/2013,2704613
2519,Skutskar,SESSR,Sea,Unknown,Unknown,0,0,0,Unknown,Unknown,"60,57553","17,4531",SWE,SWE,Sweden,01/01/1970,,,,01/11/2012,05/12/2013,2677019
2520,Isnas,FIISN,Sea,Unknown,Unknown,0,0,0,Unknown,Unknown,"60,40393","26,0323",FIN,FIN,Finland,01/01/1970,,,,01/11/2012,05/12/2013,656578
2521,Thorshavn,FOTHO,Sea,Unknown,Unknown,0,0,0,Unknown,Unknown,"62,01503","-6,7586",FRO,FRO,Faroe Islands,01/01/1970,,,,01/11/2012,05/12/2013,2611396
2522,Vanylven,NOVAY,Sea,Unknown,Unknown,0,0,0,Unknown,Unknown,"62,07643","5,5865",NOR,NOR,Norway,01/01/1970,,,,01/11/2012,16/01/2015,999999999
2523,Vestmanhavn,FOVES,Sea,Unknown,Unknown,0,0,0,Unknown,Unknown,"62,15163","-7,1748",FRO,FRO,Faroe Islands,01/01/1970,,,,01/11/2012,05/12/2013,2610343
2524,Molde,NOMOL,Sea,Unknown,Unknown,0,0,0,Unknown,Unknown,"62,73433","7,1511",NOR,NOR,Norway,01/01/1970,,,,01/11/2012,05/12/2013,3145580
2525,Kramfors,SEKRF,Sea,Unknown,Unknown,0,0,0,Unknown,Unknown,"62,94113","17,7921",SWE,SWE,Sweden,01/01/1970,,,,01/11/2012,05/12/2013,2699394
2526,Orkanger,NOORK,Sea,Unknown,Unknown,0,0,0,Unknown,Unknown,"63,31733","9,8511",NOR,NOR,Norway,01/01/1970,,,,01/11/2012,05/12/2013,3143423
2527,Thamshavn,NOTHA,Sea,Unknown,Unknown,0,0,0,Unknown,Unknown,"63,32423","9,8283",NOR,NOR,Norway,01/01/1970,,,,01/11/2012,16/01/2015,999999999
2528,Trondheim,NOTRD,Sea,Unknown,Unknown,0,0,0,Unknown,Unknown,"63,44773","10,4353",NOR,NOR,Norway,01/01/1970,,,,01/11/2012,05/12/2013,3133880
2529,Hitra,NOHIT,Sea,Unknown,Unknown,0,0,0,Unknown,Unknown,"63,47953","8,7333",NOR,NOR,Norway,01/01/1970,,,,01/11/2012,16/01/2015,999999999
2530,Brekstad,NOBKD,Sea,Unknown,Unknown,0,0,0,Unknown,Unknown,"63,50533","9,8393",NOR,NOR,Norway,01/01/1970,,,,01/11/2012,16/01/2015,999999999
2531,Levanger,NOLEV,Sea,Unknown,Unknown,0,0,0,Unknown,Unknown,"63,75593","11,3029",NOR,NOR,Norway,01/01/1970,,,,01/11/2012,05/12/2013,3147698
2532,Verdal,NOVER,Sea,Unknown,Unknown,0,0,0,Unknown,Unknown,"63,79393","11,4803",NOR,NOR,Norway,01/01/1970,,,,01/11/2012,05/12/2013,3132176
2533,Holmsund,SEHLD,Sea,Unknown,Unknown,0,0,0,Unknown,Unknown,"63,81973","20,2881",SWE,SWE,Sweden,01/01/1970,,,,01/11/2012,20/01/2015,999999999
2534,Straumsvik,ISSTR,Sea,Unknown,Unknown,0,0,0,Unknown,Unknown,"64,04243","-22,0448",ISL,ISL,Iceland,01/01/1970,,,,01/11/2012,16/01/2015,999999999
2535,Malm,NOMLM,Sea,Unknown,Unknown,0,0,0,Unknown,Unknown,"64,07413","11,2233",NOR,NOR,Norway,01/01/1970,,,,01/11/2012,05/12/2013,3146508
2536,Akranes,ISAKR,Sea,Unknown,Unknown,0,0,0,Unknown,Unknown,"64,32863","-22,0791",ISL,ISL,Iceland,01/01/1970,,,,01/11/2012,05/12/2013,3418653
2537,Skelleftehamn,SESKE,Sea,Unknown,Unknown,0,0,0,Unknown,Unknown,"64,68293","21,2575",SWE,SWE,Sweden,01/01/1970,,,,01/11/2012,05/12/2013,602909
2538,Oulu,FIOUL,Sea,Unknown,Unknown,0,0,0,Unknown,Unknown,"65,02003","25,4849",FIN,FIN,Finland,01/01/1970,,,,01/11/2012,05/12/2013,643492
2539,Haukipudas,FIHAU,Sea,Unknown,Unknown,0,0,0,Unknown,Unknown,"65,19643","25,3247",FIN,FIN,Finland,01/01/1970,,,,01/11/2012,05/12/2013,658629
2540,Haparanda,SEHAA,Sea,Unknown,Unknown,0,0,0,Unknown,Unknown,"65,84163","24,1569",SWE,SWE,Sweden,01/01/1970,,,,01/11/2012,05/12/2013,605859
2541,Tornio,FITOR,Sea,Unknown,Unknown,0,0,0,Unknown,Unknown,"65,86373","24,1587",FIN,FIN,Finland,01/01/1970,,,,01/11/2012,05/12/2013,634093
2542,Thingeyri,ISTEY,Sea,Unknown,Unknown,0,0,0,Unknown,Unknown,"65,88353","-23,4491",ISL,ISL,Iceland,01/01/1970,,,,01/11/2012,05/12/2013,3412655
2543,Gavle,SEGVX,Sea,Unknown,Unknown,0,0,0,Unknown,Unknown,"60,68333","17,1811",SWE,SWE,Sweden,01/01/1970,,,,01/11/2012,05/12/2013,2712414
2544,Stjordal,NOSTJ,Sea,Unknown,Unknown,0,0,0,Unknown,Unknown,"63,60893","10,9919",NOR,NOR,Norway,01/01/1970,,,,01/11/2012,16/01/2015,999999999
2545,Batskarsnas,SEBAT,Sea,Unknown,Unknown,0,0,0,Unknown,Unknown,"65,79933","23,4169",SWE,SWE,Sweden,01/01/1970,,,,01/11/2012,05/12/2013,606660
2546,Hornefors,SEHNF,Sea,Unknown,Unknown,0,0,0,Unknown,Unknown,"63,62203","19,9103",SWE,SWE,Sweden,01/01/1970,,,,01/11/2012,05/12/2013,2704956
2547,Siglufjordur - Hofn,ISSIG,Sea,Unknown,Unknown,0,0,0,Unknown,Unknown,"65,39911","-21,68317",ISL,ISL,Iceland,01/01/1970,,,,01/11/2012,16/01/2015,999999999
2548,La Louviere,BELLO,Sea,Unknown,Unknown,0,0,0,Unknown,Unknown,"50,49403","4,1927",BEL,BEL,Belgium,01/01/1970,,,,01/11/2012,05/12/2013,2793508
2549,Amal,SEAMA,Sea,Unknown,Unknown,0,0,0,Unknown,Unknown,"59,05263","12,7181",SWE,SWE,Sweden,01/01/1970,,,,01/11/2012,05/12/2013,2726240
2550,Ardalstangen,NOARD,Sea,Unknown,Unknown,0,0,0,Unknown,Unknown,"61,24873","7,7151",NOR,NOR,Norway,01/01/1970,,,,01/11/2012,05/12/2013,3162970
2551,Burea,SEBUR,Sea,Unknown,Unknown,0,0,0,Unknown,Unknown,"64,62043","21,2293",SWE,SWE,Sweden,01/01/1970,,,,01/11/2012,05/12/2013,606370
2552,Dusseldorf,DEDUS,Sea,Unknown,Unknown,0,0,0,Unknown,Unknown,"51,22913","6,7695",DEU,DEU,Germany,01/01/1970,,,,01/11/2012,05/12/2013,2934246
2553,Fecamp,FRFEC,Sea,Unknown,Unknown,0,0,0,Unknown,Unknown,"49,76213","0,3573",FRA,FRA,France,01/01/1970,,,,01/11/2012,05/12/2013,3018794
2554,Gildeskal,NOGIL,Sea,Unknown,Unknown,0,0,0,Unknown,Unknown,"67,09233","14,0199",NOR,NOR,Norway,01/01/1970,,,,01/11/2012,16/01/2015,999999999
2555,Gota,SEGOA,Sea,Unknown,Unknown,0,0,0,Unknown,Unknown,"58,10743","15,5115",SWE,SWE,Sweden,01/01/1970,,,,01/11/2012,20/01/2015,999999999
2556,Bec D'Ambes,FRBEC,Sea,Unknown,Unknown,0,0,0,Unknown,Unknown,"45,03303","-0,5367",FRA,FRA,France,01/01/1970,,,,01/11/2012,05/12/2013,3037935
2557,La Mede,FRLMD,Sea,Unknown,Unknown,0,0,0,Unknown,Unknown,"43,48823","5,1783",FRA,FRA,France,01/01/1970,,,,01/11/2012,05/12/2013,3008190
2558,Le Treport,FRLTR,Sea,Unknown,Unknown,0,0,0,Unknown,Unknown,"50,06813","1,3775",FRA,FRA,France,01/01/1970,,,,01/11/2012,05/12/2013,2999093
2559,Sete,FRSET,Sea,Unknown,Unknown,0,0,0,Unknown,Unknown,"43,40273","3,6925",FRA,FRA,France,01/01/1970,,,,01/11/2012,05/12/2013,2974733
2560,Trollhattan,SETHN,Sea,Unknown,Unknown,0,0,0,Unknown,Unknown,"58,28833","12,3107",SWE,SWE,Sweden,01/01/1970,,,,01/11/2012,05/12/2013,2667303
2561,Aeroskobing,DKARK,Sea,Unknown,Unknown,0,0,0,Unknown,Unknown,"54,88593","10,4183",DNK,DNK,Denmark,01/01/1970,,,,01/11/2012,05/12/2013,2625001
2562,Logstor,DKLGR,Sea,Unknown,Unknown,0,0,0,Unknown,Unknown,"56,96133","9,2505",DNK,DNK,Denmark,01/01/1970,,,,01/11/2012,05/12/2013,2617467
2563,Porto,PTOPO,Sea,Unknown,Unknown,0,0,0,Unknown,Unknown,"33,04753","-16,3324",PRT,PRT,Madeira Islands,01/01/1970,,,,01/11/2012,20/01/2015,2261651
2564,Raoul Port,,Sea,Unknown,Closed,0,0,0,Unknown,Unknown,"64,98745","-13,77794",ISL,ISL,Iceland,01/01/1970,,,,01/11/2012,16/01/2015,999999999
2565,Guangzhou,CNCAN,Sea,Unknown,Unknown,0,0,0,Unknown,Unknown,"23,10743","113,2933",CHN,CHN,China,01/01/1970,,,,01/11/2012,05/12/2013,1809858
2566,Misurata,LYMRA,Sea,Small,Unknown,0,0,0,Yes,Unknown,"32,36626","15,2194",LBY,LBY,Libya,01/01/1970,,,,01/11/2012,06/04/2017,2214846
2567,Tripoli,LYTIP,Sea,Medium,Unknown,0,0,0,Yes,Unknown,"32,90412","13,18102",LBY,LBY,Libya,01/01/1970,,,,01/11/2012,06/04/2017,2210247
2568,Benghazi,LYBEN,Sea,Medium,Unknown,0,0,0,Yes,Unknown,"32,10399","20,03957",LBY,LBY,Libyan Arab Jamahiriya,01/01/1970,,,,01/11/2012,28/08/2014,88319
2569,Colon,PAONX,Sea,Medium,Unknown,0,0,0,Unknown,Unknown,"9,35323","-79,906",PAN,PAN,Panama,01/01/1970,,,,01/11/2012,05/12/2013,3712076
2570,Sandusky,USSDY,Lake,Unknown,Open,0,0,0,Unknown,Unknown,"41,45173","-82,7107",USA,USA,United States of America,01/01/1970,,,,01/11/2012,05/12/2013,5170691
2571,Lorain,USLOR,Lake,Unknown,Open,0,0,0,Unknown,Unknown,"41,46073","-82,1997",USA,USA,United States of America,01/01/1970,,,,01/11/2012,05/12/2013,5161262
2572,Port Clinton,USPTT,Lake,Unknown,Open,0,0,0,Unknown,Unknown,"41,50893","-82,9366",USA,USA,United States of America,01/01/1970,,,,01/11/2012,05/12/2013,5167259
2573,Burns Harbour,USBNB,Lake,Unknown,Open,0,0,0,Unknown,Unknown,"41,62843","-87,139",USA,USA,United States of America,01/01/1970,,,,01/11/2012,05/12/2013,4918559
2574,Anse-D'Hainault,,Unknown,Very Small,Open,0,0,0,Unknown,Unknown,"18,48612","-74,44748",HTI,HTI,Haiti,01/01/1970,,,,01/11/2012,05/12/2013,3731117
2575,Saint-Marc,,Unknown,Small,Open,0,0,0,Unknown,Unknown,"19,10893","-72,69755",HTI,HTI,Haiti,01/01/1970,,,,01/11/2012,05/12/2013,3717588
2576,En Naqoura,,Unknown,Very Small,Open,0,0,0,Unknown,Unknown,"33,12693","35,1443",LBN,LBN,Lebanon,01/01/1970,Fishing And Recreational,,,01/11/2012,05/12/2013,278832
2577,Sarafand,,Unknown,Very Small,Open,0,0,0,Unknown,Unknown,"33,45573","35,2837",LBN,LBN,Lebanon,01/01/1970,Fishing And Recreational,,,01/11/2012,05/12/2013,278040
2578,Ez Zahrani,,Unknown,Very Small,Open,0,0,0,Unknown,Unknown,"33,50653","35,3435",LBN,LBN,Lebanon,01/01/1970,Fuel Oil And Others,,,01/11/2012,19/01/2015,280155
2579,,,Lake,Unknown,Open,0,0,0,Unknown,Unknown,"64,24769","-18,81243",ISL,ISL,Iceland,01/01/1970,,,,01/11/2012,16/01/2015,999999999
2580,Batroun,,Unknown,Very Small,Open,0,0,0,Unknown,Unknown,"34,25723","35,65743",LBN,LBN,Lebanon,01/01/1970,Fishing And Recreational,,,01/11/2012,05/12/2013,280328
2581,El Heri,,Unknown,Very Small,Open,0,0,0,Unknown,Unknown,"34,30543","35,70661",LBN,LBN,Lebanon,01/01/1970,Fishing And Recreational,,,01/11/2012,05/12/2013,280001
2582,Chekka,,Unknown,Very Small,Open,0,0,0,Unknown,Unknown,"34,32953","35,7244",LBN,LBN,Lebanon,01/01/1970,"Fishing And Recreational, Fuel Oil And Others",,,01/11/2012,05/12/2013,6280494
2583,El Qalamoun,,Unknown,Very Small,Open,0,0,0,Unknown,Unknown,"34,38913","35,7849",LBN,LBN,Lebanon,01/01/1970,Fishing And Recreational,,,01/11/2012,05/12/2013,279231
2584,Port Arthur,CAPOA,Lake,Unknown,Open,0,0,0,Unknown,Unknown,"48,41413","-89,2287",CAN,CAN,Canada,01/01/1970,,,,01/11/2012,16/01/2015,999999999
2585,Port Stanley,CAPST,Lake,Unknown,Open,0,0,0,Unknown,Unknown,"42,65833","-81,2086",CAN,CAN,Canada,01/01/1970,,,,01/11/2012,05/12/2013,6112027
2586,Racine,USRAC,Lake,Unknown,Open,0,0,0,Unknown,Unknown,"42,71033","-87,773",USA,USA,United States of America,01/01/1970,,,,01/11/2012,05/12/2013,5268249
2587,Port Dover,CAPDV,Lake,Unknown,Open,0,0,0,Unknown,Unknown,"42,78073","-80,1816",CAN,CAN,Canada,01/01/1970,,,,01/11/2012,05/12/2013,6111731
2588,Port Maitland,CAPTM,Lake,Unknown,Open,0,0,0,Unknown,Unknown,"42,85823","-79,5686",CAN,CAN,Canada,01/01/1970,,,,01/11/2012,05/12/2013,6111943
2589,Port Colborne,CAPCO,Lake,Unknown,Open,0,0,0,Unknown,Unknown,"42,87653","-79,2522",CAN,CAN,Canada,01/01/1970,,,,01/11/2012,05/12/2013,6111704
2590,Buffalo,USBUF,Lake,Unknown,Open,0,0,0,Unknown,Unknown,"42,90433","-78,8965",USA,USA,United States of America,01/01/1970,,,,01/11/2012,05/12/2013,5110629
2591,Alesund,NOAES,Sea,Unknown,Unknown,0,0,0,Unknown,Unknown,"62,47273","6,2195",NOR,NOR,Norway,01/01/1970,,,,01/11/2012,05/12/2013,3163392
2592,Port Huron,USPHN,Lake,Unknown,Open,0,0,0,Unknown,Unknown,"42,97993","-82,4206",CAN,CAN,United States of America,01/01/1970,,,,01/11/2012,05/12/2013,6152244
2593,Sarnia,CASNI,Lake,Unknown,Open,0,0,0,Unknown,Unknown,"42,98133","-82,4073",CAN,CAN,Canada,01/01/1970,,,,01/11/2012,05/12/2013,6141190
2594,Munising,USMUI,Lake,Unknown,Open,0,0,0,Unknown,Unknown,"46,41213","-86,6533",USA,USA,United States of America,01/01/1970,,,,01/11/2012,05/12/2013,5003065
2595,Sault Ste Marie,CASSM,Lake,Unknown,Open,0,0,0,Unknown,Unknown,"46,49693","-84,3562",USA,USA,United States of America,01/01/1970,,,,01/11/2012,05/12/2013,5009004
2596,Patterson,USPAN,Sea,Unknown,Open,0,0,0,Unknown,Unknown,"48,14093","-123,4157",USA,USA,United States of America,01/01/1970,,,,01/11/2012,16/01/2015,999999999
2597,Stephenville,CAYJT,Sea,Unknown,Open,0,0,0,Unknown,Unknown,"48,50733","-58,4419",CAN,CAN,Canada,01/01/1970,,,,01/11/2012,05/12/2013,6156245
2598,Ashland,USASX,Lake,Unknown,Open,0,0,0,Unknown,Unknown,"46,59353","-90,8623",USA,USA,United States of America,01/01/1970,,,,01/11/2012,05/12/2013,5244247
2599,Ej Jiye,,Unknown,Very Small,Open,0,0,0,Unknown,Unknown,"33,64933","35,4069",LBN,LBN,Lebanon,01/01/1970,Fuel Oil And Others,,,01/11/2012,05/12/2013,279865
2600,Es Saadiyat,,Unknown,Very Small,Open,0,0,0,Unknown,Unknown,"33,69563","35,4261",LBN,LBN,Lebanon,01/01/1970,Fishing And Recreational,,,01/11/2012,05/12/2013,278112
2601,Talibon,,Sea,Unknown,Open,0,0,0,Unknown,Unknown,"10,15642","124,32112",PHL,PHL,Philippines,01/01/1970,,,,01/11/2012,05/12/2013,1683961
2602,Bang Saphan,,Sea,Unknown,Open,0,0,0,Unknown,Unknown,"11,20101","99,57833",THA,THA,Thailand,01/01/1970,,,,01/11/2012,05/12/2013,1157662
2603,Matsusaka,,Sea,Unknown,Open,0,0,0,Unknown,Unknown,"34,60976","136,55834",JPN,JPN,Japan,01/01/1970,,,,01/11/2012,05/12/2013,1857496
2604,Higashikagawa,,Sea,Unknown,Open,0,0,0,Unknown,Unknown,"34,25746","134,33769",JPN,JPN,Japan,01/01/1970,,,,01/11/2012,19/01/2015,7391347
2605,East London,ZAELS,Sea,Unknown,Open,0,0,0,Yes,Unknown,"-33,02837","27,9091",ZAF,"ZAF, MWI, ZWE",South Africa,01/01/1970,,,,01/11/2012,25/05/2016,1006984
2606,Saldanha Bay,ZASDB,Sea,Unknown,Open,0,0,0,Unknown,Unknown,"-33,00817","17,9495",ZAF,ZAF,South Africa,01/01/1970,,,,01/11/2012,05/12/2013,3361934
2607,Bela Vista,MZBEL,Sea,Unknown,Open,0,0,0,Unknown,Unknown,"-26,34634","32,67751",MOZ,MOZ,Mozambique,01/01/1970,,,,01/11/2012,21/03/2017,1052365
2608,Goma,,Lake,Small,Open,0,0,0,Yes,Unknown,"-1,68383","29,22101",COD,COD,Democratic Republic of the Congo,18/08/2014,,,CO,01/11/2012,19/08/2014,216281
2609,Savusavu,FJSUV,Unknown,Very Small,Open,0,0,0,Unknown,Unknown,"-16,77841","179,32562",,FJI,,01/01/1970,,,,01/11/2012,29/03/2017,2198520
2610,Alotau,PGGUR,Unknown,Small,Open,0,0,0,Unknown,Unknown,"-10,30867","150,4511",PNG,PNG,Papua New Guinea,01/01/1970,,,,01/11/2012,05/12/2013,2133990
2611,Yandina,SBXYA,Unknown,Very Small,Open,0,0,0,Unknown,Unknown,"-9,07897","159,2057",SLB,SLB,Solomon Islands,01/01/1970,,,,01/11/2012,05/12/2013,2101593
2612,Daru,PGDAU,Unknown,Very Small,Open,0,0,0,Unknown,Unknown,"-9,06877","143,2023",PNG,PNG,Papua New Guinea,01/01/1970,,,,01/11/2012,05/12/2013,2098329
2613,El Ouzaai,,Unknown,Very Small,Open,0,0,0,Unknown,Unknown,"33,84713","35,4821",LBN,LBN,Lebanon,01/01/1970,Fishing And Recreational,,,01/11/2012,05/12/2013,6274921
2614,Ed Daliah,,Unknown,Very Small,Open,0,0,0,Unknown,Unknown,"33,89003","35,4705",LBN,LBN,Lebanon,01/01/1970,Fishing And Recreational,,,01/11/2012,05/12/2013,6275284
2615,Ain El Mraisse _El Manara,,Unknown,Very Small,Open,0,0,0,Unknown,Unknown,"33,89853","35,4689",LBN,LBN,Lebanon,01/01/1970,Fishing And Recreational,,,01/11/2012,19/01/2015,276781
2616,Dbaiye,,Unknown,Very Small,Open,0,0,0,Unknown,Unknown,"33,94563","35,5901",LBN,LBN,Lebanon,01/01/1970,Fishing And Recreational,,,01/11/2012,05/12/2013,280733
2617,Nahr El Kalb,,Unknown,Very Small,Open,0,0,0,Unknown,Unknown,"33,95943","35,5971",LBN,LBN,Lebanon,01/01/1970,Fishing And Recreational,,,01/11/2012,05/12/2013,271839
2618,Mersin,TRMER,Sea,Medium,Unknown,0,0,0,Yes,Unknown,"36,79153","34,6257",TUR,SYR,Turkey,01/01/1970,,,,01/11/2012,24/01/2014,304531
2619,Zouq,,Unknown,Very Small,Open,0,0,0,Unknown,Unknown,"33,97303","35,6051",LBN,LBN,Lebanon,01/01/1970,Fuel Oil And Others,,,01/11/2012,19/01/2015,6941107
2620,Es Safra,,Unknown,Very Small,Open,0,0,0,Unknown,Unknown,"34,03523","35,6243",LBN,LBN,Lebanon,01/01/1970,Fishing And Recreational,,,01/11/2012,05/12/2013,278097
2621,El Bware,,Unknown,Very Small,Open,0,0,0,Unknown,Unknown,"34,04513","35,6299",LBN,LBN,Lebanon,01/01/1970,Fishing And Recreational,,,01/11/2012,19/01/2015,278097
2622,Aamshite,,Unknown,Very Small,Open,0,0,0,Unknown,Unknown,"34,15203","35,6278",LBN,LBN,Lebanon,01/01/1970,"Fishing And Recreational, Fuel Oil And Others",,,01/11/2012,05/12/2013,278944
2623,El Beddaoui,,Unknown,Very Small,Open,0,0,0,Unknown,Unknown,"34,45863","35,8619",LBN,LBN,Lebanon,01/01/1970,Fishing And Recreational,,,01/11/2012,05/12/2013,280401
2624,Noro,SBNOR,Unknown,Very Small,Open,0,0,0,Unknown,Unknown,"-8,21267","157,2001",SLB,SLB,Solomon Islands,01/01/1970,,,,01/11/2012,05/12/2013,2104863
2625,Porto Belo,MZPBE,Sea,Unknown,Open,0,0,0,Unknown,Unknown,"-17,722","37,18809",,MOZ,,01/01/1970,,,,01/11/2012,21/03/2017,999999999
2626,Namibe,AOMSZ,Sea,Unknown,Open,0,0,0,Unknown,Unknown,"-15,19487","12,1411",AGO,AGO,Angola,01/01/1970,,,,01/11/2012,05/12/2013,3347019
2627,Moba,,Lake,Very Small,Open,0,0,0,Yes,Unknown,"-7,03064","29,76633",COD,COD,Democratic Republic of the Congo,18/08/2014,,,CO,01/11/2012,19/08/2014,209000
2628,Kalemie,,Lake,Small,Open,0,0,0,Yes,Unknown,"-5,94774","29,20113",COD,COD,Democratic Republic of the Congo,18/08/2014,,,CO,01/11/2012,19/08/2014,214974
2629,Kalundu,,Lake,Very Small,Open,0,0,0,Yes,Unknown,"-3,43365","29,13057",COD,COD,Democratic Republic of the Congo,18/08/2014,,,CO,01/11/2012,19/08/2014,214786
2630,Huron,USHUB,Lake,Unknown,Open,0,0,0,Unknown,Unknown,"41,40913","-82,5855",USA,USA,United States of America,01/01/1970,,,,01/11/2012,05/12/2013,5158298
2631,Port Credit,CAPCR,Lake,Unknown,Open,0,0,0,Unknown,Unknown,"43,54683","-79,5785",CAN,CAN,Canada,01/01/1970,,,,01/11/2012,05/12/2013,6111708
2632,Toronto,CATOR,Lake,Unknown,Open,0,0,0,Unknown,Unknown,"43,64003","-79,3571",CAN,CAN,Canada,01/01/1970,,,,01/11/2012,05/12/2013,6167865
2633,Goderich,CAGOH,Lake,Unknown,Open,0,0,0,Unknown,Unknown,"43,74913","-81,7232",CAN,CAN,Canada,01/01/1970,,,,01/11/2012,05/12/2013,5962442
2634,Sheboygan,USSBZ,Lake,Unknown,Open,0,0,0,Unknown,Unknown,"43,74983","-87,6974",USA,USA,United States of America,01/01/1970,,,,01/11/2012,05/12/2013,5272893
2635,Ngqura,,Sea,Unknown,Open,0,0,0,Unknown,Unknown,"-33,79586","25,6939",ZAF,"ZAF, MWI, ZWE",South Africa,01/01/1970,,,,01/11/2012,13/05/2016,964420
2636,Cape Vincent,USCVI,Lake,Unknown,Open,0,0,0,Unknown,Unknown,"44,13033","-76,3371",USA,USA,United States of America,01/01/1970,,,,01/11/2012,05/12/2013,5111490
2637,Basco,,Sea,Unknown,Open,0,0,0,Unknown,Unknown,"20,44797","121,96747",PHL,PHL,Philippines,01/01/1970,,,,01/11/2012,05/12/2013,1726449
2638,Two Rivers,USTWR,Lake,Unknown,Open,0,0,0,Unknown,Unknown,"44,14473","-87,5573",USA,USA,United States of America,01/01/1970,,,,01/11/2012,05/12/2013,5276609
2639,Belleville,CABLV,Lake,Unknown,Open,0,0,0,Unknown,Unknown,"44,15223","-77,3758",CAN,CAN,Canada,01/01/1970,,,,01/11/2012,05/12/2013,5897884
2640,Menasha,USMEZ,Lake,Unknown,Open,0,0,0,Unknown,Unknown,"44,20493","-88,4522",USA,USA,United States of America,01/01/1970,,,,01/11/2012,05/12/2013,5262596
2641,Kingston,CAKIN,Lake,Unknown,Open,0,0,0,Unknown,Unknown,"44,21973","-76,5061",CAN,CAN,Canada,01/01/1970,,,,01/11/2012,05/12/2013,5992500
2642,Jacmel,,Unknown,Small,Open,0,0,0,Unknown,Unknown,"18,22795","-72,52532",HTI,HTI,Haiti,01/01/1970,,,,01/11/2012,05/12/2013,3723779
2643,Memba,MZMEM,Sea,Unknown,Open,0,0,0,Unknown,Unknown,"-14,18178","40,52676",MOZ,MOZ,Mozambique,01/01/1970,,,,01/11/2012,21/03/2017,1038882
2644,Morgan City,USMGN,Sea,Unknown,Open,0,0,0,Unknown,Unknown,"29,70393","-91,2123",USA,USA,United States of America,01/01/1970,,,,01/11/2012,05/12/2013,4333811
2645,Supsa,,Sea,Unknown,Open,0,0,0,Unknown,Unknown,"42,00045","41,75929",GEO,GEO,Georgia,01/01/1970,,,,01/11/2012,05/12/2013,611811
2646,Minamiise,,Sea,Unknown,Open,0,0,0,Unknown,Unknown,"34,27882","136,53924",JPN,JPN,Japan,01/01/1970,,,,01/11/2012,19/01/2015,1860367
2647,Beppu,,Sea,Unknown,Open,0,0,0,Unknown,Unknown,"33,30442","131,50343",JPN,JPN,Japan,01/01/1970,,,,01/11/2012,05/12/2013,1864750
2648,Ichikikushikino,,Sea,Unknown,Open,0,0,0,Unknown,Unknown,"31,72463","130,25464",JPN,JPN,Japan,01/01/1970,,,,01/11/2012,05/12/2013,1858041
2649,Tobruq,LYTOB,Sea,Small,Open,0,0,0,Unknown,Unknown,"32,07629","23,98341",,LBY,,01/01/1970,"STORAGE: 2 warehouses at the port (2000m2 each) but only ? a warehouse is available for use.
Significant storage facilities exist in Tobruk city
CAPACITY
Capacity was reported as being:
120 TEU/day
1200 MT bulk/day
400MT loose cargo/day",,,01/11/2012,06/04/2017,81302
2650,Enfe,,Unknown,Very Small,Open,0,0,0,Unknown,Unknown,"34,3602","35,72977",LBN,LBN,Lebanon,01/01/1970,Fishing And Recreational,,,01/11/2012,05/12/2013,278928
2651,Flora,NOFRO,Sea,Unknown,Unknown,0,0,0,Unknown,Unknown,"61,49843","5,0553",NOR,NOR,Norway,01/01/1970,,,,01/11/2012,16/01/2015,999999999
2652,Boma,,Sea,Very Small,Open,0,0,0,Unknown,Unknown,"-5,85954","13,05423",COD,COD,Democratic Republic of the Congo,18/08/2014,,,CO,01/11/2012,23/05/2017,2316702
2653,Sawakin,,Sea,Unknown,Open,0,0,0,Unknown,Unknown,"19,11453","37,3527",SDN,SDN,Sudan,01/01/1970,,,,01/11/2012,05/12/2013,367544
2654,Bujumbura,,River,Medium,Open,0,0,182810,Unknown,Accurate,"-3,37743","29,34555",BDI,BDI,Burundi,10/06/2014,,http://dlca.logcluster.org/display/public/DLCA/2.1+Burundi+Port+of+Bujumbura,,01/11/2012,10/06/2014,425378
2655,Bukavu,,Lake,Small,Open,0,0,0,Yes,Unknown,"-2,49199","28,85268",COD,COD,Democratic Republic of the Congo,18/08/2014,,,CO,01/11/2012,19/08/2014,217831
2656,Mahagi,,Lake,Very Small,Open,0,0,0,Yes,Unknown,"2,14913","31,2461",COD,COD,Democratic Republic of the Congo,18/08/2014,,,CO,01/11/2012,19/08/2014,210062
2657,Mushimbake,,Lake,Very Small,Open,0,0,0,Yes,Unknown,"-4,10649","29,09833",COD,COD,Democratic Republic of the Congo,18/08/2014,,,CO,01/11/2012,19/08/2014,0
2658,Otake,,Sea,Unknown,Open,0,0,0,Unknown,Unknown,"34,21883","132,24054",JPN,JPN,Japan,01/01/1970,,,,01/11/2012,05/12/2013,1853662
2659,El Aaqaybe,,Unknown,Very Small,Open,0,0,0,Unknown,Unknown,"34,05903","35,6415",LBN,LBN,Lebanon,01/01/1970,Fishing And Recreational,,,01/11/2012,05/12/2013,6279281
2660,Halat,,Unknown,Very Small,Open,0,0,0,Unknown,Unknown,"34,09233","35,6483",LBN,LBN,Lebanon,01/01/1970,Fishing And Recreational,,,01/11/2012,05/12/2013,274729
2661,El Berbara,,Unknown,Very Small,Open,0,0,0,Unknown,Unknown,"34,19237","35,63294",LBN,LBN,Lebanon,01/01/1970,Fishing And Recreational,,,01/11/2012,05/12/2013,276993
2662,Kfar Aabida,,Unknown,Very Small,Open,0,0,0,Unknown,Unknown,"34,22738","35,65471",LBN,LBN,Lebanon,01/01/1970,Fishing And Recreational,,,01/11/2012,05/12/2013,272807
2663,El Minie,,Unknown,Very Small,Open,0,0,0,Unknown,Unknown,"34,48356","35,92342",LBN,LBN,Lebanon,01/01/1970,Fishing And Recreational,,,01/11/2012,05/12/2013,279396
2664,Kawaihae,USKWH,Sea,Unknown,Open,0,0,0,Unknown,Unknown,"20,03233","-155,8253",USA,USA,United States of America,01/01/1970,,,,01/11/2012,05/12/2013,5848748
2665,Honolulu,USHNL,Sea,Unknown,Open,0,0,0,Unknown,Unknown,"21,30873","-157,8698",USA,USA,United States of America,01/01/1970,,,,01/11/2012,05/12/2013,5856195
2666,Key West,USEYW,Sea,Unknown,Open,0,0,0,Unknown,Unknown,"24,55323","-81,81",USA,USA,United States of America,01/01/1970,,,,01/11/2012,05/12/2013,4160812
2667,Port Isabel-Brownsville,USPIS,Sea,Unknown,Open,0,0,0,Unknown,Unknown,"26,07533","-97,2113",USA,USA,United States of America,01/01/1970,,,,01/11/2012,05/12/2013,4720060
2668,Pine Island,USPNI,Sea,Unknown,Open,0,0,0,Unknown,Unknown,"26,60013","-82,0996",USA,USA,United States of America,01/01/1970,,,,01/11/2012,05/12/2013,4168493
2669,Bocagrande,USBCG,Sea,Unknown,Open,0,0,0,Unknown,Unknown,"26,74753","-82,258",USA,USA,United States of America,01/01/1970,,,,01/11/2012,05/12/2013,4148401
2670,Port Tampa,USPOT,Sea,Unknown,Open,0,0,0,Unknown,Unknown,"27,87913","-82,5318",USA,USA,United States of America,01/01/1970,,,,01/11/2012,05/12/2013,4169182
2671,Clear,USCXI,Sea,Unknown,Open,0,0,0,Unknown,Unknown,"27,96253","-82,8056",USA,USA,United States of America,01/01/1970,,,,01/11/2012,05/12/2013,4151316
2672,Assab,,Sea,Small,Open,0,0,0,Unknown,Unknown,"13,01353","42,7441",ERI,"ERI,YEM",Eritrea,01/01/1970,,,,01/11/2012,24/11/2015,343386
2673,Rumonge,,River,Unknown,Open,0,0,0,Unknown,Unknown,"-3,96844","29,4427",BDI,BDI,Burundi,01/01/1970,,,,01/11/2012,05/12/2013,423549
2674,Kikwit,,River,Small,Open,0,0,0,Yes,Unknown,"-5,06297","18,8611",COD,COD,Democratic Republic of the Congo,18/08/2014,,,CO,01/11/2012,19/08/2014,2314705
2675,Lusambo,,River,Small,Open,0,0,0,Yes,Unknown,"-4,97662","23,43263",COD,COD,Democratic Republic of the Congo,18/08/2014,,,CO,01/11/2012,19/08/2014,210379
2676,Ilebo,,River,Small,Open,0,0,0,Yes,Unknown,"-4,34296","20,50942",COD,COD,Democratic Republic of the Congo,18/08/2014,,,CO,01/11/2012,19/08/2014,215976
2677,Stormskaer,STSOK,Sea,Unknown,Unknown,0,0,0,Unknown,Unknown,"63,82033","20,2811",SWE,SWE,Sweden,01/01/1970,,,,01/11/2012,20/01/2015,999999999
2678,Kinshasa,,River,Small,Open,0,0,0,Yes,Unknown,"-4,29428","15,31558",COD,COD,Democratic Republic of the Congo,18/08/2014,,,CO,01/11/2012,19/08/2014,2314302
2679,Bena Dibele,,River,Very Small,Open,0,0,0,Yes,Unknown,"-4,10807","22,8349",COD,COD,Democratic Republic of the Congo,18/08/2014,,,CO,01/11/2012,19/08/2014,219071
2680,Bandundu,,River,Small,Open,0,0,0,Yes,Unknown,"-3,31042","17,3647",COD,COD,Democratic Republic of the Congo,18/08/2014,,,CO,01/11/2012,19/08/2014,2317397
2681,Kitaibaraki,,Sea,Unknown,Open,0,0,0,Unknown,Unknown,"36,82914","140,78379",JPN,JPN,Japan,01/01/1970,,,,01/11/2012,05/12/2013,2112232
2682,Point Comfort,USPCR,Sea,Unknown,Open,0,0,0,Unknown,Unknown,"28,64003","-96,5675",USA,USA,United States of America,01/01/1970,,,,01/11/2012,05/12/2013,4719846
2683,Port Lavaca,USPLV,Sea,Unknown,Open,0,0,0,Unknown,Unknown,"28,66163","-96,5719",USA,USA,United States of America,01/01/1970,,,,01/11/2012,05/12/2013,4720067
2684,Grand Isle,USGIJ,Sea,Unknown,Open,0,0,0,Unknown,Unknown,"29,23393",-90,USA,USA,United States of America,01/01/1970,,,,01/11/2012,05/12/2013,4326198
2685,Cobh,IECOB,Sea,Unknown,Unknown,0,0,0,Unknown,Unknown,"51,84883","-8,3154",IRL,IRL,Ireland,01/01/1970,,,,01/11/2012,05/12/2013,2965260
2686,Baytown,USHPY,Sea,Unknown,Open,0,0,0,Unknown,Unknown,"29,71473","-95,0136",USA,USA,United States of America,01/01/1970,,,,01/11/2012,05/12/2013,4672731
2687,Apalachicola,USAAF,Sea,Unknown,Open,0,0,0,Unknown,Unknown,"29,71693","-84,9873",USA,USA,United States of America,01/01/1970,,,,01/11/2012,05/12/2013,4146148
2688,Sabine,USSAB,Sea,Unknown,Open,0,0,0,Unknown,Unknown,"29,71753","-93,8654",USA,USA,United States of America,01/01/1970,,,,01/11/2012,05/12/2013,4724542
2689,Panama City,USPFN,Sea,Unknown,Open,0,0,0,Unknown,Unknown,"30,15133","-85,6579",USA,USA,United States of America,01/01/1970,,,,01/11/2012,05/12/2013,4167694
2690,Pascagoula,USPGL,Sea,Unknown,Open,0,0,0,Unknown,Unknown,"30,34733","-88,5603",USA,USA,United States of America,01/01/1970,,,,01/11/2012,05/12/2013,4440397
2691,Gulfport,USGPT,Sea,Unknown,Open,0,0,0,Unknown,Unknown,"30,35453","-89,0873",USA,USA,United States of America,01/01/1970,,,,01/11/2012,05/12/2013,4428667
2692,Pensacola,USPNS,Sea,Unknown,Open,0,0,0,Unknown,Unknown,"30,40523","-87,2057",USA,USA,United States of America,01/01/1970,,,,01/11/2012,05/12/2013,4168228
2693,Fernandina Beach,USFEB,Sea,Unknown,Open,0,0,0,Unknown,Unknown,"30,68873","-81,4554",USA,USA,United States of America,01/01/1970,,,,01/11/2012,05/12/2013,4155006
2694,Charleston,USCHS,Sea,Unknown,Open,0,0,0,Unknown,Unknown,"32,78153","-79,9322",USA,USA,United States of America,01/01/1970,,,,01/11/2012,05/12/2013,4574324
2695,San Clemente,USXMO,Sea,Unknown,Open,0,0,0,Unknown,Unknown,"32,81613","-118,4312",USA,USA,United States of America,01/01/1970,,,,01/11/2012,16/01/2015,999999999
2696,Oceanside,USXJX,Sea,Unknown,Open,0,0,0,Unknown,Unknown,"33,20253","-117,3924",USA,USA,United States of America,01/01/1970,,,,01/11/2012,05/12/2013,5378771
2697,Hunting,USHNT,Sea,Unknown,Open,0,0,0,Unknown,Unknown,"33,64333","-117,9867",USA,USA,United States of America,01/01/1970,,,,01/11/2012,05/12/2013,5358705
2698,Huntington Beach,USHTD,Sea,Unknown,Open,0,0,0,Unknown,Unknown,"33,64333","-117,9867",USA,USA,United States of America,01/01/1970,,,,01/11/2012,05/12/2013,5358705
2699,Cape Fear,USCFN,Sea,Unknown,Open,0,0,0,Unknown,Unknown,"33,84303","-77,9671",USA,USA,United States of America,01/01/1970,,,,01/11/2012,16/01/2015,999999999
2700,El Segundo,USELS,Sea,Unknown,Open,0,0,0,Unknown,Unknown,"33,90033","-118,4152",USA,USA,United States of America,01/01/1970,,,,01/11/2012,05/12/2013,5345860
2701,Lumbu,,River,Very Small,Open,0,0,0,Yes,Unknown,"-3,24558","17,43972",COD,COD,Democratic Republic of the Congo,18/08/2014,,,CO,01/11/2012,19/08/2014,0
2702,Lukolela,,River,Very Small,Open,0,0,0,Yes,Unknown,"-1,05397","17,2021",COD,COD,Democratic Republic of the Congo,18/08/2014,,,CO,01/11/2012,19/08/2014,2313371
2703,Ubundu,,River,Small,Open,0,0,0,Yes,Unknown,"-0,3642","25,44396",COD,COD,Democratic Republic of the Congo,18/08/2014,,,CO,01/11/2012,19/08/2014,204529
2704,Ingende,,River,Very Small,Open,0,0,0,Yes,Unknown,"-0,30595","18,9714",COD,COD,Democratic Republic of the Congo,18/08/2014,,,CO,01/11/2012,15/05/2018,2315437
2705,Cartagena,,Unknown,Unknown,Unknown,0,0,0,Unknown,Unknown,"37,58333","-0,98333",ESP,ESP,Spain,01/01/1970,,,,01/11/2012,05/12/2013,2520058
2706,Fairport,USFPT,Lake,Unknown,Open,0,0,0,Unknown,Unknown,"41,76233","-81,2808",USA,USA,United States of America,01/01/1970,,,,01/11/2012,05/12/2013,5153633
2707,South Haven,USSOH,Lake,Unknown,Open,0,0,0,Unknown,Unknown,"42,37693","-86,2847",USA,USA,United States of America,01/01/1970,,,,01/11/2012,05/12/2013,5010517
2708,Kenosha,USENW,Lake,Unknown,Open,0,0,0,Unknown,Unknown,"42,57973","-87,8094",USA,USA,United States of America,01/01/1970,,,,01/11/2012,05/12/2013,5258393
2709,Thorold,CATHD,Lake,Unknown,Open,0,0,0,Unknown,Unknown,"43,04453","-79,113",CAN,CAN,Canada,01/01/1970,,,,01/11/2012,05/12/2013,6165719
2710,Grand Haven,USGHN,Lake,Unknown,Open,0,0,0,Unknown,Unknown,"43,06673","-86,2213",USA,USA,United States of America,01/01/1970,,,,01/11/2012,05/12/2013,4994325
2711,Santa Barbara,USSBA,Sea,Unknown,Open,0,0,0,Unknown,Unknown,"34,41773","-119,6709",USA,USA,United States of America,01/01/1970,,,,01/11/2012,05/12/2013,5392952
2712,Morehead City,USMRH,Sea,Unknown,Open,0,0,0,Unknown,Unknown,"34,71773","-76,6745",USA,USA,United States of America,01/01/1970,,,,01/11/2012,05/12/2013,4480153
2713,Cape Hatteras,USCPH,Sea,Unknown,Open,0,0,0,Unknown,Unknown,"35,22163","-75,5318",USA,USA,United States of America,01/01/1970,,,,01/11/2012,16/01/2015,999999999
2714,Morro Bay,USMJK,Sea,Unknown,Open,0,0,0,Unknown,Unknown,"35,35683","-120,8496",USA,USA,United States of America,01/01/1970,,,,01/11/2012,05/12/2013,5374920
2715,Elizabeth,USELZ,Sea,Unknown,Open,0,0,0,Unknown,Unknown,"36,29393","-76,2162",USA,USA,United States of America,01/01/1970,,,,01/11/2012,05/12/2013,4465088
2716,Moss Landing,USMLG,Sea,Unknown,Open,0,0,0,Unknown,Unknown,"36,79933","-121,7877",USA,USA,United States of America,01/01/1970,,,,01/11/2012,05/12/2013,5375042
2717,Sewells Point,USSWP,Sea,Unknown,Open,0,0,0,Unknown,Unknown,"36,95553","-76,3324",USA,USA,United States of America,01/01/1970,,,,01/11/2012,16/01/2015,999999999
2718,Norfolk-Newport News,USNEN,Sea,Unknown,Open,0,0,0,Unknown,Unknown,"36,97793","-76,4452",USA,USA,United States of America,01/01/1970,,,,01/11/2012,05/12/2013,4776024
2719,Cape Charles,USCCJ,Sea,Unknown,Open,0,0,0,Unknown,Unknown,"37,11673","-75,9594",USA,USA,United States of America,01/01/1970,,,,01/11/2012,16/01/2015,999999999
2720,Alameda,USNGZ,Sea,Unknown,Open,0,0,0,Unknown,Unknown,"37,79633","-122,3133",USA,USA,United States of America,01/01/1970,,,,01/11/2012,05/12/2013,5322737
2721,Berenice,,Unknown,Small,Open,0,0,0,Unknown,Unknown,"23,94025","35,49077",EGY,EGY,Egypt,01/01/1970,,,,01/11/2012,05/12/2013,359073
2722,Richmond,USRCH,Sea,Unknown,Open,0,0,0,Unknown,Unknown,"37,93343","-122,4097",USA,USA,United States of America,01/01/1970,,,,01/11/2012,05/12/2013,5387428
2723,Mbandaka,,River,Small,Open,0,0,0,Yes,Unknown,"0,06075","18,25299",COD,COD,Democratic Republic of the Congo,18/08/2014,,,CO,01/11/2012,19/08/2014,2312895
2724,Kisangani,,River,Small,Open,0,0,0,Yes,Unknown,"0,50453","25,1899",COD,COD,Democratic Republic of the Congo,18/08/2014,,,CO,01/11/2012,19/08/2014,212730
2725,Basankusu,,River,Small,Open,0,0,0,Yes,Unknown,"1,23093","19,8147",COD,COD,Democratic Republic of the Congo,18/08/2014,,,CO,01/11/2012,19/08/2014,2317285
2726,Lisala,,River,Small,Open,0,0,0,Yes,Unknown,"2,11513","21,5333",COD,COD,Democratic Republic of the Congo,18/08/2014,,,CO,01/11/2012,19/08/2014,211734
2727,Bumba,,River,Very Small,Open,0,0,0,Yes,Unknown,"2,16912","22,46996",COD,COD,Democratic Republic of the Congo,18/08/2014,,,CO,01/11/2012,19/08/2014,217745
2728,Akula,,River,Very Small,Open,0,0,0,Yes,Unknown,"2,38503","20,1971",COD,COD,Democratic Republic of the Congo,18/08/2014,,,CO,01/11/2012,19/08/2014,220435
2729,Fenit,IEFEN,Sea,Unknown,Unknown,0,0,0,Unknown,Unknown,"52,28233","-9,8503",IRL,IRL,Ireland,01/01/1970,,,,01/11/2012,05/12/2013,2964329
2730,Jagna,,Sea,Unknown,Open,0,0,0,Unknown,Unknown,"9,64964","124,36725",PHL,PHL,Philippines,01/01/1970,,,,01/11/2012,05/12/2013,1710378
2731,Dongo,,River,Very Small,Open,0,0,0,Yes,Unknown,"2,71713","18,4001",COD,COD,Democratic Republic of the Congo,18/08/2014,,,CO,01/11/2012,19/08/2014,2316013
2732,Kirabo,,River,Very Small,Unknown,0,0,0,No,Unknown,"-2,05104","29,05745",COD,COD,Democratic Republic of the Congo,01/01/1970,,,,01/11/2012,16/04/2014,0
2733,Chikoma,,River,Very Small,Unknown,0,0,0,No,Unknown,"-2,0978","29,03931",COD,COD,Democratic Republic of the Congo,01/01/1970,,,,01/11/2012,16/04/2014,205598
2734,Kiumba,,River,Very Small,Unknown,0,0,0,No,Unknown,"-1,94096","29,09117",COD,COD,Democratic Republic of the Congo,01/01/1970,,,,01/11/2012,16/04/2014,212519
2735,Nsulo,,River,Very Small,Unknown,0,0,0,No,Unknown,"-1,94136","29,09809",COD,COD,Democratic Republic of the Congo,01/01/1970,,,,01/11/2012,16/04/2014,0
2736,Baraderes,,Unknown,Very Small,Closed,0,0,0,Unknown,Unknown,"18,49714","-73,64237",HTI,HTI,Haiti,01/01/1970,,,,01/11/2012,05/12/2013,3730800
2737,Braz,,Unknown,Unknown,Unknown,0,0,0,Unknown,Unknown,"-17,74087","35,3777",MOZ,MOZ,Mozambique,01/01/1970,Braz: (I) -No Vessel Restriction- (Ii) -No Truck Access- (Iii) -Network Coverage- (Iv) -No Hazard To Navigation--Operational,,,01/11/2012,19/01/2015,1095830
2738,Ngali,,River,Very Small,Unknown,0,0,0,Unknown,Unknown,"-2,4313","19,31642",COD,COD,Democratic Republic of the Congo,01/01/1970,,,,01/11/2012,05/12/2013,2312081
2739,Jardim,,Unknown,Unknown,Unknown,0,0,0,Unknown,Unknown,"-17,63507","35,2125",MOZ,MOZ,Mozambique,01/01/1970,Jardim: (I) -No Vessel Restriction- (Ii) -No Truck Access- (Iii) -Network Coverage- (Iv) -No Hazard To Navigation--Operational,,,01/11/2012,19/01/2015,999999999
2740,Sena,,Unknown,Unknown,Unknown,0,0,0,Unknown,Unknown,"-17,43667","35,0503",MOZ,MOZ,Mozambique,01/01/1970,Sena: (I) -No Vessel Restriction- (Ii) -Truck Access-(Iii)-Network Coverage- (Iv) -No Hazard To Navigation--Operational,,,01/11/2012,05/12/2013,1024698
2741,Buka Ipangu,,Unknown,Very Small,Unknown,0,0,0,Unknown,Unknown,"-6,10397","16,6481",AGO,AGO,Angola,01/01/1970,,,,01/11/2012,20/01/2015,2238702
2743,Masindi,,Unknown,Unknown,Unknown,0,0,0,Unknown,Unknown,"1,69504","32,09256",UGA,UGA,Uganda,01/01/1970,,,,01/11/2012,05/12/2013,229361
2744,Matilde,,Unknown,Unknown,Unknown,0,0,0,Unknown,Unknown,"-18,66317","36,2239",MOZ,MOZ,Mozambique,01/01/1970,Matilde: (I) -No Vessel Restriction- (Ii) -No Truck Access- (Iii) -Network Coverage- (Iv) -No Hazard To Navigation--Operational,,,01/11/2012,05/12/2013,1039909
2745,Ulindi,,River,Very Small,Unknown,0,0,0,Unknown,Unknown,"-2,68343","27,34089",COD,COD,Democratic Republic of the Congo,01/01/1970,,,,01/11/2012,05/12/2013,0
2746,Wenge,,River,Very Small,Unknown,0,0,0,Unknown,Unknown,"1,13863","19,2573",COD,COD,Democratic Republic of the Congo,01/01/1970,,,,01/11/2012,05/12/2013,2310945
2747,Lusengo,,River,Very Small,Unknown,0,0,0,No,Unknown,"1,76713","19,4831",COD,COD,Democratic Republic of the Congo,01/01/1970,,,,01/11/2012,16/04/2014,2313284
2748,Ukatura,,River,Very Small,Unknown,0,0,0,Unknown,Unknown,"1,97593","20,3981",COD,COD,Democratic Republic of the Congo,01/01/1970,,,,01/11/2012,05/12/2013,204511
2749,New Orleans,,Unknown,Unknown,Unknown,0,0,0,Unknown,Unknown,"29,95","-90,0833",USA,USA,United States of America,01/01/1970,,,,01/11/2012,05/12/2013,4335045
2750,Aarhus,,Unknown,Unknown,Unknown,0,0,0,Unknown,Unknown,"56,15","10,21667",DNK,DNK,Denmark,01/01/1970,,,,01/11/2012,05/12/2013,2624652
2751,Portland,,Unknown,Unknown,Unknown,0,0,0,Unknown,Unknown,"45,51667","-122,66667",USA,USA,United States of America,01/01/1970,,,,01/11/2012,05/12/2013,5746545
2752,Genova,,Unknown,Unknown,Unknown,0,0,0,Unknown,Unknown,"44,41667","8,96667",ITA,ITA,Italy,01/01/1970,,,,01/11/2012,05/12/2013,3176219
2753,Dunkirk,,Unknown,Unknown,Unknown,0,0,0,Unknown,Unknown,"42,48333","-79,33333",USA,USA,United States of America,01/01/1970,,,,01/11/2012,05/12/2013,5115495
2754,Alexandria,EGALY,Sea,Large,Open,0,0,0,Yes,Unknown,"31,19534","29,88146",EGY,EGY,Egypt,01/01/1970,,,,01/11/2012,05/12/2013,361058
2755,Dammam,,Unknown,Unknown,Unknown,0,0,0,Unknown,Unknown,"26,43333","50,1",SAU,SAU,Saudi Arabia,01/01/1970,,,,01/11/2012,05/12/2013,110336
2756,Santo Tomas De Castilla,,Unknown,Unknown,Unknown,0,0,0,Unknown,Unknown,"15,7","-87,38333",HND,HND,Honduras,01/01/1970,,,,01/11/2012,19/01/2015,999999999
2757,,,Unknown,Unknown,Unknown,0,0,0,Unknown,Unknown,"-5,83","17,4",COD,COD,Democratic Republic of the Congo,01/01/1970,,,,01/11/2012,05/12/2013,0
2758,,,Unknown,Unknown,Unknown,0,0,0,Unknown,Unknown,"-5,33226","17,37416",COD,COD,Democratic Republic of the Congo,01/01/1970,,,,01/11/2012,05/12/2013,0
2759,,,Unknown,Unknown,Unknown,0,0,0,Unknown,Unknown,"-6,23947","17,45106",COD,COD,Democratic Republic of the Congo,01/01/1970,,,,01/11/2012,05/12/2013,0
2760,,,Unknown,Unknown,Unknown,0,0,0,Unknown,Unknown,"-5,83","17,4",COD,COD,Democratic Republic of the Congo,01/01/1970,,,,01/11/2012,05/12/2013,0
2761,,,Unknown,Unknown,Unknown,0,0,0,Unknown,Unknown,"-5,83","17,4",COD,COD,Democratic Republic of the Congo,01/01/1970,,,,01/11/2012,05/12/2013,0
2762,,,Unknown,Unknown,Unknown,0,0,0,Unknown,Unknown,"-5,66033","17,39064",COD,COD,Democratic Republic of the Congo,01/01/1970,,,,01/11/2012,05/12/2013,0
2763,,,Unknown,Unknown,Unknown,0,0,0,Unknown,Unknown,"-5,86255","17,42909",COD,COD,Democratic Republic of the Congo,01/01/1970,,,,01/11/2012,05/12/2013,0
2764,,,Unknown,Unknown,Unknown,0,0,0,Unknown,Unknown,"18,47391","-73,13152",HTI,HTI,Haiti,01/01/1970,,,,01/11/2012,19/01/2015,3720824
2765,,,Unknown,Unknown,Unknown,0,0,0,Unknown,Unknown,"-6,1084","17,45106",COD,COD,Democratic Republic of the Congo,01/01/1970,,,,01/11/2012,05/12/2013,0
2766,,,Unknown,Unknown,Unknown,0,0,0,Unknown,Unknown,"-5,83523","17,40712",COD,COD,Democratic Republic of the Congo,01/01/1970,,,,01/11/2012,05/12/2013,0
2767,,,Unknown,Unknown,Unknown,0,0,0,Unknown,Unknown,"-5,85709","17,5829",COD,COD,Democratic Republic of the Congo,01/01/1970,,,,01/11/2012,05/12/2013,0
2768,Luabo,,Unknown,Unknown,Unknown,0,0,0,Unknown,Unknown,"-18,39357","36,0923",MOZ,MOZ,Mozambique,01/01/1970,Luabo: (I)-No Vessel Restriction- (Ii) -No Truck Access- (Iii) -Network Coverage- (Iv) -No Hazard To Navigation--Operational,,,01/11/2012,05/12/2013,1043458
2769,Tsoni,,Unknown,Unknown,Unknown,0,0,0,Unknown,Unknown,"-17,33117","34,9777",MOZ,MOZ,Mozambique,01/01/1970,Tsoni: (I) - No Vessel Restriction- (Ii) - Truck Access- (Iii) - Network Coverage - Operational,,,01/11/2012,19/01/2015,1048363
2770,Sejero,DKSJO,Sea,Unknown,Unknown,0,0,0,Unknown,Unknown,"55,89973","11,1497",DNK,DNK,Denmark,01/01/1970,,,,01/11/2012,16/01/2015,999999999
2771,St Malo,FRSML,Sea,Unknown,Unknown,0,0,0,Unknown,Unknown,"48,64553","-2,0187",FRA,FRA,France,01/01/1970,,,,01/11/2012,05/12/2013,2978640
2772,Roscoff,FRROS,Sea,Unknown,Unknown,0,0,0,Unknown,Unknown,"48,72633","-3,9833",FRA,FRA,France,01/01/1970,,,,01/11/2012,05/12/2013,2982809
2773,Whitegate,IEWHI,Sea,Unknown,Unknown,0,0,0,Unknown,Unknown,"51,83143","-8,2512",IRL,IRL,Ireland,01/01/1970,,,,01/11/2012,05/12/2013,2960952
2774,Bumbuli,,River,Very Small,Unknown,0,0,0,Unknown,Unknown,"-3,38097","20,5131",COD,COD,Democratic Republic of the Congo,01/01/1970,,,,01/11/2012,05/12/2013,217718
2775,Buna,,River,Very Small,Unknown,0,0,0,Unknown,Unknown,"-3,24107","18,9971",COD,COD,Democratic Republic of the Congo,01/01/1970,,,,01/11/2012,05/12/2013,2316237
2776,Maleke,,River,Very Small,Unknown,0,0,0,Unknown,Unknown,"-3,18407","18,8451",COD,COD,Democratic Republic of the Congo,01/01/1970,,,,01/11/2012,05/12/2013,8446853
2777,Malela,,River,Very Small,Unknown,0,0,0,No,Unknown,"-3,17732","16,19742",COD,COD,Democratic Republic of the Congo,01/01/1970,,,,01/11/2012,16/04/2014,0
2778,Nioki,,River,Very Small,Unknown,0,0,0,Unknown,Unknown,"-2,73682","17,68935",COD,COD,Democratic Republic of the Congo,01/01/1970,,,,01/11/2012,05/12/2013,2311968
2779,Tshumbiri,,River,Very Small,Unknown,0,0,0,No,Unknown,"-2,65227","16,2419",COD,COD,Democratic Republic of the Congo,01/01/1970,,,,01/11/2012,16/04/2014,2311078
2780,Lokandu,,River,Very Small,Unknown,0,0,0,Unknown,Unknown,"-2,51547","25,7881",COD,COD,Democratic Republic of the Congo,01/01/1970,,,,01/11/2012,05/12/2013,211572
2781,Lomela,,River,Very Small,Unknown,0,0,0,Unknown,Unknown,"-2,30497","23,2851",COD,COD,Democratic Republic of the Congo,01/01/1970,,,,01/11/2012,05/12/2013,211415
2782,Ekolosongo,,River,Very Small,Unknown,0,0,0,Unknown,Unknown,"-2,26677","23,2061",COD,COD,Democratic Republic of the Congo,01/01/1970,,,,01/11/2012,05/12/2013,0
2783,Kailenge,,River,Very Small,Unknown,0,0,0,Unknown,Unknown,"-2,26627","25,7691",COD,COD,Democratic Republic of the Congo,01/01/1970,,,,01/11/2012,05/12/2013,215209
2784,Bekungu,,River,Very Small,Unknown,0,0,0,Unknown,Unknown,"-2,24948","19,26664",COD,COD,Democratic Republic of the Congo,01/01/1970,,,,01/11/2012,05/12/2013,2317222
2785,Bolobo,,River,Very Small,Unknown,0,0,0,Yes,Unknown,"-2,16467","16,2281",COD,COD,Democratic Republic of the Congo,01/01/1970,,,,01/11/2012,16/04/2014,2316748
2786,Lilanga,,River,Very Small,Unknown,0,0,0,Unknown,Unknown,"1,62653","21,7719",COD,COD,Democratic Republic of the Congo,01/01/1970,,,,01/11/2012,05/12/2013,0
2787,Malanga,,River,Very Small,Unknown,0,0,0,Unknown,Unknown,"1,73763","18,5719",COD,COD,Democratic Republic of the Congo,01/01/1970,,,,01/11/2012,05/12/2013,2312641
2788,Imesse,,River,Very Small,Unknown,0,0,0,No,Unknown,"2,11713","18,1001",COD,COD,Democratic Republic of the Congo,01/01/1970,,,,01/11/2012,16/04/2014,2315460
2789,Bagata,,River,Very Small,Unknown,0,0,0,Unknown,Unknown,"2,26753","23,0673",COD,COD,Democratic Republic of the Congo,01/01/1970,,,,01/11/2012,05/12/2013,218567
2790,Binga,,River,Very Small,Unknown,0,0,0,Unknown,Unknown,"2,39503","20,5111",COD,COD,Democratic Republic of the Congo,01/01/1970,,,,01/11/2012,05/12/2013,218855
2791,Molanda,,River,Very Small,Unknown,0,0,0,Unknown,Unknown,"2,45313","20,8071",COD,COD,Democratic Republic of the Congo,01/01/1970,,,,01/11/2012,05/12/2013,208884
2792,Boburu,,Unknown,Very Small,Unknown,0,0,0,Yes,Unknown,"1,43753","18,0367",COG,COG,Democratic Republic of the Congo,01/01/1970,,,,01/11/2012,16/04/2014,0
2793,Hamaroy,NOHMY,Sea,Unknown,Unknown,0,0,0,Unknown,Unknown,"68,04933","15,7555",NOR,NOR,Norway,01/01/1970,,,,01/11/2012,16/01/2015,999999999
2794,Dibaya,,River,Very Small,Open,0,0,0,Yes,Unknown,"-4,13817","19,8761",COD,COD,Democratic Republic of the Congo,18/08/2014,,,CO,01/11/2012,19/08/2014,2316091
2795,Lodi,,River,Very Small,Open,0,0,0,Yes,Unknown,"-4,03841","21,38161",COD,COD,Democratic Republic of the Congo,18/08/2014,,,CO,01/11/2012,19/08/2014,211649
2796,Mangai,,River,Very Small,Open,0,0,0,Yes,Unknown,"-4,04586","19,58363",COD,COD,Democratic Republic of the Congo,18/08/2014,,,CO,01/11/2012,19/08/2014,2313083
2797,Bokila,,River,Very Small,Open,0,0,0,Yes,Unknown,"-4,01906","21,66416",COD,COD,Democratic Republic of the Congo,18/08/2014,,,CO,01/11/2012,19/08/2014,218545
2798,Dekese,,River,Very Small,Open,0,0,0,Yes,Unknown,"-3,49428","21,37348",COD,COD,Democratic Republic of the Congo,18/08/2014,,,CO,01/11/2012,19/08/2014,217400
2799,Bisenge,,River,Unknown,Unknown,0,0,0,Unknown,Unknown,"-3,42477","19,78725",COD,COD,Democratic Republic of the Congo,01/01/1970,,,,01/11/2012,05/12/2013,2317066
2800,Conakry,GNCKY,Sea,Small,Open,0,0,0,Yes,Unknown,"9,51905","-13,71517",GIN,GIN,Guinea,01/01/1970,,,,01/11/2012,24/01/2014,2422465
2801,Banjul,GMBJL,Sea,Small,Open,0,0,0,Yes,Unknown,"13,45473","-16,5798",GMB,GMB,Gambia,01/01/1970,,,,01/11/2012,24/01/2014,2413876
2802,Nouakchott,MRNKC,Sea,Very Small,Open,0,0,0,Yes,Unknown,"18,03547","-16,02561",,MRT,,01/01/1970,,,,01/11/2012,18/05/2017,2377450
2803,Balanacan,,Sea,Very Small,Open,0,0,0,Unknown,Unknown,"13,5333","121,8657",PHL,PHL,Philippines,01/01/1970,,,,01/11/2012,05/12/2013,1728539
2804,Coron,,Sea,Small,Open,0,0,0,Unknown,Unknown,"11,99144","120,21176",PHL,PHL,Philippines,01/01/1970,,,,01/11/2012,05/12/2013,1716834
2805,Maasin,,Sea,Very Small,Open,0,0,0,Unknown,Unknown,"10,13361","124,83971",PHL,PHL,Philippines,01/01/1970,,,,01/11/2012,05/12/2013,1704758
2806,Tubod,,Sea,Small,Open,0,0,0,Unknown,Unknown,"8,06084","123,79364",PHL,PHL,Philippines,01/01/1970,,,,01/11/2012,05/12/2013,1681149
2807,Brookes Point,,Sea,Small,Open,0,0,0,Unknown,Unknown,"8,77","117,83622",PHL,PHL,Philippines,01/01/1970,,,,01/11/2012,05/12/2013,1723763
2808,Castle Island,USCAI,Sea,Unknown,Open,0,0,0,Unknown,Unknown,"56,63923","-133,1644",USA,USA,United States of America,01/01/1970,,,,01/11/2012,16/01/2015,999999999
2809,Kake,USKAE,Sea,Unknown,Open,0,0,0,Unknown,Unknown,"56,96193","-133,9155",USA,USA,United States of America,01/01/1970,,,,01/11/2012,05/12/2013,5554194
2810,Asau,,Sea,Unknown,Open,0,0,0,Unknown,Unknown,"-13,5033","-172,6316",WSM,WSM,Samoa,01/01/1970,,,,01/11/2012,05/12/2013,7106456
2811,Ubay,,Sea,Unknown,Open,0,0,0,Unknown,Unknown,"10,05859","124,47566",PHL,PHL,Philippines,01/01/1970,,,,01/11/2012,05/12/2013,1680475
2812,Ras Laffan,,Sea,Unknown,Open,0,0,0,Unknown,Unknown,"25,91086","51,58037",QAT,QAT,Qatar,01/01/1970,,,,01/11/2012,20/01/2015,442527
2813,Tubigon,,Sea,Unknown,Open,0,0,0,Unknown,Unknown,"9,9563","123,96182",PHL,PHL,Philippines,01/01/1970,,,,01/11/2012,05/12/2013,1681182
2814,Davant,USDVT,Sea,Unknown,Open,0,0,0,Unknown,Unknown,"29,59733","-89,8406",USA,USA,United States of America,01/01/1970,,,,01/11/2012,05/12/2013,4321669
2815,Pointe A La Hache,USPHC,Sea,Unknown,Open,0,0,0,Unknown,Unknown,"29,60323","-89,8507",USA,USA,United States of America,01/01/1970,,,,01/11/2012,05/12/2013,4337717
2816,Myrtle Grove,USMYG,Sea,Unknown,Open,0,0,0,Unknown,Unknown,"29,63853","-89,9455",USA,USA,United States of America,01/01/1970,,,,01/11/2012,05/12/2013,4334660
2817,Alliance,USAIH,Sea,Unknown,Open,0,0,0,Unknown,Unknown,"29,66243","-89,9616",USA,USA,United States of America,01/01/1970,,,,01/11/2012,05/12/2013,4314617
2818,Ranong,,Sea,Unknown,Open,0,0,0,Unknown,Unknown,"10,00458","98,61327",THA,THA,Thailand,01/01/1970,,,,01/11/2012,05/12/2013,1150965
2819,Virac,,Sea,Small,Open,0,0,0,Unknown,Unknown,"13,5775","124,2325",PHL,PHL,Philippines,01/01/1970,,,,01/11/2012,05/12/2013,1679802
2820,San Jose Carangian,,Sea,Very Small,Open,0,0,0,Unknown,Unknown,"12,53619","124,48716",PHL,PHL,Philippines,01/01/1970,,,,01/11/2012,05/12/2013,1689507
2821,Palompon,,Sea,Very Small,Open,0,0,0,Unknown,Unknown,"11,05197","124,38206",PHL,PHL,Philippines,01/01/1970,,,,01/11/2012,05/12/2013,1696017
2822,Zarzis,,Sea,Unknown,Open,0,0,0,Unknown,Unknown,"33,48321","11,11259",TUN,TUN,Tunisia,01/01/1970,,,,01/11/2012,05/12/2013,2470173
2823,Hitachinaka,,Sea,Unknown,Open,0,0,0,Unknown,Unknown,"36,42377","140,60749",JPN,JPN,Japan,01/01/1970,,,,01/11/2012,05/12/2013,6822096
2824,Nakatsu,,Sea,Unknown,Open,0,0,0,Unknown,Unknown,"33,6161","131,18457",JPN,JPN,Japan,01/01/1970,,,,01/11/2012,05/12/2013,1855757
2825,Port Of Aqtau (Aktau),,Sea,Unknown,Open,0,0,0,Unknown,Unknown,"43,62732","51,16513",KAZ,KAZ,Kazakhstan,01/01/1970,,,,01/11/2012,19/01/2015,610612
2826,Baku,,Sea,Unknown,Open,0,0,0,Unknown,Unknown,"40,34778","49,87638",AZE,AZE,Azerbaijan,01/01/1970,,,,01/11/2012,05/12/2013,587084
2827,Samui,,Sea,Unknown,Open,0,0,0,Unknown,Unknown,"9,53837","99,93532",THA,THA,Thailand,01/01/1970,,,,01/11/2012,05/12/2013,1154689
2828,La Goulette,TNLGN,Sea,Unknown,Open,0,0,0,Unknown,Unknown,"36,81413","10,2985",TUN,TUN,Tunisia,01/01/1970,,,,01/11/2012,05/12/2013,2470656
2829,Simonstown,ZASMN,Sea,Unknown,Open,0,0,0,Unknown,Unknown,"-34,18747","18,4317",ZAF,ZAF,South Africa,01/01/1970,,,,01/11/2012,05/12/2013,3361618
2830,Cape Town,ZACPT,Sea,Unknown,Open,0,0,0,Unknown,Unknown,"-33,90897","18,4651",ZAF,ZAF,South Africa,01/01/1970,,,,01/11/2012,05/12/2013,3369157
2831,Pasadena,USPSD,Sea,Unknown,Open,0,0,0,Unknown,Unknown,"29,72073","-95,2169",USA,USA,United States of America,01/01/1970,,,,01/11/2012,05/12/2013,4717782
2832,Norsworthy,USNSW,Sea,Unknown,Open,0,0,0,Unknown,Unknown,"29,74113","-95,1928",USA,USA,United States of America,01/01/1970,,,,01/11/2012,16/01/2015,999999999
2833,Cameron,USCXM,Sea,Unknown,Open,0,0,0,Unknown,Unknown,"29,78603","-93,3216",USA,USA,United States of America,01/01/1970,,,,01/11/2012,05/12/2013,4318695
2834,Port St Joe,USPSJ,Sea,Unknown,Open,0,0,0,Unknown,Unknown,"29,81233","-85,305",USA,USA,United States of America,01/01/1970,,,,01/11/2012,05/12/2013,4169166
2835,Gretna,USGTL,Sea,Unknown,Open,0,0,0,Unknown,Unknown,"29,91463","-90,0695",USA,USA,United States of America,01/01/1970,,,,01/11/2012,05/12/2013,4326575
2836,Westwego,USWWO,Sea,Unknown,Open,0,0,0,Unknown,Unknown,"29,91653","-90,1388",USA,USA,United States of America,01/01/1970,,,,01/11/2012,05/12/2013,4345968
2837,Avondale,USAVD,Sea,Unknown,Open,0,0,0,Unknown,Unknown,"29,92133","-90,1994",USA,USA,United States of America,01/01/1970,,,,01/11/2012,05/12/2013,4315225
2838,Hampton-Newport News-Williamsb.,USPHF,Sea,Unknown,Open,0,0,0,Unknown,Unknown,"36,84593","-76,3214",USA,USA,United States of America,01/01/1970,,,,01/11/2012,16/01/2015,999999999
2839,Balykchy,,Lake,Unknown,Open,0,0,0,Unknown,Unknown,"42,43967","76,15173",KGZ,KGZ,Kyrgyzstan,01/01/1970,,,,01/11/2012,05/12/2013,1527004
2840,Riviere Du Loup,CARDL,Sea,Unknown,Open,0,0,0,Unknown,Unknown,"47,84573","-69,553",CAN,CAN,Canada,01/01/1970,,,,01/11/2012,05/12/2013,6354897
2841,Port Gamble,USPGH,Sea,Unknown,Open,0,0,0,Unknown,Unknown,"47,85743","-122,5819",USA,USA,United States of America,01/01/1970,,,,01/11/2012,05/12/2013,5807223
2842,Belledune,CABEL,Sea,Unknown,Open,0,0,0,Unknown,Unknown,"47,90273","-65,8463",CAN,CAN,Canada,01/01/1970,,,,01/11/2012,16/01/2015,999999999
2843,Gros Cacouna,CAGCA,Sea,Unknown,Open,0,0,0,Unknown,Unknown,"47,92513","-69,4984",CAN,CAN,Canada,01/01/1970,,,,01/11/2012,05/12/2013,6695808
2844,Port Sudan,,Sea,Medium,Open,0,0,0,Yes,Unknown,"19,60713","37,2219",SDN,"SDN, ETH",Sudan,01/01/1970,,,,01/11/2012,05/04/2016,377039
2845,Everett,USEVT,Sea,Unknown,Open,0,0,0,Unknown,Unknown,"47,96663","-122,2207",USA,USA,United States of America,01/01/1970,,,,01/11/2012,05/12/2013,5793933
2846,Tadoussac,CATAD,Sea,Unknown,Open,0,0,0,Unknown,Unknown,"48,14693","-69,7252",CAN,CAN,Canada,01/01/1970,,,,01/11/2012,05/12/2013,6639665
2847,Clarenville,CACLE,Sea,Unknown,Open,0,0,0,Unknown,Unknown,"48,16053","-53,9695",CAN,CAN,Canada,01/01/1970,,,,01/11/2012,05/12/2013,5923118
2848,Coupeville,USCBL,Sea,Unknown,Open,0,0,0,Unknown,Unknown,"48,21933","-122,6795",USA,USA,United States of America,01/01/1970,,,,01/11/2012,05/12/2013,5791132
2849,Port Alfred,CAPAF,Sea,Unknown,Open,0,0,0,Unknown,Unknown,"48,32613","-70,8586",CAN,CAN,Canada,01/01/1970,,,,01/11/2012,16/01/2015,999999999
2850,Chandler,CACHR,Sea,Unknown,Open,0,0,0,Unknown,Unknown,"48,33993","-64,6849",CAN,CAN,Canada,01/01/1970,,,,01/11/2012,05/12/2013,6943811
2851,Bagotville,CABGT,Sea,Unknown,Open,0,0,0,Unknown,Unknown,"48,34443","-70,8855",CAN,CAN,Canada,01/01/1970,,,,01/11/2012,16/01/2015,999999999
2852,Neah Bay,USNEB,Sea,Unknown,Open,0,0,0,Unknown,Unknown,"48,36853","-124,6203",USA,USA,United States of America,01/01/1970,,,,01/11/2012,05/12/2013,5804537
2853,Main Brook,CAMBR,Sea,Unknown,Open,0,0,0,Unknown,Unknown,"5,16023","-56,0766",SUR,SUR,Suriname,01/01/1970,,,,01/11/2012,20/01/2015,3384578
2854,Victoria,CAVIC,Sea,Unknown,Open,0,0,0,Unknown,Unknown,"48,43483","-123,3689",CAN,CAN,Canada,01/01/1970,,,,01/11/2012,05/12/2013,6174041
2855,Chicoutimi,CACHI,Sea,Unknown,Open,0,0,0,Unknown,Unknown,"48,43703","-71,0456",CAN,CAN,Canada,01/01/1970,,,,01/11/2012,05/12/2013,5921225
2856,Rimouski,CARIM,Sea,Unknown,Open,0,0,0,Unknown,Unknown,"48,44703","-68,5519",CAN,CAN,Canada,01/01/1970,,,,01/11/2012,05/12/2013,6354895
2857,Hilo,USITO,Sea,Unknown,Open,0,0,0,Unknown,Unknown,"19,73973","-155,0918",USA,USA,United States of America,01/01/1970,,,,01/11/2012,05/12/2013,5855927
2858,Nawiliwili,USNWL,Sea,Unknown,Open,0,0,0,Unknown,Unknown,"21,94923","-159,3557",USA,USA,United States of America,01/01/1970,,,,01/11/2012,05/12/2013,5851427
2859,Forari Bay,,Unknown,Very Small,Open,0,0,0,Unknown,Unknown,"-17,68278","168,54891",,VUT,,01/01/1970,,,,01/11/2012,24/03/2017,2135108
2860,Makurazaki,,Sea,Unknown,Open,0,0,0,Unknown,Unknown,"31,26159","130,2924",JPN,JPN,Japan,01/01/1970,,,,01/11/2012,05/12/2013,1857712
2861,Father Point,CAFAP,Sea,Unknown,Open,0,0,0,Unknown,Unknown,"48,51503","-68,4683",CAN,CAN,Canada,01/01/1970,,,,01/11/2012,16/01/2015,999999999
2862,Brownsville,USBRO,Sea,Unknown,Open,0,0,0,Unknown,Unknown,"25,89473","-97,4987",USA,USA,United States of America,01/01/1970,,,,01/11/2012,05/12/2013,4676740
2863,Port Everglades,USPEF,Sea,Unknown,Open,0,0,0,Unknown,Unknown,"26,09023","-80,1168",USA,USA,United States of America,01/01/1970,,,,01/11/2012,05/12/2013,4169139
2864,Palm Beach,USPAB,Sea,Unknown,Open,0,0,0,Unknown,Unknown,"26,76313","-80,0378",USA,USA,United States of America,01/01/1970,,,,01/11/2012,05/12/2013,4167505
2865,Sarasota,USSRB,Sea,Unknown,Open,0,0,0,Unknown,Unknown,"27,33473","-82,5448",USA,USA,United States of America,01/01/1970,,,,01/11/2012,05/12/2013,4172131
2866,Saleologa,,Sea,Unknown,Open,0,0,0,Unknown,Unknown,"-13,74475","-172,21695",WSM,WSM,Samoa,01/01/1970,,,,01/11/2012,05/12/2013,4035092
2867,El Capitan,USELC,Sea,Unknown,Open,0,0,0,Unknown,Unknown,"32,89363","-118,4411",USA,USA,United States of America,01/01/1970,,,,01/11/2012,16/01/2015,999999999
2868,Wilmington,USWTN,Sea,Unknown,Open,0,0,0,Unknown,Unknown,"33,77713","-118,2401",USA,USA,United States of America,01/01/1970,,,,01/11/2012,05/12/2013,5409802
2869,Port San Luis,USPSL,Sea,Unknown,Open,0,0,0,Unknown,Unknown,"35,17893","-120,7405",USA,USA,United States of America,01/01/1970,,,,01/11/2012,05/12/2013,5384353
2870,Melilla,ESMLN,Sea,Unknown,Open,0,0,0,Unknown,Unknown,"35,29753","-2,9397",ESP,ESP,Spain,01/01/1970,,,,01/11/2012,05/12/2013,2513947
2871,Estero Bay,USESB,Sea,Unknown,Open,0,0,0,Unknown,Unknown,"35,40293","-120,8689",USA,USA,United States of America,01/01/1970,,,,01/11/2012,16/01/2015,999999999
2872,Eden,USEDB,Sea,Unknown,Open,0,0,0,Unknown,Unknown,"36,05473","-76,6054",USA,USA,United States of America,01/01/1970,,,,01/11/2012,16/01/2015,999999999
2873,Manchester,USMNY,Sea,Unknown,Open,0,0,0,Unknown,Unknown,"36,60733","-121,8673",USA,USA,United States of America,01/01/1970,,,,01/11/2012,16/01/2015,999999999
2874,Yorktown,USYKW,Sea,Unknown,Open,0,0,0,Unknown,Unknown,"37,22243","-76,4984",USA,USA,United States of America,01/01/1970,,,,01/11/2012,05/12/2013,4046946
2875,Hopewell,USHPW,Sea,Unknown,Open,0,0,0,Unknown,Unknown,"37,30593","-77,2835",USA,USA,United States of America,01/01/1970,,,,01/11/2012,05/12/2013,4764826
2876,Santa Clara,USSCZ,Sea,Unknown,Open,0,0,0,Unknown,Unknown,"37,37733","-121,9364",USA,USA,United States of America,01/01/1970,,,,01/11/2012,05/12/2013,5393015
2877,Richmond,USRIC,Sea,Unknown,Open,0,0,0,Unknown,Unknown,"37,52633","-77,4656",USA,USA,United States of America,01/01/1970,,,,01/11/2012,05/12/2013,4781708
2878,San Mateo,USSMK,Sea,Unknown,Open,0,0,0,Unknown,Unknown,"37,57253","-122,302",USA,USA,United States of America,01/01/1970,,,,01/11/2012,05/12/2013,5392423
2879,Tappahannock,USTKV,Sea,Unknown,Open,0,0,0,Unknown,Unknown,"37,92073","-76,855",USA,USA,United States of America,01/01/1970,,,,01/11/2012,05/12/2013,4788822
2880,Stockton,USSCK,Sea,Unknown,Open,0,0,0,Unknown,Unknown,"37,95533","-121,3354",USA,USA,United States of America,01/01/1970,,,,01/11/2012,05/12/2013,5399020
2881,Seattle,USSEA,Sea,Unknown,Open,0,0,0,Unknown,Unknown,"47,67293","-122,409",USA,USA,United States of America,01/01/1970,,,,01/11/2012,05/12/2013,5815574
2882,Harbour Grace,CAHRE,Sea,Unknown,Open,0,0,0,Unknown,Unknown,"47,69993","-53,2102",CAN,CAN,Canada,01/01/1970,,,,01/11/2012,05/12/2013,5970492
2883,Carbonear,CACRB,Sea,Unknown,Open,0,0,0,Unknown,Unknown,"47,74153","-53,2046",CAN,CAN,Canada,01/01/1970,,,,01/11/2012,05/12/2013,5916722
2884,Bamberton,CABAM,Sea,Unknown,Open,0,0,0,Unknown,Unknown,"48,58223","-123,5191",CAN,CAN,Canada,01/01/1970,,,,01/11/2012,16/01/2015,999999999
2885,Jinja,,Lake,Unknown,Open,0,0,0,Unknown,Unknown,"0,41425","33,20761",UGA,UGA,Uganda,01/01/1970,,,,01/11/2012,05/12/2013,233114
2886,Kisumu,,Lake,Unknown,Open,0,0,0,Unknown,Unknown,"-0,10396","34,74529",KEN,KEN,Kenya,01/01/1970,,,,01/11/2012,16/03/2017,191245
2887,,,Lake,Unknown,Open,0,0,0,Unknown,Unknown,"65,02647","-18,29607",ISL,ISL,Iceland,01/01/1970,,,,01/11/2012,16/01/2015,999999999
2888,Port Bell,,Lake,Unknown,Open,0,0,0,Unknown,Unknown,"0,28967","32,65396",UGA,UGA,Uganda,01/01/1970,,,,01/11/2012,05/12/2013,226744
2889,Kuala Beukah,,Unknown,Very Small,Open,0,0,0,Unknown,Unknown,"4,8877","97,90164",,IDN,,01/01/1970,,,,01/11/2012,10/05/2017,1473455
2890,Currimao,,Sea,Very Small,Open,0,0,0,Unknown,Unknown,"17,98512","120,49006",PHL,PHL,Philippines,01/01/1970,,,,01/11/2012,05/12/2013,1716446
2891,Santa Cruz,,Sea,Very Small,Open,0,0,0,Unknown,Unknown,"13,5054","122,04532",PHL,PHL,Philippines,01/01/1970,,,,01/11/2012,05/12/2013,1688271
2892,Pasacao,,Sea,Small,Open,0,0,0,Unknown,Unknown,"13,50873","123,04123",PHL,PHL,Philippines,01/01/1970,,,,01/11/2012,05/12/2013,1694631
2893,Damaguit,,Sea,Very Small,Open,0,0,0,Unknown,Unknown,"11,58632","122,49601",PHL,PHL,Philippines,01/01/1970,,,,01/11/2012,05/12/2013,1714194
2894,Bugo,,Sea,Small,Open,0,0,0,Unknown,Unknown,"8,50853","124,75231",PHL,PHL,Philippines,01/01/1970,,,,01/11/2012,05/12/2013,1723257
2895,Port Hardy,CAPHY,Sea,Unknown,Open,0,0,0,Unknown,Unknown,"50,71933","-127,4907",CAN,CAN,Canada,01/01/1970,,,,01/11/2012,05/12/2013,6111862
2896,,,Unknown,Very Small,Open,0,0,0,Unknown,Unknown,"18,44514","-73,09071",HTI,HTI,Haiti,01/01/1970,,,,01/11/2012,19/01/2015,3720824
2897,Port-De-Paix,,Unknown,Small,Open,0,0,0,Unknown,Unknown,"19,93968","-72,83121",HTI,HTI,Haiti,01/01/1970,,,,01/11/2012,05/12/2013,3718420
2898,Suez Canal,,Sea,Unknown,Open,0,0,0,Unknown,Unknown,"30,58611","32,29145",EGY,EGY,Egypt,01/01/1970,,,,01/11/2012,19/01/2015,361055
2899,Kuala Langsa,IDKUA,Sea,Very Small,Open,0,0,0,Unknown,Unknown,"4,53008","98,02551",IDN,IDN,Indonesia,01/01/1970,,,,01/11/2012,10/05/2017,1214841
2900,Ain El Mraisse _El Jisr,,Unknown,Very Small,Open,0,0,0,Unknown,Unknown,"33,90228","35,49546",LBN,LBN,Lebanon,01/01/1970,Fishing And Recreational,,,01/11/2012,19/01/2015,276781
2901,Ishigaki,,Sea,Unknown,Open,0,0,0,Unknown,Unknown,"24,34686","124,1486",JPN,JPN,Japan,01/01/1970,,,,01/11/2012,05/12/2013,1861416
2902,Yanai,,Sea,Unknown,Open,0,0,0,Unknown,Unknown,"33,95667","132,13416",JPN,JPN,Japan,01/01/1970,,,,01/11/2012,05/12/2013,1848550
2903,Nishinoomote,,Sea,Unknown,Open,0,0,0,Unknown,Unknown,"30,73276","130,99411",JPN,JPN,Japan,01/01/1970,,,,01/11/2012,05/12/2013,1855203
2904,Prachuap,,Sea,Unknown,Open,0,0,0,Unknown,Unknown,"11,82019","99,80338",THA,THA,Thailand,01/01/1970,,,,01/11/2012,05/12/2013,1151074
2905,San Carlos,,Sea,Small,Open,0,0,0,Planned,Unknown,"10,48121","123,41904",PHL,PHL,Philippines,01/01/1970,,,,01/11/2012,05/12/2013,1690219
2906,Oarai,,Sea,Unknown,Open,0,0,0,Unknown,Unknown,"36,30807","140,56973",JPN,JPN,Japan,01/01/1970,,,,01/11/2012,05/12/2013,2111567
2907,Naze,,Sea,Unknown,Open,0,0,0,Unknown,Unknown,"28,38264","129,49293",JPN,JPN,Japan,01/01/1970,,,,01/11/2012,05/12/2013,1855540
2908,Barcelona,,Sea,Unknown,Open,0,0,0,Unknown,Unknown,"10,817","123,55",PHL,PHL,Philippines,01/01/1970,,,,01/11/2012,19/01/2015,999999999
2909,Massawa,,Sea,Small,Open,0,0,0,Unknown,Unknown,"15,64213","39,4751",ERI,ERI,Eritrea,01/01/1970,,,,01/11/2012,24/11/2015,330546
2910,El Aabde,,Unknown,Very Small,Open,0,0,0,Unknown,Unknown,"34,51918","35,97785",LBN,LBN,Lebanon,01/01/1970,Fishing And Recreational,,,01/11/2012,05/12/2013,280561
2911,Bolomba,,River,Very Small,Open,0,0,0,Yes,Unknown,"0,31868","19,20134",COD,COD,Democratic Republic of the Congo,18/08/2014,,,CO,01/11/2012,19/08/2014,2316739
2912,Mushie,,River,Very Small,Open,0,0,0,Yes,Unknown,"-3,03528","16,90113",COD,COD,Democratic Republic of the Congo,18/08/2014,,,CO,01/11/2012,19/08/2014,2312249
2913,Kindu,,River,Small,Open,0,0,0,Yes,Unknown,"-2,94432","25,93287",COD,COD,Democratic Republic of the Congo,18/08/2014,,,CO,01/11/2012,19/08/2014,212902
2914,Boende,,River,Small,Open,0,0,0,Yes,Unknown,"-0,27359","20,88003",COD,COD,Democratic Republic of the Congo,18/08/2014,,,CO,01/11/2012,19/08/2014,218680
2915,Chiang Saen,,River,Unknown,Open,0,0,0,Unknown,Unknown,"20,26724","100,08973",THA,THA,Thailand,01/01/1970,,,,01/11/2012,05/12/2013,1611187
2916,Khulna,,River,Unknown,Open,0,0,0,Unknown,Unknown,"22,7985","89,58062",BGD,BGD,Bangladesh,01/01/1970,,,,01/11/2012,05/12/2013,1336135
2917,Bangui,,River,Unknown,Open,0,0,0,Yes,Unknown,"4,35771","18,57861",CAF,CAF,Central African Republic,01/01/1970,,,,01/11/2012,16/04/2014,2389853
2918,Chiang Khong,,River,Unknown,Open,0,0,0,Unknown,Unknown,"20,27431","100,4061",LAO,LAO,Thailand,01/01/1970,,,,01/11/2012,19/01/2015,1663526
2919,Kosti,,River,Unknown,Open,0,0,0,Unknown,Unknown,"13,14568","32,7316",SDN,SDN,Sudan,01/01/1970,,,,07/07/2013,05/12/2013,371760
2920,Kowe,,River,Very Small,Unknown,0,0,0,Unknown,Unknown,"-1,64907","25,8559",COD,COD,Democratic Republic of the Congo,01/01/1970,,,,01/11/2012,05/12/2013,212301
2921,Boza,,River,Very Small,Unknown,0,0,0,Unknown,Unknown,"-2,24254","29,08098",COD,COD,Democratic Republic of the Congo,01/01/1970,,,,01/11/2012,05/12/2013,0
2922,Kaseke,,River,Very Small,Unknown,0,0,0,No,Unknown,"-2,05101","29,05744",COD,COD,Democratic Republic of the Congo,01/01/1970,,,,01/11/2012,16/04/2014,214059
2923,Varna,,Unknown,Unknown,Unknown,0,0,0,Unknown,Unknown,"43,18333","27,96667",BGR,BGR,Bulgaria,01/01/1970,,,,01/11/2012,05/12/2013,726050
2924,Pointe Noire,,Unknown,Unknown,Unknown,0,0,0,Unknown,Unknown,"50,16667","-66,48333",CAN,CAN,Canada,01/01/1970,,,,01/11/2012,16/01/2015,999999999
2925,Norfolk,,Unknown,Unknown,Unknown,0,0,0,Unknown,Unknown,"36,85","-76,3",USA,USA,United States of America,01/01/1970,,,,01/11/2012,05/12/2013,4776222
2926,Alexandria,,Unknown,Unknown,Unknown,0,0,0,Unknown,Unknown,"38,8","-77,03333",USA,USA,United States of America,01/01/1970,,,,01/11/2012,05/12/2013,4744091
2927,Mumbai,,Sea,Large,Unknown,0,0,0,Unknown,Unknown,"18,9","72,81667",IND,IND,India,01/01/1970,,,,01/11/2012,05/05/2015,1275339
2928,Ama,,Unknown,Unknown,Unknown,0,0,0,Unknown,Unknown,"29,93333","-89,7",USA,USA,United States of America,01/01/1970,,,,01/11/2012,05/12/2013,4314712
2929,Port Of Pavlodar,,Unknown,Unknown,Unknown,0,0,0,Unknown,Unknown,"52,26333","76,93528",KAZ,KAZ,Kazakhstan,01/01/1970,,,,01/11/2012,05/12/2013,1520240
2930,Port Of Semey,,Unknown,Unknown,Unknown,0,0,0,Unknown,Unknown,"50,39111","80,2425",KAZ,KAZ,Kazakhstan,01/01/1970,,,,01/11/2012,05/12/2013,1519422
2931,Ilha Salia,,Unknown,Unknown,Unknown,0,0,0,Unknown,Unknown,"-18,57287","36,2043",MOZ,MOZ,Mozambique,01/01/1970,Ilha Salia: (I) -No Vessel Restriction- (Ii) -No Truck Access- (Iii) -Network Coverage- (Iv) -No Hazard To Navigation--Operational,,,01/11/2012,19/01/2015,1039909
2932,Mutarara,,Unknown,Unknown,Unknown,0,0,0,Unknown,Unknown,"-17,43377","35,0713",MOZ,MOZ,Mozambique,01/01/1970,Mutarara: (I) - No Vessel Restriction- (Ii) - No Truck Access- (Iii) - Network Coverage - Operational,,,01/11/2012,05/12/2013,1035305
2933,Montoir,,Unknown,Unknown,Unknown,0,0,0,Unknown,Unknown,"47,28333","-1,83333",FRA,FRA,France,01/01/1970,,,,01/11/2012,05/12/2013,2992206
2934,La Spezia,,Unknown,Unknown,Unknown,0,0,0,Unknown,Unknown,"44,11667","9,83333",ITA,ITA,Italy,01/01/1970,,,,01/11/2012,05/12/2013,3175081
2935,Jacintoport,,Unknown,Unknown,Unknown,0,0,0,Unknown,Unknown,"29,75","-94,9",USA,USA,United States of America,01/01/1970,,,,01/11/2012,16/01/2015,999999999
2936,Gambela,,River,Unknown,Open,0,0,0,Yes,Approximate,"8,24252","34,58839",ETH,"ETH,SSD",Ethiopia,01/01/1970,,,,07/07/2013,24/01/2014,337405
2937,Itang,,River,Unknown,Open,0,0,0,Yes,Approximate,"8,19099","34,26826",ETH,"ETH,SSD",Ethiopia,01/01/1970,,,,07/07/2013,24/01/2014,334050
2938,Metar,,River,Unknown,Open,0,0,0,Yes,Unknown,"8,35709","33,44676",ETH,"ETH,SSD",Ethiopia,01/01/1970,,,,07/07/2013,19/01/2015,9962476
2939,Hungnam,,Unknown,Unknown,Unknown,0,0,0,Unknown,Unknown,"39,83333","127,61667",PRK,PRK,Dem People's Rep of Korea,01/01/1970,,,,01/11/2012,05/12/2013,1877030
2940,Brindisi,,Unknown,Unknown,Unknown,0,0,0,Unknown,Unknown,"40,64357","17,98454",ITA,ITA,Italy,01/01/1970,,,,01/11/2012,05/12/2013,3181528
2941,Antwerp,,Unknown,Unknown,Unknown,0,0,0,Unknown,Unknown,"51,23333","4,46667",BEL,BEL,Belgium,01/01/1970,,,,01/11/2012,05/12/2013,2803138
2942,Hakata,,Unknown,Unknown,Unknown,0,0,0,Unknown,Unknown,"33,6","130,4",JPN,JPN,Japan,01/01/1970,,,,01/11/2012,19/01/2015,1863967
2943,Wexford,IEWEX,Sea,Unknown,Unknown,0,0,0,Unknown,Unknown,"52,32833","-6,4496",IRL,IRL,Ireland,01/01/1970,,,,01/11/2012,05/12/2013,7838931
2944,Invergordon,GBIVG,Sea,Unknown,Unknown,0,0,0,Unknown,Unknown,"57,68763","-4,1766",GBR,GBR,U.K. of Great Britain & Northern Ireland,01/01/1970,,,,01/11/2012,05/12/2013,2646115
2945,Dili,,Sea,Small,Open,0,0,0,Unknown,Unknown,"-8,53333","125,58333",TLS,TLS,Timor-Leste,01/01/1970,,,,01/11/2012,05/12/2013,1645457
2946,Rhyl,GBRHY,Sea,Unknown,Unknown,0,0,0,Unknown,Unknown,"53,32113","-3,497",GBR,GBR,U.K. of Great Britain & Northern Ireland,01/01/1970,,,,01/11/2012,05/12/2013,2639409
2947,Inverness,GBINV,Sea,Unknown,Unknown,0,0,0,Unknown,Unknown,"57,48073","-4,2362",GBR,GBR,U.K. of Great Britain and Northern Ireland,01/01/1970,,,,01/11/2012,05/12/2013,2646088
2948,Ribadeo,ESRIB,Sea,Unknown,Unknown,0,0,0,Unknown,Unknown,"43,53333","-7,034",ESP,ESP,Spain,01/01/1970,,,,01/11/2012,05/12/2013,3111859
2949,Peterhead,GBPHD,Sea,Unknown,Unknown,0,0,0,Unknown,Unknown,"57,50563","-1,7935",GBR,GBR,U.K. of Great Britain and Northern Ireland,01/01/1970,,,,01/11/2012,05/12/2013,2640351
2950,Blankaholm,SEBLA,Sea,Unknown,Unknown,0,0,0,Unknown,Unknown,"57,58083","16,5237",SWE,SWE,Sweden,01/01/1970,,,,01/11/2012,05/12/2013,2721454
2951,Uig,GBUIG,Sea,Unknown,Unknown,0,0,0,Unknown,Unknown,"57,59113","-6,3647",GBR,GBR,U.K. of Great Britain and Northern Ireland,01/01/1970,,,,01/11/2012,05/12/2013,2635219
2952,Antibes,FRANT,Sea,Unknown,Unknown,0,0,0,Unknown,Unknown,"43,58893","7,1227",FRA,FRA,France,01/01/1970,,,,01/11/2012,05/12/2013,3037456
2953,Lochmaddy,GBLMA,Sea,Unknown,Unknown,0,0,0,Unknown,Unknown,"57,59653","-7,1775",GBR,GBR,U.K. of Great Britain and Northern Ireland,01/01/1970,,,,01/11/2012,05/12/2013,2643811
2954,Visby,SEVBY,Sea,Unknown,Unknown,0,0,0,Unknown,Unknown,"57,64003","18,2955",SWE,SWE,Sweden,01/01/1970,,,,01/11/2012,05/12/2013,2662689
2955,Loch Ewe,GBLHE,Sea,Unknown,Unknown,0,0,0,Unknown,Unknown,"57,84303","-5,596",GBR,GBR,U.K. of Great Britain and Northern Ireland,01/01/1970,,,,01/11/2012,05/12/2013,2645398
2956,Wallhamn,SEWAL,Sea,Unknown,Unknown,0,0,0,Unknown,Unknown,"58,00953","11,7055",SWE,SWE,Sweden,01/01/1970,,,,01/11/2012,05/12/2013,3332132
2957,Stenungsund,SESTE,Sea,Unknown,Unknown,0,0,0,Unknown,Unknown,"58,06453","11,8219",SWE,SWE,Sweden,01/01/1970,,,,01/11/2012,05/12/2013,2673875
2958,Kristiansand,NOKRS,Sea,Unknown,Unknown,0,0,0,Unknown,Unknown,"58,13993","8,0173",NOR,NOR,Norway,01/01/1970,,,,01/11/2012,05/12/2013,3149318
2959,Goteborg,SEGOT,Sea,Unknown,Unknown,0,0,0,Unknown,Unknown,"57,70433","11,9627",SWE,SWE,Sweden,01/01/1970,,,,01/11/2012,05/12/2013,2711537
2960,Jonkoping,SEJKG,Sea,Unknown,Unknown,0,0,0,Unknown,Unknown,"57,78243","14,2087",SWE,SWE,Sweden,01/01/1970,,,,01/11/2012,05/12/2013,2702979
2961,Griffin Venture,,Sea,Unknown,Unknown,0,0,0,Unknown,Unknown,"-21,20947","114,6471",AUS,AUS,Australia,01/01/1970,"Augrv, Oil Terminal",,,01/11/2012,16/01/2015,999999999
2962,Cossack Pioneer,,Sea,Unknown,Unknown,0,0,0,Unknown,Unknown,"-19,58237","116,4509",AUS,AUS,Australia,01/01/1970,"Aucop, Oil Terminal",,,01/11/2012,16/01/2015,999999999
2963,Skua Venture,,Sea,Unknown,Unknown,0,0,0,Unknown,Bad,"-12,10727","125,0037",PYF,PYF,French Polynesia,01/01/1970,"Auskv,  Oil Terminal",,,01/11/2012,20/01/2015,999999999
2964,Marsaxlokk,MTMAR,Sea,Unknown,Unknown,0,0,0,Unknown,Unknown,"35,81263","14,5439",MLT,MLT,Malta,01/01/1970,,,,01/11/2012,05/12/2013,2562247
2965,Thira,GRJTR,Sea,Unknown,Unknown,0,0,0,Unknown,Unknown,"36,38493","25,4299",GRC,GRC,Greece,01/01/1970,,,,01/11/2012,19/01/2015,999999999
2966,Cadiz,ESCAD,Sea,Unknown,Unknown,0,0,0,Unknown,Unknown,"36,53243","-6,2969",ESP,ESP,Spain,01/01/1970,,,,01/11/2012,05/12/2013,2520600
2967,Yali Island,GRYLI,Sea,Unknown,Unknown,0,0,0,Unknown,Unknown,"36,66333","27,1271",GRC,GRC,Greece,01/01/1970,,,,01/11/2012,19/01/2015,999999999
2968,Pozzallo,ITPZL,Sea,Unknown,Unknown,0,0,0,Unknown,Unknown,"36,72093","14,8457",ITA,ITA,Italy,01/01/1970,,,,01/11/2012,05/12/2013,2523693
2969,Amorgos,GRAMO,Sea,Unknown,Unknown,0,0,0,Unknown,Unknown,"36,83213","25,8641",GRC,GRC,Greece,01/01/1970,,,,01/11/2012,05/12/2013,265142
2970,Kos,GRKGS,Sea,Unknown,Unknown,0,0,0,Unknown,Unknown,"36,90633","27,2879",GRC,GRC,Greece,01/01/1970,,,,01/11/2012,05/12/2013,259245
2971,Navarino,GRNAV,Sea,Unknown,Unknown,0,0,0,Unknown,Unknown,"36,92093","21,6961",GRC,GRC,Greece,01/01/1970,,,,01/11/2012,05/12/2013,7534441
2972,Vila Do Porto,PTVDP,Sea,Unknown,Unknown,0,0,0,Unknown,Unknown,"36,94233","-25,1509",PRT,PRT,Azores Islands,01/01/1970,,,,01/11/2012,05/12/2013,3372473
2973,Melilli,ITMEL,Sea,Unknown,Unknown,0,0,0,Unknown,Unknown,"37,10993","15,2599",ITA,ITA,Italy,01/01/1970,,,,01/11/2012,16/01/2015,999999999
2974,Naxos,GRJNX,Sea,Unknown,Unknown,0,0,0,Unknown,Unknown,"37,12043","25,3923",GRC,GRC,Greece,01/01/1970,,,,01/11/2012,05/12/2013,256632
2975,Vila Real De Santo Antonio,PTVRL,Sea,Unknown,Unknown,0,0,0,Unknown,Unknown,"37,19423","-7,4126",PRT,PRT,Portugal,01/01/1970,,,,01/11/2012,05/12/2013,2261598
2976,Lisboa (Lisbon),PTLIS,Sea,Unknown,Unknown,0,0,0,Unknown,Unknown,"38,69513","-9,1778",PRT,PRT,Portugal,01/01/1970,,,,01/11/2012,05/12/2013,2267057
2977,Ustica,ITUST,Sea,Unknown,Unknown,0,0,0,Unknown,Unknown,"38,70493","13,1857",ITA,ITA,Italy,01/01/1970,,,,01/11/2012,05/12/2013,2522818
2978,Catanzaro,ITQCZ,Sea,Unknown,Unknown,0,0,0,Unknown,Unknown,"38,82013","16,6245",ITA,ITA,Italy,01/01/1970,,,,01/11/2012,05/12/2013,2525059
2979,Gandia,ESGAN,Sea,Unknown,Unknown,0,0,0,Unknown,Unknown,"38,98953","-0,1479",ESP,ESP,Spain,01/01/1970,,,,01/11/2012,05/12/2013,2517367
2980,Skiathos,GRJSI,Sea,Unknown,Unknown,0,0,0,Unknown,Unknown,"39,17013","23,5013",GRC,GRC,Greece,01/01/1970,,,,01/11/2012,05/12/2013,253643
2981,Valencia,ESVLC,Sea,Unknown,Unknown,0,0,0,Unknown,Unknown,"39,45913","-0,323",ESP,ESP,Spain,01/01/1970,,,,01/11/2012,05/12/2013,2509954
2982,Sagunto,ESSAG,Sea,Unknown,Unknown,0,0,0,Unknown,Unknown,"39,65273","-0,2112",ESP,ESP,Spain,01/01/1970,,,,01/11/2012,05/12/2013,2511619
2983,Arbatax,ITATX,Sea,Unknown,Unknown,0,0,0,Unknown,Unknown,"39,94063","9,7029",ITA,ITA,Italy,01/01/1970,,,,01/11/2012,05/12/2013,2525691
2984,Stratoni,GRSTI,Sea,Unknown,Unknown,0,0,0,Unknown,Unknown,"40,51003","23,8301",GRC,GRC,Greece,01/01/1970,,,,01/11/2012,05/12/2013,734133
2985,Amalfi,ITAMA,Sea,Unknown,Unknown,0,0,0,Unknown,Unknown,"40,64393","14,6183",ITA,ITA,Italy,01/01/1970,,,,01/11/2012,05/12/2013,3183130
2986,Procida,ITPRO,Sea,Unknown,Unknown,0,0,0,Unknown,Unknown,"40,76193","14,0299",ITA,ITA,Italy,01/01/1970,,,,01/11/2012,05/12/2013,3169807
2987,Thasos,GRTSO,Sea,Unknown,Unknown,0,0,0,Unknown,Unknown,"40,78453","24,7303",GRC,GRC,Greece,01/01/1970,,,,01/11/2012,05/12/2013,734094
2988,Bagnoli,ITBLN,Sea,Unknown,Unknown,0,0,0,Unknown,Unknown,"40,79963","14,1613",ITA,ITA,Italy,01/01/1970,,,,01/11/2012,05/12/2013,3182518
2989,Golfo Aranci,ITGAI,Sea,Unknown,Unknown,0,0,0,Unknown,Unknown,"40,99473","9,6339",ITA,ITA,Italy,01/01/1970,,,,01/11/2012,05/12/2013,6535672
2990,Anzio,ITANZ,Sea,Unknown,Unknown,0,0,0,Unknown,Unknown,"41,44813","12,6333",ITA,ITA,Italy,01/01/1970,,,,01/11/2012,05/12/2013,3183005
2991,Porto Garibaldi,ITPGA,Sea,Unknown,Unknown,0,0,0,Unknown,Unknown,"44,65553","12,2543",ITA,ITA,Italy,01/01/1970,,,,01/11/2012,05/12/2013,3170087
2992,Capraia,ITCPA,Sea,Unknown,Unknown,0,0,0,Unknown,Unknown,"43,02513","9,8239",ITA,ITA,Italy,01/01/1970,,,,01/11/2012,05/12/2013,3180649
2993,Berre,FRBEE,Sea,Unknown,Unknown,0,0,0,Unknown,Unknown,"43,48653","5,1745",FRA,FRA,France,01/01/1970,,,,01/11/2012,05/12/2013,3033241
2994,Biarritz,FRBIQ,Sea,Unknown,Unknown,0,0,0,Unknown,Unknown,"43,48713","-1,5669",FRA,FRA,France,01/01/1970,,,,01/11/2012,05/12/2013,3032797
2995,Split,HRSPU,Sea,Unknown,Unknown,0,0,0,Unknown,Unknown,"43,50333","16,4283",HRV,HRV,Croatia,01/01/1970,,,,01/11/2012,05/12/2013,3190261
2996,Gijon,ESGIJ,Sea,Unknown,Unknown,0,0,0,Unknown,Unknown,"43,54853","-5,6758",ESP,ESP,Spain,01/01/1970,,,,01/11/2012,05/12/2013,3121424
2997,Falconara,ITFAL,Sea,Unknown,Unknown,0,0,0,Unknown,Unknown,"43,63033","13,4079",ITA,ITA,Italy,01/01/1970,,,,01/11/2012,05/12/2013,3177250
2998,Viareggio,ITVIA,Sea,Unknown,Unknown,0,0,0,Unknown,Unknown,"43,86373","10,2429",ITA,ITA,Italy,01/01/1970,,,,01/11/2012,05/12/2013,3164433
2999,Zadar,HRZAD,Sea,Unknown,Unknown,0,0,0,Unknown,Unknown,"44,11033","15,2289",HRV,HRV,Croatia,01/01/1970,,,,01/11/2012,05/12/2013,3186952
3000,Constanta,ROCND,Sea,Unknown,Unknown,0,0,0,Unknown,Unknown,"44,16453","28,6419",ROU,ROU,Romania,01/01/1970,,,,01/11/2012,05/12/2013,680963
3001,Wolgast,DEWOL,Sea,Unknown,Unknown,0,0,0,Unknown,Unknown,"54,05043","13,7865",DEU,DEU,Germany,01/01/1970,,,,01/11/2012,05/12/2013,2806501
3002,Sligo,IESLI,Sea,Unknown,Unknown,0,0,0,Unknown,Unknown,"54,27793","-8,48",IRL,IRL,Ireland,01/01/1970,,,,01/11/2012,05/12/2013,2961423
3003,Stralsund,DESTL,Sea,Unknown,Unknown,0,0,0,Unknown,Unknown,"54,30393","13,1133",DEU,DEU,Germany,01/01/1970,,,,01/11/2012,05/12/2013,2826287
3004,Gdansk,PLGDN,Sea,Unknown,Unknown,0,0,0,Unknown,Unknown,"54,41053","18,6709",POL,POL,Poland,01/01/1970,,,,01/11/2012,05/12/2013,3099434
3005,Oregrund,SEOGR,Sea,Unknown,Unknown,0,0,0,Unknown,Unknown,"60,34083","18,4543",SWE,SWE,Sweden,01/01/1970,,,,01/11/2012,05/12/2013,2686649
3006,Forsmark,SEFOR,Sea,Unknown,Unknown,0,0,0,Unknown,Unknown,"60,39003","18,2269",SWE,SWE,Sweden,01/01/1970,,,,01/11/2012,05/12/2013,2713942
3007,Hamina,FIHMN,Sea,Unknown,Unknown,0,0,0,Unknown,Unknown,"60,56693","27,1815",FIN,FIN,Finland,01/01/1970,,,,01/11/2012,05/12/2013,659169
3008,Mongstad,NOMON,Sea,Unknown,Unknown,0,0,0,Unknown,Unknown,"60,81393","5,0319",NOR,NOR,Norway,01/01/1970,,,,01/11/2012,05/12/2013,3145514
3009,Vallvik,SEVAL,Sea,Unknown,Unknown,0,0,0,Unknown,Unknown,"61,17893","17,1839",SWE,SWE,Sweden,01/01/1970,,,,01/11/2012,05/12/2013,2665331
3010,Stocka,SESTA,Sea,Unknown,Unknown,0,0,0,Unknown,Unknown,"61,90073","17,3593",SWE,SWE,Sweden,01/01/1970,,,,01/11/2012,05/12/2013,2673772
3011,Fuglafirdi (Fuglefjord),FOFUG,Sea,Unknown,Unknown,0,0,0,Unknown,Unknown,"62,26353","7,0127",NOR,NOR,Norway,01/01/1970,,,,01/11/2012,16/01/2015,999999999
3012,Kaskinen,FIKAS,Sea,Unknown,Unknown,0,0,0,Unknown,Unknown,"62,38203","21,2373",FIN,FIN,Finland,01/01/1970,,,,01/11/2012,05/12/2013,653758
3013,Kuwait Navy Base,,Sea,Unknown,Unknown,0,0,0,Unknown,Unknown,"28,86345","48,28194",KWT,KWT,Kuwait,01/01/1970,,,,01/11/2012,19/01/2015,285768
3014,Essaouira,,Sea,Unknown,Unknown,0,0,0,Unknown,Unknown,"31,51135","-9,77161",MAR,MAR,Morocco,01/01/1970,,,,01/11/2012,05/12/2013,2549263
3015,Shimoni,,Sea,Unknown,Unknown,0,0,0,Unknown,Unknown,"-4,64779","39,37979",,KEN,,01/01/1970,,,,01/11/2012,16/03/2017,180389
3016,Kesennuma,,Sea,Unknown,Unknown,0,0,0,Unknown,Unknown,"38,87326","141,58699",JPN,JPN,Japan,01/01/1970,,,,01/11/2012,05/12/2013,2112263
3017,Sandnessjoen,NOSSJ,Sea,Unknown,Unknown,0,0,0,Unknown,Unknown,"66,02053","12,6331",NOR,NOR,Norway,01/01/1970,,,,01/11/2012,05/12/2013,3140301
3018,Skjervoy,NOSKY,Sea,Unknown,Unknown,0,0,0,Unknown,Unknown,"70,03053","20,9709",NOR,NOR,Norway,01/01/1970,,,,01/11/2012,05/12/2013,777682
3019,Kiunga,,Sea,Unknown,Unknown,0,0,0,Unknown,Unknown,"-1,74632","41,49143",,KEN,,01/01/1970,,,,01/11/2012,16/03/2017,190954
3020,Tranoy,NOTRY,Sea,Unknown,Unknown,0,0,0,Unknown,Unknown,"68,18173","15,6523",NOR,NOR,Norway,01/01/1970,,,,01/11/2012,05/12/2013,3134055
3021,Sikea,SESIK,Sea,Unknown,Unknown,0,0,0,Unknown,Unknown,"64,14973","20,9881",SWE,SWE,Sweden,01/01/1970,,,,01/11/2012,05/12/2013,602974
3022,Dartmouth,GBDTM,Sea,Unknown,Unknown,0,0,0,Unknown,Unknown,"50,35093","-3,58",GBR,GBR,U.K. of Great Britain & Northern Ireland,01/01/1970,,,,01/11/2012,05/12/2013,2651498
3023,Brixham,GBBRX,Sea,Unknown,Unknown,0,0,0,Unknown,Unknown,"50,40013","-3,5147",GBR,GBR,U.K. of Great Britain & Northern Ireland,01/01/1970,,,,01/11/2012,05/12/2013,2654663
3024,Torquay,GBTOR,Sea,Unknown,Unknown,0,0,0,Unknown,Unknown,"50,46513","-3,537",GBR,GBR,U.K. of Great Britain & Northern Ireland,01/01/1970,,,,01/11/2012,05/12/2013,2635650
3025,Portsmouth,GBPME,Sea,Unknown,Unknown,0,0,0,Unknown,Unknown,"50,79963","-1,1095",GBR,GBR,U.K. of Great Britain & Northern Ireland,01/01/1970,,,,01/11/2012,05/12/2013,2639996
3026,Port Of Atyrau,,Sea,Unknown,Unknown,0,0,0,Unknown,Unknown,"47,07208","51,86886",KAZ,KAZ,Kazakhstan,01/01/1970,,,,01/11/2012,05/12/2013,610529
3027,Lille,FRLLE,Sea,Unknown,Unknown,0,0,0,Unknown,Unknown,"50,63673","3,0485",FRA,FRA,France,01/01/1970,,,,01/11/2012,05/12/2013,2998324
3028,Almeria,ESLEI,Sea,Unknown,Unknown,0,0,0,Unknown,Unknown,"36,83803","-2,466",ESP,ESP,Spain,01/01/1970,,,,01/11/2012,05/12/2013,2521886
3029,Zante,GRZAN,Sea,Unknown,Unknown,0,0,0,Unknown,Unknown,"37,73873","20,9023",GRC,GRC,Greece,01/01/1970,,,,01/11/2012,19/01/2015,999999999
3030,Parga,GRPAR,Sea,Unknown,Unknown,0,0,0,Unknown,Unknown,"39,28813","20,3883",GRC,GRC,Greece,01/01/1970,,,,01/11/2012,05/12/2013,255736
3031,Lajes,PTLAJ,Sea,Unknown,Unknown,0,0,0,Unknown,Unknown,"39,37753","-31,1814",PRT,PRT,Azores Islands,01/01/1970,,,,01/11/2012,20/01/2015,3372954
3032,Palma Mallorca,ESPMI,Sea,Unknown,Unknown,0,0,0,Unknown,Unknown,"39,56053","2,6297",ESP,ESP,Spain,01/01/1970,,,,01/11/2012,19/01/2015,2512989
3033,Nea Karvali,GRNKV,Sea,Unknown,Unknown,0,0,0,Unknown,Unknown,"40,96073","24,5125",GRC,GRC,Greece,01/01/1970,,,,01/11/2012,05/12/2013,735014
3034,Leixoes,PTLEI,Sea,Unknown,Unknown,0,0,0,Unknown,Unknown,"41,18653","-8,7022",PRT,PRT,Portugal,01/01/1970,,,,01/11/2012,20/01/2015,2735943
3035,Molfetta,ITMOL,Sea,Unknown,Unknown,0,0,0,Unknown,Unknown,"41,20933","16,5815",ITA,ITA,Italy,01/01/1970,,,,01/11/2012,05/12/2013,3173287
3036,Barcelona,ESBCN,Sea,Unknown,Unknown,0,0,0,Unknown,Unknown,"41,37373","2,1805",ESP,ESP,Spain,01/01/1970,,,,01/11/2012,05/12/2013,3128760
3037,Manfredonia,ITMFR,Sea,Unknown,Unknown,0,0,0,Unknown,Unknown,"41,61983","15,8983",ITA,ITA,Italy,01/01/1970,,,,01/11/2012,05/12/2013,3174092
3038,Palamos,ESPAL,Sea,Unknown,Unknown,0,0,0,Unknown,Unknown,"41,85463","3,1173",ESP,ESP,Spain,01/01/1970,,,,01/11/2012,05/12/2013,3114566
3039,Ajaccio,FRAJA,Sea,Unknown,Unknown,0,0,0,Unknown,Unknown,"41,93013","8,7383",FRA,FRA,France,01/01/1970,,,,01/11/2012,05/12/2013,3038334
3040,Termoli,ITTMI,Sea,Unknown,Unknown,0,0,0,Unknown,Unknown,"41,99983","14,9995",ITA,ITA,Italy,01/01/1970,,,,01/11/2012,05/12/2013,3165773
3041,Civitavecchia,ITCVV,Sea,Unknown,Unknown,0,0,0,Unknown,Unknown,"42,09113","11,7871",ITA,ITA,Italy,01/01/1970,,,,01/11/2012,05/12/2013,3178587
3042,Vasto,ITVSO,Sea,Unknown,Unknown,0,0,0,Unknown,Unknown,"42,10683","14,7197",ITA,ITA,Italy,01/01/1970,,,,01/11/2012,05/12/2013,3164672
3043,Rosas,ESROS,Sea,Unknown,Unknown,0,0,0,Unknown,Unknown,"42,27223","3,1683",ESP,ESP,Spain,01/01/1970,,,,01/11/2012,05/12/2013,3111348
3044,Moana,ESMOA,Sea,Unknown,Unknown,0,0,0,Unknown,Unknown,"42,28663","-8,7207",ESP,ESP,Spain,01/01/1970,,,,01/11/2012,05/12/2013,3116653
3045,Pakera Point,,Unknown,Very Small,Unknown,0,0,0,Unknown,Unknown,"-10,41038","161,78604",SLB,SLB,Solomon Islands,01/01/1970,,,,01/11/2012,20/01/2015,2178753
3046,L'Ile Rousse,FRILR,Sea,Unknown,Unknown,0,0,0,Unknown,Unknown,"42,64193","8,9521",FRA,FRA,France,01/01/1970,,,,01/11/2012,05/12/2013,2998330
3047,Muros,ESMRS,Sea,Unknown,Unknown,0,0,0,Unknown,Unknown,"42,78083","-9,055",ESP,ESP,Spain,01/01/1970,,,,01/11/2012,05/12/2013,3115824
3048,Rio Marina,ITRMA,Sea,Unknown,Unknown,0,0,0,Unknown,Unknown,"42,81173","10,4313",ITA,ITA,Italy,01/01/1970,,,,01/11/2012,05/12/2013,3169330
3049,Corcubion,ESCCN,Sea,Unknown,Unknown,0,0,0,Unknown,Unknown,"42,95003","-9,1806",ESP,ESP,Spain,01/01/1970,,,,01/11/2012,05/12/2013,3124614
3050,Port La Nouvelle,FRNOU,Sea,Unknown,Unknown,0,0,0,Unknown,Unknown,"43,01593","3,0537",FRA,FRA,France,01/01/1970,,,,01/11/2012,05/12/2013,2985968
3051,San Sebastian,ESEAS,Sea,Unknown,Unknown,0,0,0,Unknown,Unknown,"43,32613","-1,9782",ESP,ESP,Spain,01/01/1970,,,,01/11/2012,05/12/2013,3110044
3052,Santander,ESSDR,Sea,Unknown,Unknown,0,0,0,Unknown,Unknown,"43,46253","-3,795",ESP,ESP,Spain,01/01/1970,,,,01/11/2012,05/12/2013,3109718
3053,Pweto,,Lake,Very Small,Open,0,0,0,Yes,Unknown,"-8,47917","28,8809",COD,COD,Democratic Republic of the Congo,18/08/2014,,,CO,01/11/2012,19/08/2014,206113
3054,Banana,,Sea,Very Small,Open,0,0,0,Unknown,Unknown,"-6,0022","12,40138",COD,COD,Democratic Republic of the Congo,18/08/2014,,,CO,01/11/2012,23/05/2017,2317418
3055,Port Of Turkmenbashi,,Sea,Unknown,Unknown,0,0,0,Unknown,Unknown,"40,00148","52,99736",TKM,TKM,Turkmenistan,01/01/1970,,,,01/11/2012,05/12/2013,601594
3056,Salerno,ITSAL,Sea,Unknown,Unknown,0,0,0,Unknown,Unknown,"40,67853","14,7531",ITA,ITA,Italy,01/01/1970,,,,01/11/2012,05/12/2013,3168673
3057,Malemba-N'Kulu,,River,Very Small,Unknown,0,0,0,Unknown,Unknown,"-8,05354","26,79653",COD,COD,Democratic Republic of the Congo,01/01/1970,,,,01/11/2012,05/12/2013,209856
3058,Kabala,,River,Very Small,Unknown,0,0,0,Unknown,Unknown,"-8,00193","26,85137",COD,COD,Democratic Republic of the Congo,01/01/1970,,,,01/11/2012,05/12/2013,215675
3059,Mulongo,,River,Very Small,Unknown,0,0,0,Unknown,Unknown,"-7,807","26,91306",COD,COD,Democratic Republic of the Congo,01/01/1970,,,,01/11/2012,05/12/2013,208182
3060,Gunung Sitoli,,Unknown,Very Small,Unknown,0,0,0,Unknown,Unknown,"1,3059","97,60955",IDN,IDN,Indonesia,01/01/1970,,,,01/11/2012,05/12/2013,1215102
3061,Belgorod-Dnestrovskiy,UABGD,Sea,Small,Open,0,0,0,No,Accurate,"46,18325","30,37314",UKR,UKR,Ukraine,02/03/2014,,,http://www.worldportsource.com,01/11/2012,02/03/2014,712160
3062,Nikolayev,UANIK,Sea,Large,Open,0,0,0,No,Accurate,"46,94221","31,9721",UKR,UKR,Ukraine,02/03/2014,,,http://www.worldportsource.com,01/11/2012,02/03/2014,700569
3063,Nantes,FRNTE,Sea,Unknown,Unknown,0,0,0,Unknown,Unknown,"47,20643","-1,5681",FRA,FRA,France,01/01/1970,,,,01/11/2012,05/12/2013,2990969
3064,Basel,CHBSL,Sea,Unknown,Unknown,0,0,0,Unknown,Unknown,"47,56673","7,5883",CHE,CHE,Switzerland,01/01/1970,,,,01/11/2012,05/12/2013,2661604
3065,Lorient,FRLRT,Sea,Unknown,Unknown,0,0,0,Unknown,Unknown,"47,75033","-3,3551",FRA,FRA,France,01/01/1970,,,,01/11/2012,05/12/2013,2997577
3066,Hennebont,FRHET,Sea,Unknown,Unknown,0,0,0,Unknown,Unknown,"47,81783","-3,2607",FRA,FRA,France,01/01/1970,,,,01/11/2012,05/12/2013,3013521
3067,Quimper,FRUIP,Sea,Unknown,Unknown,0,0,0,Unknown,Unknown,"47,97193","-4,1094",FRA,FRA,France,01/01/1970,,,,01/11/2012,05/12/2013,2984701
3068,Douarnenez,FRDRZ,Sea,Unknown,Unknown,0,0,0,Unknown,Unknown,"48,09913","-4,3426",FRA,FRA,France,01/01/1970,,,,01/11/2012,05/12/2013,3020996
3069,Tulagi,,Unknown,Very Small,Unknown,0,0,0,Unknown,Unknown,"-9,09881","160,14733",SLB,SLB,Solomon Islands,01/01/1970,,,,01/11/2012,05/12/2013,2102384
3070,Kabimba,,Lake,Very Small,Open,0,0,0,Yes,Unknown,"-5,55244","29,34838",COD,COD,Democratic Republic of the Congo,18/08/2014,,,CO,01/11/2012,19/08/2014,215531
3071,Calbayog,,Sea,Small,Open,0,0,0,Unknown,Unknown,"12,0666","124,59641",PHL,PHL,Philippines,01/01/1970,,,,01/11/2012,05/12/2013,1720402
3072,Kabumbulu,,River,Very Small,Unknown,0,0,0,Unknown,Unknown,"-7,68347","26,7925",COD,COD,Democratic Republic of the Congo,01/01/1970,,,,01/11/2012,05/12/2013,215414
3073,Bundala,,River,Very Small,Unknown,0,0,0,Unknown,Unknown,"-7,42952","26,95805",COD,COD,Democratic Republic of the Congo,01/01/1970,,,,01/11/2012,05/12/2013,212008
3074,Ankoro,,River,Very Small,Unknown,0,0,0,Unknown,Unknown,"-6,74647","26,95087",COD,COD,Democratic Republic of the Congo,01/01/1970,,,,01/11/2012,05/12/2013,220265
3075,Mayamba,,River,Very Small,Unknown,0,0,0,Unknown,Unknown,"-6,47391","16,73467",COD,COD,Democratic Republic of the Congo,01/01/1970,,,,01/11/2012,05/12/2013,2312950
3076,Malingu,,River,Very Small,Unknown,0,0,0,Unknown,Unknown,"-5,87762","16,58492",COD,COD,Democratic Republic of the Congo,01/01/1970,,,,01/11/2012,05/12/2013,8255753
3077,Dinga,,River,Very Small,Unknown,0,0,0,Unknown,Unknown,"-5,32504","16,5423",COD,COD,Democratic Republic of the Congo,01/01/1970,,,,01/11/2012,05/12/2013,2316079
3078,Lusanga,,River,Very Small,Unknown,0,0,0,Unknown,Unknown,"-5,23687","21,0729",COD,COD,Democratic Republic of the Congo,01/01/1970,,,,01/11/2012,05/12/2013,0
3079,Kingushi Amont,,River,Very Small,Unknown,0,0,0,Unknown,Unknown,"-5,0836","16,51654",COD,COD,Democratic Republic of the Congo,01/01/1970,,,,01/11/2012,05/12/2013,2314366
3080,Kapanga,,River,Very Small,Unknown,0,0,0,Unknown,Unknown,"-5,06527","16,9529",COD,COD,Democratic Republic of the Congo,01/01/1970,,,,01/11/2012,05/12/2013,2315076
3081,Batempa,,River,Very Small,Unknown,0,0,0,Unknown,Unknown,"-5,05577","23,7821",COD,COD,Democratic Republic of the Congo,01/01/1970,,,,01/11/2012,05/12/2013,0
3082,Kingushi Aval,,River,Very Small,Unknown,0,0,0,Unknown,Unknown,"-4,99577","16,5421",COD,COD,Democratic Republic of the Congo,01/01/1970,,,,01/11/2012,05/12/2013,2314366
3083,Bena Makina,,River,Very Small,Unknown,0,0,0,Unknown,Unknown,"-4,97277","21,0755",COD,COD,Democratic Republic of the Congo,01/01/1970,,,,01/11/2012,05/12/2013,219147
3084,Kunde,,River,Very Small,Unknown,0,0,0,Unknown,Unknown,"-4,87387","16,5353",COD,COD,Democratic Republic of the Congo,01/01/1970,,,,01/11/2012,05/12/2013,0
3085,Kenge,,River,Very Small,Unknown,0,0,0,Unknown,Unknown,"-4,86607","16,9811",COD,COD,Democratic Republic of the Congo,01/01/1970,,,,01/11/2012,05/12/2013,2314937
3086,Lusanga,,River,Very Small,Unknown,0,0,0,Unknown,Unknown,"-4,83697","18,7381",COD,COD,Democratic Republic of the Congo,01/01/1970,,,,01/11/2012,05/12/2013,2313291
3087,Malembe,,River,Very Small,Unknown,0,0,0,Unknown,Unknown,"-4,41372","20,6371",COD,COD,Democratic Republic of the Congo,01/01/1970,,,,01/11/2012,05/12/2013,209851
3088,Malloco Bay,,Unknown,Very Small,Unknown,0,0,0,Unknown,Unknown,"-7,57068","156,6014",SLB,SLB,Solomon Islands,01/01/1970,,,,01/11/2012,20/01/2015,2106857
3089,Masindi,,Lake,Unknown,Unknown,0,0,0,Unknown,Unknown,"1,68588","32,10827",UGA,UGA,Uganda,01/01/1970,,,,01/11/2012,05/12/2013,229361
3090,Inongo,,Lake,Very Small,Open,0,0,0,Yes,Unknown,"-1,94319","18,26779",COD,COD,Democratic Republic of the Congo,18/08/2014,,,CO,01/11/2012,19/08/2014,2315417
3091,Pomoyo,,River,Very Small,Unknown,0,0,0,Unknown,Unknown,"-4,17577","16,5263",COD,COD,Democratic Republic of the Congo,01/01/1970,,,,01/11/2012,05/12/2013,2311686
3092,Butala,,River,Very Small,Unknown,0,0,0,No,Unknown,"-4,12267","20,9085",COD,COD,Democratic Republic of the Congo,01/01/1970,,,,01/11/2012,16/04/2014,217567
3093,Maluku,,River,Very Small,Unknown,0,0,0,No,Unknown,"-4,05548","15,55329",COD,COD,Democratic Republic of the Congo,01/01/1970,,,,01/11/2012,16/04/2014,2313120
3094,Monkoto,,River,Very Small,Unknown,0,0,0,Unknown,Unknown,"-1,62997","20,6751",COD,COD,Democratic Republic of the Congo,01/01/1970,,,,01/11/2012,05/12/2013,208694
3095,Dokese,,River,Very Small,Unknown,0,0,0,Unknown,Unknown,"-1,61507","18,4821",COD,COD,Democratic Republic of the Congo,01/01/1970,,,,01/11/2012,05/12/2013,2316005
3096,Djombo,,River,Very Small,Unknown,0,0,0,Unknown,Unknown,"1,32643","20,3651",COD,COD,Democratic Republic of the Congo,01/01/1970,,,,01/11/2012,05/12/2013,217126
3097,Kailanga,,River,Very Small,Unknown,0,0,0,Unknown,Unknown,"1,33133","21,7621",COD,COD,Democratic Republic of the Congo,01/01/1970,,,,01/11/2012,05/12/2013,215211
3098,Libanda,,River,Very Small,Unknown,0,0,0,Unknown,Unknown,"1,42903","18,4119",COD,COD,Democratic Republic of the Congo,01/01/1970,,,,01/11/2012,05/12/2013,2313769
3099,Bosenge,,River,Very Small,Unknown,0,0,0,Unknown,Unknown,"1,49813","22,2915",COD,COD,Democratic Republic of the Congo,01/01/1970,,,,01/11/2012,05/12/2013,218086
3100,Bongandanga,,River,Very Small,Unknown,0,0,0,Unknown,Unknown,"1,52333","21,0475",COD,COD,Democratic Republic of the Congo,01/01/1970,,,,01/11/2012,05/12/2013,218229
3101,Mabunde,,River,Very Small,Unknown,0,0,0,Unknown,Unknown,"1,53633","21,2463",COD,COD,Democratic Republic of the Congo,01/01/1970,,,,01/11/2012,05/12/2013,0
3102,Bolafa,,River,Very Small,Unknown,0,0,0,Unknown,Unknown,"1,54493","22,1067",COD,COD,Democratic Republic of the Congo,01/01/1970,,,,01/11/2012,05/12/2013,218456
3103,Makanza,,River,Very Small,Unknown,0,0,0,No,Unknown,"1,56923","19,1453",COD,COD,Democratic Republic of the Congo,01/01/1970,,,,01/11/2012,16/04/2014,2313174
3104,Arguineguin,ESARI,Sea,Unknown,Unknown,0,0,0,Unknown,Unknown,"27,75253","-15,6597",ESP,ESP,Spain,01/01/1970,,,,01/11/2012,19/01/2015,2515638
3105,Marromeu,,Unknown,Very Small,Unknown,0,0,0,Unknown,Unknown,"-18,28947","35,9393",MOZ,MOZ,Mozambique,01/01/1970,Marromeu: (I) -No Vessel Restriction- (Ii) -Truck Access - (Iii) -Network Coverage-(Iv)-No Hazard To Navigation--Operational,,,01/11/2012,05/12/2013,1040397
3106,Mopeia,,Unknown,Very Small,Unknown,0,0,0,Unknown,Unknown,"-18,02367","35,6615",MOZ,MOZ,Mozambique,01/01/1970,Mopeia:- (I) -No Vessel Restriction- (Ii) -Truck Access- (Iii) -No Network Coverage- (Iv) -No Hazard To Navigation--Operational,,,01/11/2012,05/12/2013,1037108
3107,Chupanga,,Unknown,Very Small,Unknown,0,0,0,Unknown,Unknown,"-18,00797","35,5447",MOZ,MOZ,Mozambique,01/01/1970,Chupanga: (I) -No Vessel Restriction- (Ii) -Truck Access- (Iii) -Network Coverage- (Iv) -No Hazard To Navigation--Operational,,,01/11/2012,05/12/2013,1044165
3108,Caia,,Unknown,Very Small,Unknown,0,0,0,Unknown,Unknown,"-17,81787","35,3833",MOZ,MOZ,Mozambique,01/01/1970,Caia: (I) -No Vessel Restriction- (Ii) -Truck Access- (Iii) -Network Coverage- (Iv) -No Hazard To Navigation--Operational,,,01/11/2012,05/12/2013,1024692
3109,Paris,FRPAR,Sea,Unknown,Unknown,0,0,0,Unknown,Unknown,"48,86043","2,3393",FRA,FRA,France,01/01/1970,,,,01/11/2012,05/12/2013,2988507
3110,Gennevilliers,FRGVL,Sea,Unknown,Unknown,0,0,0,Unknown,Unknown,"48,94453","2,3189",FRA,FRA,France,01/01/1970,,,,01/11/2012,05/12/2013,3016321
3111,Salinetas,ESSAT,Sea,Unknown,Unknown,0,0,0,Unknown,Unknown,"27,96223","-15,3839",ESP,ESP,Spain,01/01/1970,,,,01/11/2012,19/01/2015,2513952
3112,Lezardrieux,FRLEZ,Sea,Unknown,Unknown,0,0,0,Unknown,Unknown,"48,78813","-3,0481",FRA,FRA,France,01/01/1970,,,,01/11/2012,05/12/2013,2998663
3113,Treguier,FRTRE,Sea,Unknown,Unknown,0,0,0,Unknown,Unknown,"48,79173","-3,2292",FRA,FRA,France,01/01/1970,,,,01/11/2012,05/12/2013,2971929
3114,Malta (Valetta),MTMLA,Sea,Unknown,Unknown,0,0,0,Unknown,Unknown,"35,89553","14,5147",MLT,MLT,Malta,01/01/1970,,,,01/11/2012,05/12/2013,2562305
3115,Rota,ESROT,Sea,Unknown,Unknown,0,0,0,Unknown,Unknown,"36,62093","-6,3528",ESP,ESP,Spain,01/01/1970,,,,01/11/2012,05/12/2013,2511700
3116,Adra,ESADR,Sea,Unknown,Unknown,0,0,0,Unknown,Unknown,"36,75033","-3,0141",ESP,ESP,Spain,01/01/1970,,,,01/11/2012,05/12/2013,2522430
3117,Kalimnos Island,GRKMI,Sea,Unknown,Unknown,0,0,0,Unknown,Unknown,"36,95253","26,9965",GRC,GRC,Greece,01/01/1970,,,,01/11/2012,05/12/2013,261507
3118,Faro,PTFAO,Sea,Unknown,Unknown,0,0,0,Unknown,Unknown,"37,01363","-7,9416",PRT,PRT,Portugal,01/01/1970,,,,01/11/2012,05/12/2013,2268339
3119,Siracusa,ITSIR,Sea,Unknown,Unknown,0,0,0,Unknown,Unknown,"37,06073","15,2933",ITA,ITA,Italy,01/01/1970,,,,01/11/2012,05/12/2013,2523083
3120,Portimao,PTPRM,Sea,Unknown,Unknown,0,0,0,Unknown,Unknown,"37,13053","-8,5284",PRT,PRT,Portugal,01/01/1970,,,,01/11/2012,05/12/2013,2264456
3121,Ayamonte,ESAYA,Sea,Unknown,Unknown,0,0,0,Unknown,Unknown,"37,21443","-7,4069",ESP,ESP,Spain,01/01/1970,,,,01/11/2012,05/12/2013,2521456
3122,Sevilla (Seville),ESSVQ,Sea,Unknown,Unknown,0,0,0,Unknown,Unknown,"37,36983","-5,9919",ESP,ESP,Spain,01/01/1970,,,,01/11/2012,05/12/2013,2510911
3123,Lavrion (Laurium),GRLAV,Sea,Unknown,Unknown,0,0,0,Unknown,Unknown,"37,71473","24,0631",GRC,GRC,Greece,01/01/1970,,,,01/11/2012,05/12/2013,258543
3124,Ponta Delgada,PTPDL,Sea,Unknown,Unknown,0,0,0,Unknown,Unknown,"37,73733","-25,6585",PRT,PRT,Azores Islands,01/01/1970,,,,01/11/2012,05/12/2013,3372783
3125,Isthmia,GRITM,Sea,Unknown,Unknown,0,0,0,Unknown,Unknown,"37,91593","23,0151",GRC,GRC,Greece,01/01/1970,,,,01/11/2012,05/12/2013,261721
3126,Agio Theodoroi,GRAGT,Sea,Unknown,Unknown,0,0,0,Unknown,Unknown,"37,91733","23,0831",GRC,GRC,Greece,01/01/1970,,,,01/11/2012,05/12/2013,264068
3127,Ithaki (Ithaca),GRITH,Sea,Unknown,Unknown,0,0,0,Unknown,Unknown,"38,32933","20,7481",GRC,GRC,Greece,01/01/1970,,,,01/11/2012,05/12/2013,261708
3128,Horta,PTHOR,Sea,Unknown,Unknown,0,0,0,Unknown,Unknown,"38,53473","-28,627",PRT,PRT,Azores Islands,01/01/1970,,,,01/11/2012,05/12/2013,3372988
3129,Kymi (Kimi),GRKIM,Sea,Unknown,Unknown,0,0,0,Unknown,Unknown,"38,62773","24,1251",GRC,GRC,Greece,01/01/1970,,,,01/11/2012,05/12/2013,259806
3130,Cascais,PTCAS,Sea,Unknown,Unknown,0,0,0,Unknown,Unknown,"38,69993","-9,4079",PRT,PRT,Portugal,01/01/1970,,,,01/11/2012,05/12/2013,2269594
3131,Limni,GRLII,Sea,Unknown,Unknown,0,0,0,Unknown,Unknown,"38,76473","23,3205",GRC,GRC,Greece,01/01/1970,,,,01/11/2012,05/12/2013,258306
3132,Levkas,GRLEV,Sea,Unknown,Unknown,0,0,0,Unknown,Unknown,"38,83363","20,6923",GRC,GRC,Greece,01/01/1970,,,,01/11/2012,19/01/2015,999999999
3133,Denia,ESDNA,Sea,Unknown,Unknown,0,0,0,Unknown,Unknown,"38,83613","0,1185",ESP,ESP,Spain,01/01/1970,,,,01/11/2012,05/12/2013,2518878
3134,Achladi,GRACL,Sea,Unknown,Unknown,0,0,0,Unknown,Unknown,"38,89253","22,8227",GRC,GRC,Greece,01/01/1970,,,,01/11/2012,19/01/2015,999999999
3135,Stylis,GRSYS,Sea,Unknown,Unknown,0,0,0,Unknown,Unknown,"38,91103","22,6093",GRC,GRC,Greece,01/01/1970,,,,01/11/2012,05/12/2013,253170
3136,Porto Foxi (Sarroch),ITPFX,Sea,Unknown,Unknown,0,0,0,Unknown,Unknown,"39,09023","9,0169",ITA,ITA,Italy,01/01/1970,,,,01/11/2012,05/12/2013,2523222
3137,Skopelos,GRSKO,Sea,Unknown,Unknown,0,0,0,Unknown,Unknown,"39,12513","23,7355",GRC,GRC,Greece,01/01/1970,,,,01/11/2012,05/12/2013,253581
3138,Otranto,ITOTO,Sea,Unknown,Unknown,0,0,0,Unknown,Unknown,"40,13393","18,5041",ITA,ITA,Italy,01/01/1970,,,,01/11/2012,05/12/2013,3171785
3139,Figueira Da Foz,PTFDF,Sea,Unknown,Unknown,0,0,0,Unknown,Unknown,"40,14933","-8,8603",PRT,PRT,Portugal,01/01/1970,,,,01/11/2012,05/12/2013,2739590
3140,Yerakini,GRYER,Sea,Unknown,Unknown,0,0,0,Unknown,Unknown,"40,27033","23,4649",GRC,GRC,Greece,01/01/1970,,,,01/11/2012,05/12/2013,733787
3141,Vinaroz,ESVZR,Sea,Unknown,Unknown,0,0,0,Unknown,Unknown,"40,47953","0,4811",ESP,ESP,Spain,01/01/1970,,,,01/11/2012,05/12/2013,3104584
3142,Alcacer,ESAQE,Sea,Unknown,Unknown,0,0,0,Unknown,Unknown,"40,53023","0,5161",ESP,ESP,Spain,01/01/1970,,,,01/11/2012,05/12/2013,3130608
3143,San Carlos De La Rapita,ESSCR,Sea,Unknown,Unknown,0,0,0,Unknown,Unknown,"40,61593","0,5931",ESP,ESP,Spain,01/01/1970,,,,01/11/2012,05/12/2013,3110821
3144,Torre Annunziata,ITTOA,Sea,Unknown,Unknown,0,0,0,Unknown,Unknown,"40,69733","14,4701",ITA,ITA,Italy,01/01/1970,,,,01/11/2012,05/12/2013,3165475
3145,Portici,ITPTC,Sea,Unknown,Unknown,0,0,0,Unknown,Unknown,"40,83673","14,2587",ITA,ITA,Italy,01/01/1970,,,,01/11/2012,05/12/2013,3170116
3146,Keramoti,GRKER,Sea,Unknown,Unknown,0,0,0,Unknown,Unknown,"40,87123","24,7197",GRC,GRC,Greece,01/01/1970,,,,01/11/2012,05/12/2013,735821
3147,Olbia (Terranova),ITOLB,Sea,Unknown,Unknown,0,0,0,Unknown,Unknown,"40,92593","9,5069",ITA,ITA,Italy,01/01/1970,,,,01/11/2012,16/01/2015,999999999
3148,Tarragona,ESTAR,Sea,Unknown,Unknown,0,0,0,Unknown,Unknown,"41,11093","1,2407",ESP,ESP,Spain,01/01/1970,,,,01/11/2012,05/12/2013,3108288
3149,Bari,ITBRI,Sea,Unknown,Unknown,0,0,0,Unknown,Unknown,"41,13093","16,8501",ITA,ITA,Italy,01/01/1970,,,,01/11/2012,05/12/2013,3182351
3150,Calvi,FRCLY,Sea,Unknown,Unknown,0,0,0,Unknown,Unknown,"42,57473","8,7559",FRA,FRA,France,01/01/1970,,,,01/11/2012,05/12/2013,3029090
3151,Villagarcia  (De Arosa),ESVIL,Sea,Unknown,Unknown,0,0,0,Unknown,Unknown,"42,60173","-8,7655",ESP,ESP,Spain,01/01/1970,,,,01/11/2012,05/12/2013,3105575
3152,Marseille,FRMRS,Sea,Unknown,Unknown,0,0,0,Unknown,Unknown,"43,30323","5,3699",FRA,FRA,France,01/01/1970,,,,01/11/2012,05/12/2013,2995469
3153,Tan Tan,,Sea,Unknown,Unknown,0,0,0,Unknown,Unknown,"28,45903","-11,29669",MAR,MAR,Morocco,01/01/1970,,,,01/11/2012,28/08/2014,2530241
3154,Ruse,BGRDU,Sea,Unknown,Unknown,0,0,0,Unknown,Unknown,"43,85683","25,9493",ROU,ROU,Bulgaria,01/01/1970,,,,01/11/2012,20/01/2015,727523
3155,Basarabi,ROBAB,Sea,Unknown,Unknown,0,0,0,Unknown,Unknown,"44,12043","28,4781",ROU,ROU,Romania,01/01/1970,,,,01/11/2012,20/01/2015,672620
3156,Sevastopol,UASVP,Sea,Large,Open,0,0,0,No,Accurate,"44,60713","33,5291",UKR,UKR,Ukraine,02/03/2014,,,http://www.worldportsource.com,01/11/2012,02/03/2014,694423
3157,Bordeaux,FRBOD,Sea,Unknown,Unknown,0,0,0,Unknown,Unknown,"44,83973","-0,5656",FRA,FRA,France,01/01/1970,,,,01/11/2012,05/12/2013,3031582
3158,Mutsuogawara,,Sea,Unknown,Unknown,0,0,0,Unknown,Unknown,"40,92882","141,38306",JPN,JPN,Japan,01/01/1970,,,,01/11/2012,19/01/2015,999999999
3159,St Helier,GBSTH,Sea,Unknown,Unknown,0,0,0,Unknown,Unknown,"49,18333","-2,0995",JEY,JEY,Jersey,01/01/1970,,,,01/11/2012,05/12/2013,3042091
3160,Portland,GBPTL,Sea,Unknown,Unknown,0,0,0,Unknown,Unknown,"50,56173","-2,4574",GBR,GBR,U.K. of Great Britain and Northern Ireland,01/01/1970,,,,01/11/2012,05/12/2013,6692041
3161,Sidi Ifni,,Sea,Unknown,Unknown,0,0,0,Unknown,Unknown,"29,3582","-10,19087",MAR,MAR,Morocco,01/01/1970,,,,01/11/2012,05/12/2013,2534515
3162,Harlingen,NLHAR,Sea,Unknown,Unknown,0,0,0,Unknown,Unknown,"53,16023","5,4153",NLD,NLD,Netherlands,01/01/1970,,,,01/11/2012,05/12/2013,2754817
3163,Kilwa,,Lake,Very Small,Open,0,0,0,Yes,Unknown,"-9,25157","28,3283",COD,COD,Democratic Republic of the Congo,18/08/2014,,,CO,01/11/2012,19/08/2014,212987
3164,Bikoro,,Lake,Very Small,Open,0,0,0,Yes,Unknown,"-0,73173","18,127",COD,COD,Democratic Republic of the Congo,18/08/2014,,,CO,01/11/2012,19/08/2014,2317110
3165,Kimpasa,,River,Very Small,Unknown,0,0,0,Unknown,Unknown,"-4,68737","16,5521",COD,COD,Democratic Republic of the Congo,01/01/1970,,,,01/11/2012,05/12/2013,0
3166,Makayabo,,River,Very Small,Unknown,0,0,0,Unknown,Unknown,"-4,62247","20,9303",COD,COD,Democratic Republic of the Congo,01/01/1970,,,,01/11/2012,05/12/2013,0
3167,Dunda,,River,Very Small,Unknown,0,0,0,Unknown,Unknown,"-4,55107","17,6881",COD,COD,Democratic Republic of the Congo,01/01/1970,,,,01/11/2012,05/12/2013,8445561
3168,N'Gi,,River,Very Small,Unknown,0,0,0,Unknown,Unknown,"-4,41667","17,1637",COD,COD,Democratic Republic of the Congo,01/01/1970,,,,01/11/2012,05/12/2013,2312039
3169,Tshimbane,,River,Very Small,Unknown,0,0,0,Unknown,Unknown,"-4,01707","18,2001",COD,COD,Democratic Republic of the Congo,01/01/1970,,,,01/11/2012,05/12/2013,2311101
3170,N'Ta,,River,Very Small,Unknown,0,0,0,Unknown,Unknown,"-3,98197","17,9751",COD,COD,Democratic Republic of the Congo,01/01/1970,,,,01/11/2012,05/12/2013,2311874
3171,Fayala,,River,Very Small,Unknown,0,0,0,Unknown,Unknown,"-3,94307","17,1933",COD,COD,Democratic Republic of the Congo,01/01/1970,,,,01/11/2012,05/12/2013,2315823
3172,Bagata,,River,Very Small,Unknown,0,0,0,Unknown,Unknown,"-3,73217","17,9519",COD,COD,Democratic Republic of the Congo,01/01/1970,,,,01/11/2012,05/12/2013,2317500
3173,Eolo,,River,Very Small,Unknown,0,0,0,No,Unknown,"-3,69517","18,91101",COD,COD,Democratic Republic of the Congo,01/01/1970,,,,01/11/2012,16/04/2014,2315868
3174,Uvira,,Lake,Very Small,Open,0,0,0,Yes,Unknown,"-3,4418","29,1296",COD,COD,Democratic Republic of the Congo,18/08/2014,Altername: Kivovo,,CO,01/11/2012,19/08/2014,204405
3175,Kihara,,River,Very Small,Unknown,0,0,0,No,Unknown,"-2,15745","29,01276",COD,COD,Democratic Republic of the Congo,01/01/1970,,,,01/11/2012,16/04/2014,0
3176,Muguza,,River,Very Small,Unknown,0,0,0,Unknown,Unknown,"-2,22193","29,0945",COD,COD,Democratic Republic of the Congo,01/01/1970,,,,01/11/2012,05/12/2013,217851
3177,Renk,,River,Very Small,Open,0,0,0,Yes,Unknown,"11,74785","32,78877",SSD,SSD,South Sudan,01/01/1970,,,,07/07/2013,24/01/2014,378487
3178,Kabwirwa,,River,Very Small,Unknown,0,0,0,Unknown,Unknown,"-2,18078","29,09044",COD,COD,Democratic Republic of the Congo,01/01/1970,,,,01/11/2012,05/12/2013,215509
3179,De Bwina,,River,Very Small,Unknown,0,0,0,Unknown,Unknown,"-2,26658","29,05394",COD,COD,Democratic Republic of the Congo,01/01/1970,,,,01/11/2012,05/12/2013,0
3180,Kikundi,,River,Very Small,Unknown,0,0,0,Unknown,Unknown,"-4,67728","18,73",COD,COD,Democratic Republic of the Congo,01/01/1970,,,,01/11/2012,05/12/2013,2314775
3181,Mosango,,River,Very Small,Unknown,0,0,0,Unknown,Unknown,"-4,73182","18,75483",COD,COD,Democratic Republic of the Congo,01/01/1970,,,,01/11/2012,05/12/2013,2312516
3182,Blyth,GBBLY,Sea,Unknown,Unknown,0,0,0,Unknown,Unknown,"55,13093","-1,5087",GBR,GBR,U.K. of Great Britain and Northern Ireland,01/01/1970,,,,01/11/2012,05/12/2013,2655315
3183,Haderslev,DKHAD,Sea,Unknown,Unknown,0,0,0,Unknown,Unknown,"55,25233","9,5157",DNK,DNK,Denmark,01/01/1970,,,,01/11/2012,05/12/2013,2620964
3184,Perth,GBPER,Sea,Unknown,Unknown,0,0,0,Unknown,Unknown,"56,39003","-3,4269",GBR,GBR,U.K. of Great Britain and Northern Ireland,01/01/1970,,,,01/11/2012,05/12/2013,2640358
3185,Grenaa,DKGRE,Sea,Unknown,Unknown,0,0,0,Unknown,Unknown,"56,41053","10,9257",DNK,DNK,Denmark,01/01/1970,,,,01/11/2012,05/12/2013,2621230
3186,Bastad,SEBAS,Sea,Unknown,Unknown,0,0,0,Unknown,Unknown,"56,42733","12,8727",SWE,SWE,Sweden,01/01/1970,,,,01/11/2012,05/12/2013,2723287
3187,Arboga,SEARA,Sea,Unknown,Unknown,0,0,0,Unknown,Unknown,"59,39173","15,8507",SWE,SWE,Sweden,01/01/1970,,,,01/11/2012,05/12/2013,2725471
3188,Tallinn,EETLL,Sea,Unknown,Unknown,0,0,0,Unknown,Unknown,"59,45413","24,7479",EST,EST,Estonia,01/01/1970,,,,01/11/2012,05/12/2013,588409
3189,Gruvon,SEGRU,Sea,Unknown,Unknown,0,0,0,Unknown,Unknown,"59,33433","13,1089",SWE,SWE,Sweden,01/01/1970,,,,01/11/2012,05/12/2013,2710226
3190,Lyngor,NOLNG,Sea,Unknown,Unknown,0,0,0,Unknown,Unknown,"58,64193","9,1221",NOR,NOR,Norway,01/01/1970,,,,01/11/2012,05/12/2013,3146671
3191,Risor,NORIS,Sea,Unknown,Unknown,0,0,0,Unknown,Unknown,"58,71413","9,2385",NOR,NOR,Norway,01/01/1970,,,,01/11/2012,05/12/2013,3141747
3192,Tonsberg,NOTON,Sea,Unknown,Unknown,0,0,0,Unknown,Unknown,"59,25973","10,4257",NOR,NOR,Norway,01/01/1970,,,,01/11/2012,05/12/2013,3134331
3193,Honsater,SEHON,Sea,Unknown,Unknown,0,0,0,Unknown,Unknown,"58,63353","13,4471",SWE,SWE,Sweden,01/01/1970,,,,01/11/2012,05/12/2013,2705069
3194,Kungsor,SEKGR,Sea,Unknown,Unknown,0,0,0,Unknown,Unknown,"59,42713","16,1209",SWE,SWE,Sweden,01/01/1970,,,,01/11/2012,05/12/2013,2698681
3195,Lidkoping,SELDK,Sea,Unknown,Unknown,0,0,0,Unknown,Unknown,"58,50053","13,1977",SWE,SWE,Sweden,01/01/1970,,,,01/11/2012,05/12/2013,2696329
3196,Otterbacken,SEOTT,Sea,Unknown,Unknown,0,0,0,Unknown,Unknown,"58,95643","14,0437",SWE,SWE,Sweden,01/01/1970,,,,01/11/2012,05/12/2013,2685128
3197,Svelgen,NOSVE,Sea,Unknown,Unknown,0,0,0,Unknown,Unknown,"61,76783","5,2939",NOR,NOR,Norway,01/01/1970,,,,01/11/2012,05/12/2013,3135132
3198,Balsta,SEBAA,Sea,Unknown,Unknown,0,0,0,Unknown,Unknown,"59,55453","17,5597",SWE,SWE,Sweden,01/01/1970,,,,01/11/2012,05/12/2013,2723567
3199,Enkoping,SEENK,Sea,Unknown,Unknown,0,0,0,Unknown,Unknown,"59,60463","17,0733",SWE,SWE,Sweden,01/01/1970,,,,01/11/2012,05/12/2013,2716166
3200,Skanevik,NOSEI,Sea,Unknown,Unknown,0,0,0,Unknown,Unknown,"59,73433","5,9343",NOR,NOR,Norway,01/01/1970,,,,01/11/2012,05/12/2013,3139380
3201,Karskar,SEKAS,Sea,Unknown,Unknown,0,0,0,Unknown,Unknown,"60,68093","17,2755",SWE,SWE,Sweden,01/01/1970,,,,01/11/2012,20/01/2015,999999999
3202,Norrtalje,SENOE,Sea,Unknown,Unknown,0,0,0,Unknown,Unknown,"59,75703","18,7301",SWE,SWE,Sweden,01/01/1970,,,,01/11/2012,05/12/2013,2688250
3203,Pitea,SEPIT,Sea,Unknown,Unknown,0,0,0,Unknown,Unknown,"65,31813","21,5093",SWE,SWE,Sweden,01/01/1970,,,,01/11/2012,05/12/2013,603570
3204,Ronnskar,SEROR,Sea,Unknown,Unknown,0,0,0,Unknown,Unknown,"64,67093","21,2745",SWE,SWE,Sweden,01/01/1970,,,,01/11/2012,05/12/2013,603280
3205,Homs,,Sea,Small,Unknown,0,0,0,Unknown,Unknown,"32,67771","14,24434",LBY,LBY,Libya,01/01/1970,,,,01/11/2012,06/04/2017,2219905
3206,Ras El Hilal,,Sea,Small,Unknown,0,0,0,Unknown,Unknown,"32,9127","22,17129",LBY,LBY,Libya,01/01/1970,,,,01/11/2012,06/04/2017,9963219
3207,Kuji,,Sea,Unknown,Unknown,0,0,0,Unknown,Unknown,"40,19425","141,79968",JPN,JPN,Japan,01/01/1970,,,,01/11/2012,05/12/2013,2129427
3208,Sendai,,Sea,Unknown,Unknown,0,0,0,Unknown,Unknown,"38,27451","141,00557",JPN,JPN,Japan,01/01/1970,,,,01/11/2012,19/01/2015,8555918
3209,Dajla,,Sea,Unknown,Unknown,0,0,0,Unknown,Unknown,"23,67927","-15,94824",ESH,ESH,Western Sahara,01/01/1970,,,,01/11/2012,19/01/2015,2463447
3210,Otsuchi,,Sea,Unknown,Unknown,0,0,0,Unknown,Unknown,"39,35567","141,91486",JPN,JPN,Japan,01/01/1970,,,,01/11/2012,05/12/2013,2111310
3211,El Ma'an,,Sea,Very Small,Unknown,0,0,0,Unknown,Unknown,"2,17793","45,59413",SOM,SOM,Somalia,01/01/1970,,,,01/11/2012,15/03/2017,53654
3212,Al Khoms,,Sea,Very Small,Unknown,0,0,0,Unknown,Unknown,"32,65465","14,27386",LBY,LBY,Libya,01/01/1970,,,,01/11/2012,06/04/2017,2219905
3213,Soraker,SESOR,Sea,Unknown,Unknown,0,0,0,Unknown,Unknown,"62,50273","17,5115",SWE,SWE,Sweden,01/01/1970,,,,01/11/2012,05/12/2013,2675280
3214,Kish Island,,Sea,Unknown,Unknown,0,0,0,Unknown,Unknown,"26,56285","54,00491",IRN,IRN,Iran (Islamic Republic of),01/01/1970,,,,01/11/2012,05/12/2013,126914
3215,Skelleftea,SESFT,Sea,Unknown,Unknown,0,0,0,Unknown,Unknown,"64,74913","20,9987",SWE,SWE,Sweden,01/01/1970,,,,01/11/2012,05/12/2013,602913
3216,Umea,SEUME,Sea,Unknown,Unknown,0,0,0,Unknown,Unknown,"63,80893","20,2809",SWE,SWE,Sweden,01/01/1970,,,,01/11/2012,05/12/2013,602150
3217,Hafnarfjordur,ISHAF,Sea,Unknown,Unknown,0,0,0,Unknown,Unknown,"64,06393","-21,9453",ISL,ISL,Iceland,01/01/1970,,,,01/11/2012,05/12/2013,3416706
3218,Patreksfjordur - Hofn,ISPAT,Sea,Unknown,Unknown,0,0,0,Unknown,Unknown,"65,57933","-23,9748",ISL,ISL,Iceland,01/01/1970,,,,01/11/2012,05/12/2013,3412173
3219,Mo I Rana,NOMQN,Sea,Unknown,Unknown,0,0,0,Unknown,Unknown,"66,32913","14,1711",NOR,NOR,Norway,01/01/1970,,,,01/11/2012,05/12/2013,3145614
3220,Sortland,NOSLX,Sea,Unknown,Unknown,0,0,0,Unknown,Unknown,"66,70723","15,4651",NOR,NOR,Norway,01/01/1970,,,,01/11/2012,16/01/2015,999999999
3221,Glomfjord,NOGLO,Sea,Unknown,Unknown,0,0,0,Unknown,Unknown,"66,80313","13,9857",NOR,NOR,Norway,01/01/1970,,,,01/11/2012,05/12/2013,3155487
3222,Finnsnes,NOFNE,Sea,Unknown,Unknown,0,0,0,Unknown,Unknown,"69,23633","18,0421",NOR,NOR,Norway,01/01/1970,,,,01/11/2012,05/12/2013,3157549
3223,Vestvagoy,NOVVY,Sea,Unknown,Unknown,0,0,0,Unknown,Unknown,"68,16493","13,7933",NOR,NOR,Norway,01/01/1970,,,,01/11/2012,16/01/2015,999999999
3224,Bronnoysund,NOBNN,Sea,Unknown,Unknown,0,0,0,Unknown,Unknown,"65,45863","12,1927",NOR,NOR,Norway,01/01/1970,,,,01/11/2012,05/12/2013,3159954
3225,Brunsbuttel,DEBRB,Sea,Unknown,Unknown,0,0,0,Unknown,Unknown,"53,88993","9,1575",DEU,DEU,Germany,01/01/1970,,,,01/11/2012,05/12/2013,2943049
3226,Gaza,,Sea,Small,Open,0,0,0,Unknown,Accurate,"31,52247","34,43192",PSE,PSE,Gaza Strip,01/01/1970,,,,01/11/2012,30/07/2014,281133
3227,Vanga,,River,Unknown,Unknown,0,0,0,Unknown,Unknown,"-4,65881","39,2196",KEN,KEN,Kenya,01/01/1970,,,,01/11/2012,05/12/2013,178575
3228,Bukama,,River,Very Small,Open,0,0,0,Yes,Unknown,"-9,19588","25,85109",COD,COD,Democratic Republic of the Congo,18/08/2014,,,CO,01/11/2012,19/08/2014,217834
3229,Muyumba,,River,Very Small,Open,0,0,0,Yes,Unknown,"-7,21298","27,02895",COD,COD,Democratic Republic of the Congo,18/08/2014,,,CO,01/11/2012,19/08/2014,207742
3230,Port Of Oskemen,,River,Unknown,Unknown,0,0,0,Unknown,Unknown,"49,94178","82,65294",KAZ,KAZ,Kazakhstan,01/01/1970,,,,01/11/2012,19/01/2015,1520316
3231,Kialo,,River,Very Small,Open,0,0,0,Yes,Unknown,"-6,29577","26,9245",COD,COD,Democratic Republic of the Congo,18/08/2014,,,CO,01/11/2012,19/08/2014,213405
3232,Kabalo,,River,Very Small,Open,0,0,0,Yes,Unknown,"-6,05002","26,91013",COD,COD,Democratic Republic of the Congo,18/08/2014,,,CO,01/11/2012,19/08/2014,215668
3233,Nijniy Pyanj,,River,Unknown,Unknown,0,0,0,Unknown,Unknown,"37,19448","68,59812",TJK,TJK,Afghanistan,01/01/1970,,,,01/11/2012,05/12/2013,1220910
3234,Djoku-Punda,,River,Very Small,Open,0,0,0,Yes,Unknown,"-5,58737","20,9179",COD,COD,Democratic Republic of the Congo,18/08/2014,,,CO,01/11/2012,19/08/2014,217137
3235,Mapangu,,River,Very Small,Open,0,0,0,Yes,Unknown,"-5,4454","20,98516",COD,COD,Democratic Republic of the Congo,18/08/2014,,,CO,01/11/2012,19/08/2014,8277276
3236,Luebo,,River,Very Small,Open,0,0,0,Yes,Unknown,"-5,33097","21,4097",COD,COD,Democratic Republic of the Congo,18/08/2014,,,CO,01/11/2012,19/08/2014,210939
3237,Pania-Mutombo,,River,Very Small,Open,0,0,0,Yes,Unknown,"-5,18297","23,8501",COD,COD,Democratic Republic of the Congo,18/08/2014,,,CO,01/11/2012,19/08/2014,206396
3238,Kimbao,,River,Very Small,Open,0,0,0,Yes,Unknown,"-5,11297","17,6421",COD,COD,Democratic Republic of the Congo,18/08/2014,,,CO,01/11/2012,19/08/2014,2314618
3239,Ipaka,,River,Very Small,Open,0,0,0,Yes,Unknown,"-4,98107","17,5151",COD,COD,Democratic Republic of the Congo,18/08/2014,,,CO,01/11/2012,19/08/2014,2315402
3240,Kalonda,,River,Very Small,Open,0,0,0,Yes,Unknown,"-4,79607","17,5471",COD,COD,Democratic Republic of the Congo,18/08/2014,,,CO,01/11/2012,19/08/2014,2315186
3241,Oshwe,,River,Very Small,Open,0,0,0,Yes,Unknown,"-3,39989","19,50444",COD,COD,Democratic Republic of the Congo,18/08/2014,,,CO,01/11/2012,19/08/2014,2311807
3242,Masia,,River,Very Small,Open,0,0,0,Yes,Unknown,"-3,07302","16,53098",COD,COD,Democratic Republic of the Congo,18/08/2014,,,CO,01/11/2012,19/08/2014,2313013
3243,Elila,,River,Very Small,Open,0,0,0,Yes,Unknown,"-2,74557","25,8725",COD,COD,Democratic Republic of the Congo,18/08/2014,,,CO,01/11/2012,19/08/2014,216757
3244,Kutu,,River,Very Small,Open,0,0,0,Yes,Unknown,"-2,73287","18,1501",COD,COD,Democratic Republic of the Congo,18/08/2014,,,CO,01/11/2012,19/08/2014,2313874
3245,Kiri,,River,Very Small,Open,0,0,0,Yes,Unknown,"-1,47697","18,9811",COD,COD,Democratic Republic of the Congo,18/08/2014,,,CO,01/11/2012,19/08/2014,2314195
3246,Lowa,,River,Very Small,Open,0,0,0,Yes,Unknown,"-1,40957","25,8629",COD,COD,Democratic Republic of the Congo,18/08/2014,,,CO,01/11/2012,19/08/2014,211248
3247,Ikela,,River,Very Small,Open,0,0,0,Yes,Unknown,"-1,18517","23,2503",COD,COD,Democratic Republic of the Congo,18/08/2014,,,CO,01/11/2012,19/08/2014,216031
3248,Yangambi,,River,Very Small,Open,0,0,0,Yes,Unknown,"0,76573","24,4447",COD,COD,Democratic Republic of the Congo,18/08/2014,,,CO,01/11/2012,19/08/2014,203717
3249,Basoko,,River,Very Small,Open,0,0,0,Yes,Unknown,"1,20833","23,5779",COD,COD,Democratic Republic of the Congo,18/08/2014,,,CO,01/11/2012,19/08/2014,219414
3250,Aketi,,River,Very Small,Open,0,0,0,Yes,Unknown,"2,72883","23,7661",COD,COD,Democratic Republic of the Congo,18/08/2014,,,CO,01/11/2012,19/08/2014,220448
3251,Businga,,River,Very Small,Open,0,0,0,Yes,Unknown,"3,33713","20,9021",COD,COD,Democratic Republic of the Congo,18/08/2014,,,CO,01/11/2012,19/08/2014,217637
3252,Libenge,,River,Very Small,Open,0,0,0,Yes,Unknown,"3,65083","18,6209",COD,COD,Democratic Republic of the Congo,18/08/2014,,,CO,01/11/2012,19/08/2014,2313762
3253,Zongo,,River,Very Small,Open,0,0,0,Yes,Unknown,"4,35458","18,60014",COD,COD,Democratic Republic of the Congo,18/08/2014,,,CO,01/11/2012,19/08/2014,2310763
3254,Termiz,,River,Unknown,Unknown,0,0,0,Unknown,Unknown,"37,19916","67,30259",AFG,AFG,Uzbekistan,01/01/1970,,,,01/11/2012,16/01/2015,1215957
3255,Popokabaka,,River,Very Small,Open,0,0,0,Yes,Unknown,"-5,69457","16,57737",COD,COD,Democratic Republic of the Congo,18/08/2014,,,CO,01/11/2012,19/08/2014,2311675
3256,Bashishombe,,River,Very Small,Open,0,0,0,Yes,Unknown,"-4,63817","21,0379",COD,COD,Democratic Republic of the Congo,18/08/2014,,,CO,01/11/2012,19/08/2014,8249904
3257,Gabia,,River,Very Small,Open,0,0,0,Yes,Unknown,"-4,56877","17,11675",COD,COD,Democratic Republic of the Congo,18/08/2014,,,CO,01/11/2012,19/08/2014,2315782
3258,Ibaka,,River,Very Small,Open,0,0,0,Yes,Unknown,"-4,56605","23,21821",COD,COD,Democratic Republic of the Congo,18/08/2014,,,CO,01/11/2012,19/08/2014,216110
3259,Kamba,,River,Very Small,Open,0,0,0,Yes,Unknown,"-3,98904","22,28981",COD,COD,Democratic Republic of the Congo,18/08/2014,,,CO,01/11/2012,19/08/2014,214696
3260,Mobeka,,River,Very Small,Open,0,0,0,Yes,Unknown,"1,85173","19,7673",COD,COD,Democratic Republic of the Congo,18/08/2014,,,CO,01/11/2012,19/08/2014,2312723
3261,Pucallpa,PEPCL,River,Unknown,Unknown,0,0,0,Unknown,Unknown,"-8,39577","-74,5185",PER,PER,Peru,01/01/1970,,,,01/11/2012,05/12/2013,3693345
3262,Moliro,,Lake,Very Small,Open,0,0,0,Yes,Unknown,"-8,25197","30,5099",COD,COD,Democratic Republic of the Congo,18/08/2014,,,CO,01/11/2012,19/08/2014,208869
3263,,,Unknown,Very Small,Unknown,0,0,0,Unknown,Unknown,"65,83568","-18,75641",ISL,ISL,Iceland,01/01/1970,,,,01/11/2012,16/01/2015,999999999
3264,Kuzulu,,Unknown,Very Small,Unknown,0,0,0,Yes,Unknown,"-3,47747","16,1345",COG,COG,Democratic Republic of the Congo,01/01/1970,,,,01/11/2012,16/04/2014,2258686
3265,Ras Budran,,Unknown,Very Small,Unknown,0,0,0,Unknown,Unknown,"28,94584","33,17517",EGY,EGY,Egypt,01/01/1970,,,,01/11/2012,19/01/2015,362208
3266,Lappeenranta,FILPP,River,Unknown,Unknown,0,0,0,Unknown,Unknown,"61,07813","28,1495",FIN,FIN,Finland,01/01/1970,,,,01/11/2012,05/12/2013,648900
3267,Joutseno,FIJOU,River,Unknown,Unknown,0,0,0,Unknown,Unknown,"61,13393","28,4899",FIN,FIN,Finland,01/01/1970,,,,01/11/2012,05/12/2013,655563
3268,Imatra,FIIMA,River,Unknown,Unknown,0,0,0,Unknown,Unknown,"61,22463","28,7819",FIN,FIN,Finland,01/01/1970,,,,01/11/2012,05/12/2013,656688
3269,Ristiina,FIRIS,River,Unknown,Unknown,0,0,0,Unknown,Unknown,"61,52993","27,3221",FIN,FIN,Finland,01/01/1970,,,,01/11/2012,05/12/2013,639248
3270,Savonlinna,FISVL,River,Unknown,Unknown,0,0,0,Unknown,Unknown,"61,88013","28,8241",FIN,FIN,Finland,01/01/1970,,,,01/11/2012,05/12/2013,637292
3271,Kuopio,FIKUO,River,Unknown,Unknown,0,0,0,Unknown,Unknown,"62,88863","27,7057",FIN,FIN,Finland,01/01/1970,,,,01/11/2012,05/12/2013,650224
3272,Mtwapa,,River,Unknown,Unknown,0,0,0,Unknown,Unknown,"-3,95237","39,74008",KEN,KEN,Kenya,01/01/1970,,,,01/11/2012,19/01/2015,186301
3273,Kasenga,,River,Very Small,Open,0,0,0,Yes,Unknown,"-10,40987","28,6199",COD,COD,Democratic Republic of the Congo,18/08/2014,,,CO,01/11/2012,19/08/2014,922966
3274,Xingang,,Unknown,Unknown,Unknown,0,0,0,Unknown,Unknown,"38,9906","117,72135",CHN,CHN,China,01/01/1970,,,,01/11/2012,20/01/2015,1792947
3275,Chola,,Unknown,Very Small,Unknown,0,0,0,Unknown,Unknown,"-17,38397","35,0071",MOZ,MOZ,Mozambique,01/01/1970,"Chola: ( I) -10 Mt Vessel Only- (Ii) -Truck Access- (Iii) -No Network Coverage- (Iv) -Hazard To Navigation: Snakes, Crocodiles, Hippo--Operational",,,01/11/2012,05/12/2013,1048363
3276,Charre,,Unknown,Very Small,Unknown,0,0,0,Unknown,Unknown,"-17,31817","35,1433",MOZ,MOZ,Mozambique,01/01/1970,Charre: (I) -No Vessel Restriction- (Ii) -Truck Access- (Iii )-Network Coverage- (Iv) -No Hazard To Navigation--Planning,,,01/11/2012,05/12/2013,1050250
3277,Selaata,,Sea,Very Small,Open,0,0,0,Unknown,Unknown,"34,28163","35,6567",LBN,LBN,Lebanon,01/01/1970,Fuel Oil And Others,,,01/11/2012,05/12/2013,267191
3278,Chemba,,Unknown,Very Small,Unknown,0,0,0,Unknown,Unknown,"-17,15777","34,8995",MOZ,MOZ,Mozambique,01/01/1970,Chemba: (I) -No Vessel Restriction- (Ii) -Truck Access- (Iii) -Network Coverage -(Iv )-No Hazard To Navigation--Planning,,,01/11/2012,05/12/2013,1050087
3280,Bindja,,River,Very Small,Unknown,0,0,0,Unknown,Unknown,"-3,42365","19,63589",COD,COD,Democratic Republic of the Congo,01/01/1970,,,,01/11/2012,05/12/2013,2317089
3281,Kese,,River,Very Small,Unknown,0,0,0,No,Unknown,"-3,38474","18,01862",COD,COD,Democratic Republic of the Congo,01/01/1970,,,,01/11/2012,16/04/2014,2314926
3282,Bolondo,,River,Very Small,Unknown,0,0,0,Unknown,Unknown,"-0,34737","21,3709",COD,COD,Democratic Republic of the Congo,01/01/1970,,,,01/11/2012,05/12/2013,218383
3283,El Sokhna,,Sea,Small,Unknown,0,0,0,Unknown,Unknown,"29,76396","32,409",EGY,EGY,Egypt,01/01/1970,,,,01/11/2012,05/12/2013,7521348
3284,Kilifi,,Sea,Very Small,Unknown,0,0,0,Unknown,Unknown,"-3,63459","39,84633",KEN,KEN,Kenya,01/01/1970,,,,01/11/2012,16/03/2017,192067
3285,Onitsha,,River,Very Small,Unknown,0,0,0,Unknown,Unknown,"6,13492","6,76535",NGA,NGA,Nigeria,01/01/1970,,,,01/11/2012,05/12/2013,2326016
3286,Kasenyi,,Lake,Very Small,Open,0,0,0,Yes,Unknown,"1,38953","30,4417",COD,COD,Democratic Republic of the Congo,18/08/2014,,,CO,01/11/2012,19/08/2014,214034
3287,Lokoja,,River,Very Small,Unknown,0,0,0,Unknown,Unknown,"7,79961","6,749",NGA,NGA,Nigeria,01/01/1970,,,,01/11/2012,05/12/2013,2331939
3288,Bomputu,,River,Very Small,Unknown,0,0,0,Unknown,Unknown,"-0,38297","20,1001",COD,COD,Democratic Republic of the Congo,01/01/1970,,,,01/11/2012,05/12/2013,218269
3289,Bepumba,,River,Very Small,Unknown,0,0,0,Unknown,Unknown,"-0,36107","19,1681",COD,COD,Democratic Republic of the Congo,01/01/1970,,,,01/11/2012,05/12/2013,2317177
3290,Sitia,GRJSH,Sea,Unknown,Unknown,0,0,0,Unknown,Unknown,"35,20333","26,1249",GRC,GRC,Greece,01/01/1970,,,,01/11/2012,05/12/2013,253759
3291,Isambo,,River,Very Small,Unknown,0,0,0,Unknown,Unknown,"-0,35167","21,4639",COD,COD,Democratic Republic of the Congo,01/01/1970,,,,01/11/2012,05/12/2013,215811
3292,Fabieza,,River,Very Small,Unknown,0,0,0,Unknown,Unknown,"-4,04567","16,8937",COD,COD,Democratic Republic of the Congo,01/01/1970,,,,01/11/2012,05/12/2013,0
3293,Mabenga,,River,Very Small,Unknown,0,0,0,No,Unknown,"-3,60137","18,6241",COD,COD,Democratic Republic of the Congo,01/01/1970,,,,01/11/2012,16/04/2014,2313241
3294,Kole,,River,Very Small,Unknown,0,0,0,Unknown,Unknown,"-3,4703","22,45829",COD,COD,Democratic Republic of the Congo,01/01/1970,,,,01/11/2012,05/12/2013,8447225
3295,Corail,,Unknown,Very Small,Open,0,0,0,Unknown,Unknown,"18,56351","-73,89286",HTI,HTI,Haiti,01/01/1970,,,,01/11/2012,05/12/2013,3727398
3296,Kismayu,,Sea,Small,Open,0,0,0,Unknown,Accurate,"-0,38246","42,5528",SOM,SOM,Somalia,07/11/2013,,,,01/11/2012,05/12/2013,55671
3297,Merca,,Sea,Very Small,Unknown,0,0,0,Unknown,Approximate,"1,71447","44,77425",SOM,SOM,Somalia,07/11/2013,,,,01/11/2012,20/01/2015,54225
3298,Dapa,,Sea,Very Small,Open,0,0,0,Unknown,Unknown,"9,75533","126,05258",PHL,PHL,Philippines,01/01/1970,,,,01/11/2012,05/12/2013,1715617
3299,Dilovasi,,Sea,Medium,Open,0,0,0,Unknown,Unknown,"40,76936","29,53425",TUR,TUR,Turkey,01/01/1970,,,,01/11/2012,20/01/2015,9965495
3300,Amirabad,,Sea,Medium,Open,0,0,0,Unknown,Unknown,"36,84111","53,31111",IRN,IRN,Iran  (Islamic Republic of),01/01/1970,,,,01/11/2012,05/12/2013,143604
3301,Anzali,,Sea,Medium,Open,0,0,0,Unknown,Unknown,"37,4766","49,46727",IRN,IRN,Iran  (Islamic Republic of),01/01/1970,,,,01/11/2012,05/12/2013,141679
3302,Sriracha,,Sea,Small,Open,0,0,0,Unknown,Unknown,"13,16605","100,9289",THA,THA,Thailand,01/01/1970,,,,01/11/2012,05/12/2013,1606250
3303,Semangka Bay,,Sea,Small,Open,0,0,0,Unknown,Unknown,"-5,49955","104,62023",IDN,IDN,Indonesia,01/01/1970,,,,01/11/2012,11/05/2017,7863222
3304,Al-Tour,,Sea,Small,Open,0,0,0,Unknown,Unknown,"28,23744","33,6131",EGY,EGY,Egypt,01/01/1970,,,,01/11/2012,19/01/2015,359678
3305,Akdeniz,,Sea,Small,Open,0,0,0,Unknown,Unknown,"36,83621","30,60874",TUR,TUR,Turkey,01/01/1970,,,,01/11/2012,20/01/2015,323777
3306,Mersa Matruh,,Sea,Small,Open,0,0,0,Unknown,Unknown,"31,3667","27,2333",EGY,EGY,Egypt,01/01/1970,,,,01/11/2012,05/12/2013,352733
3307,Namlea,,Sea,Small,Open,0,0,0,Unknown,Unknown,"-3,26802","127,08387",,IDN,,01/01/1970,,,,01/11/2012,11/05/2017,1634519
3308,Blang Lancang,,Sea,Small,Open,0,0,0,Unknown,Unknown,"5,22203","97,09631",IDN,IDN,Indonesia,01/01/1970,,,,01/11/2012,10/05/2017,6718703
3309,El Arish,,Sea,Small,Open,0,0,0,Unknown,Unknown,"31,15312","33,82884",EGY,EGY,Egypt,01/01/1970,,,,01/11/2012,05/12/2013,361546
3310,Ende,,Sea,Small,Open,0,0,0,Unknown,Unknown,"-8,85255","121,662",IDN,IDN,Indonesia,01/01/1970,,,,01/11/2012,05/12/2013,1644932
3311,Tanjung Balai Karimun,,Sea,Small,Open,0,0,0,Unknown,Unknown,"-0,81315","103,4596",IDN,IDN,Indonesia,01/01/1970,,,,01/11/2012,10/05/2017,1639286
3312,Uleelheue,,Sea,Small,Open,0,0,0,Unknown,Unknown,"5,56424","95,29462",IDN,IDN,Indonesia,01/01/1970,,,,01/11/2012,10/05/2017,1213389
3313,Mona Island,USOIS,Sea,Very Small,Open,0,0,0,Unknown,Unknown,"18,05713","-67,9001",PRI,PRI,Puerto Rico,01/01/1970,,,,01/11/2012,20/01/2015,999999999
3314,Shahid Rajee,,Sea,Small,Open,0,0,0,Unknown,Unknown,"27,10375","56,06334",IRN,IRN,Iran (Islamic Republic of),01/01/1970,,,,01/11/2012,19/01/2015,141681
3315,Tanjung Balai,,River,Small,Open,0,0,0,Unknown,Unknown,"2,97546","99,80601",IDN,IDN,Indonesia,01/01/1970,,,,01/11/2012,10/05/2017,1213547
3316,Thilawa,,River,Small,Open,0,0,0,Unknown,Unknown,"16,66374","96,25277",MMR,MMR,Myanmar,01/01/1970,,,,01/11/2012,05/12/2013,1291543
3317,Sour,,Sea,Very Small,Open,0,0,0,Unknown,Unknown,"33,27438","35,19544",LBN,LBN,Lebanon,01/01/1970,"Commercial, Fishing And Recreational",,,01/11/2012,19/01/2015,267008
3318,Saida,,Sea,Very Small,Open,0,0,0,Unknown,Unknown,"33,56453","35,3675",LBN,LBN,Lebanon,01/01/1970,"Commercial, Fishing And Recreational",,,01/11/2012,19/01/2015,268064
3319,Jounie,,Sea,Very Small,Open,0,0,0,Unknown,Unknown,"33,98615","35,61585",LBN,LBN,Lebanon,01/01/1970,Commercial,,,01/11/2012,05/12/2013,6941107
3320,Cheikh Zennad,,Sea,Very Small,Open,0,0,0,Unknown,Unknown,"34,60633","35,9833",LBN,LBN,Lebanon,01/01/1970,Fishing And Recreational,,,01/11/2012,05/12/2013,278172
3321,Ras Sudr,,Sea,Very Small,Open,0,0,0,Unknown,Unknown,"29,5833","32,6833",EGY,EGY,Egypt,01/01/1970,,,,01/11/2012,05/12/2013,449808
3322,El Maadiya Port,,Sea,Very Small,Open,0,0,0,Unknown,Unknown,"31,2667","30,15",EGY,EGY,Egypt,01/01/1970,,,,01/11/2012,05/12/2013,360675
3323,Borj Islam,,Sea,Very Small,Open,0,0,0,Unknown,Unknown,"35,68174","35,79058",SYR,,Syrian Arab Republic,01/01/1970,,,,01/11/2012,22/04/2014,171147
3324,Asalouyeh,,Sea,Very Small,Open,0,0,0,Unknown,Unknown,"27,51007","52,57758",IRN,IRN,Iran (Islamic Republic of),01/01/1970,,,,01/11/2012,05/12/2013,142857
3325,Ed Daoura,,Sea,Very Small,Open,0,0,0,Unknown,Unknown,"33,89853","35,5549",LBN,LBN,Lebanon,01/01/1970,"Fishing And Recreational, Fuel Oil And Others",,,01/11/2012,05/12/2013,275739
3326,El Maameltayne,,Sea,Very Small,Open,0,0,0,Unknown,Unknown,"34,00517","35,64464",LBN,LBN,Lebanon,01/01/1970,Fishing And Recreational,,,01/11/2012,05/12/2013,279636
3327,Jbail,,Sea,Very Small,Open,0,0,0,Unknown,Unknown,"34,11953","35,6433",LBN,LBN,Lebanon,01/01/1970,Fishing And Recreational,,,01/11/2012,05/12/2013,273203
3328,Bandar Taheri,,Sea,Very Small,Open,0,0,0,Unknown,Unknown,"27,65677","52,35416",IRN,IRN,Iran (Islamic Republic of),01/01/1970,,,,01/11/2012,05/12/2013,113596
3329,Za'Farana,,Sea,Very Small,Open,0,0,0,Unknown,Unknown,"29,11452","32,66167",EGY,EGY,Egypt,01/01/1970,,,,01/11/2012,05/12/2013,346201
3330,Khoasrowabad,,River,Very Small,Open,0,0,0,Unknown,Unknown,"30,16676","48,41655",IRN,IRN,Iran (Islamic Republic of),01/01/1970,,,,01/11/2012,19/01/2015,127251
3331,Lafiteau,,Sea,Very Small,Closed,0,0,0,Unknown,Unknown,"18,69477","-72,35331",HTI,HTI,Haiti,01/01/1970,,,,01/11/2012,05/12/2013,3723085
3332,Bassein,MMBSX,River,Very Small,Open,0,0,0,Unknown,Unknown,"16,78112","94,73082",MMR,MMR,Myanmar,01/01/1970,,,,01/11/2012,19/01/2015,1328421
3333,Gonaives,HTGVS,Sea,Small,Closed,0,0,0,Unknown,Unknown,"19,45113","-72,6964",HTI,HTI,Haiti,01/01/1970,,,,01/11/2012,05/12/2013,3724696
3334,Fond Mombin,HTFOM,Sea,Very Small,Closed,0,0,0,Unknown,Unknown,"18,75633","-72,4616",HTI,HTI,Haiti,01/01/1970,,,,01/11/2012,05/12/2013,3725289
3335,Bosaso,,Sea,Small,Open,0,0,0,Yes,Accurate,"11,29184","49,17983",SOM,SOM,Somalia,07/11/2013,,,,01/11/2012,24/01/2014,64013
3336,Malau,FJMAL,Unknown,Unknown,Unknown,0,0,0,Unknown,Unknown,"-16,36121","179,3666",,FJI,,01/01/1970,,,,01/11/2012,29/03/2017,2204146
3337,Tema,GHTEM,Sea,Medium,Open,0,0,0,Yes,Unknown,"5,62973","0,0103",GHA,"MLI,NER",Ghana,01/01/1970,,,,01/11/2012,05/12/2013,2294700
3338,Cotonou,BJCOO,Sea,Medium,Open,0,0,0,Yes,Unknown,"6,35532","2,4566",BEN,"MLI,NER",Benin,01/01/1970,,,,01/11/2012,05/12/2013,2394819
3339,Mombasa,KEMBA,Sea,Medium,Open,0,0,0,Yes,Unknown,"-4,07597","39,6707",KEN,"KEN,COD,UGA,SSD,SOM,ETH",Kenya,01/01/1970,,,,01/11/2012,05/04/2016,186301
3340,Beirut,,Sea,Large,Open,0,0,0,Yes,Unknown,"33,90151","35,51784",LBN,SYR,Lebanon,01/01/1970,Commercial,,,01/11/2012,24/01/2014,276781
3341,Djibouti,,Sea,Medium,Open,0,0,0,Yes,Unknown,"11,6065","43,13937",DJI,"DJI,SOM,ETH,SSD,SDN,YEM",,01/01/1970,,,,01/11/2012,24/01/2018,223817
3342,Tripoli,,Sea,Small,Open,0,0,0,Unknown,Unknown,"34,45253","35,8313",LBN,"LBN,SYR",Lebanon,01/01/1970,"Commercial, Fishing And Recreational",,,01/11/2012,22/04/2014,266826
3343,Lattakia,SYLTK,Sea,Medium,Open,0,0,0,Yes,Unknown,"35,51173","35,7703",SYR,SYR,Syrian Arab Republic,01/01/1970,,,,01/11/2012,24/01/2014,173576
3344,Tartous,SYTTS,Sea,Medium,Open,0,0,0,Yes,Unknown,"34,89653","35,8873",SYR,SYR,Syrian Arab Republic,01/01/1970,,,,01/11/2012,24/01/2014,163345
3345,Maputo,MZMPM,Sea,Medium,Open,0,0,0,Yes,Unknown,"-25,97591","32,57042",,"MOZ, ZWE",,01/01/1970,,,,01/11/2012,21/03/2017,1040652
3346,Beira,MZBEW,Sea,Medium,Open,0,0,0,Yes,Unknown,"-19,82676","34,83322",MOZ,"MOZ, MWI, ZWE",Mozambique,01/01/1970,,,,01/11/2012,21/03/2017,1052373
3347,Nyaroump,,River,Very Small,Unknown,0,0,0,Unknown,Unknown,"8,6837","30,24379",SSD,SSD,South Sudan,01/01/1970,,,CO,16/08/2013,16/08/2013,0
3348,Bourem,,River,Very Small,Open,0,0,0,Unknown,Unknown,"16,95217","-0,35542",MLI,MLI,Mali,01/01/1970,digitized manually from Bing imagery,,Compagnie Malienne de Navigation,23/09/2013,23/09/2013,2459657
3349,Bamba,,River,Very Small,Open,0,0,0,Unknown,Unknown,"17,03154","-1,40337",MLI,MLI,Mali,01/01/1970,digitized manually from Bing imagery,,Compagnie Malienne de Navigation,23/09/2013,23/09/2013,2460582
3350,Temera,,River,Very Small,Open,0,0,0,Unknown,Bad,"16,99875","-0,89769",MLI,MLI,Mali,01/01/1970,digitized manually from Bing imagery,,Compagnie Malienne de Navigation,23/09/2013,23/09/2013,2449964
3351,Modiokoy,,River,Very Small,Open,0,0,0,Unknown,Bad,"16,75208","-2,36699",MLI,MLI,Mali,01/01/1970,digitized manually from Bing imagery,,Compagnie Malienne de Navigation,23/09/2013,23/09/2013,2453413
3352,Kayes,,River,Very Small,Open,0,0,0,Unknown,Unknown,"14,45255","-11,43904",MLI,MLI,Mali,01/01/1970,,,,10/08/2013,12/08/2013,2455518
3353,Yumbi,,River,Very Small,Unknown,0,0,0,No,Unknown,"-1,89897","16,5211",COD,COD,Democratic Republic of the Congo,01/01/1970,,,,01/11/2012,16/04/2014,2310820
3354,Kilo 29,,River,Very Small,Open,0,0,0,Yes,Unknown,"8,55289","30,2721",SSD,SSD,South Sudan,01/01/1970,,,,07/07/2013,24/01/2014,0
3355,Wau,,River,Very Small,Open,0,0,0,Unknown,Unknown,"7,70905","28,00718",SSD,SSD,South Sudan,01/01/1970,,,,07/07/2013,17/08/2013,363885
3356,Koulikoro,,River,Small,Open,0,0,0,Unknown,Unknown,"12,85769","-7,55752",MLI,MLI,Mali,01/01/1970,digitized manually from Bing imagery,,Compagnie Malienne de Navigation,23/09/2013,23/09/2013,2454530
3357,Segou,,River,Small,Open,0,0,0,Unknown,Unknown,"13,4504","-6,26519",MLI,MLI,Mali,01/01/1970,digitized manually from Bing imagery,,Compagnie Malienne de Navigation,23/09/2013,23/09/2013,2451478
3358,Gao,,River,Small,Open,0,0,0,Yes,Unknown,"16,27809","-0,05171",MLI,MLI,Mali,01/01/1970,digitized manually from Bing imagery,,Compagnie Malienne de Navigation,23/09/2013,17/05/2018,2457163
3359,Mongalia,,River,Very Small,Open,0,0,0,Unknown,Unknown,"5,20259","31,76877",SSD,SSD,South Sudan,01/01/1970,,,,07/07/2013,17/08/2013,369893
3360,Melut,,River,Very Small,Open,0,0,0,Unknown,Unknown,"10,43829","32,2161",SSD,SSD,South Sudan,01/01/1970,,,,07/07/2013,17/08/2013,370669
3361,Shambe,,River,Very Small,Open,0,0,0,Unknown,Unknown,"7,10674","30,77417",SSD,SSD,South Sudan,01/01/1970,,,,07/07/2013,17/08/2013,367322
3362,Gutthom,,River,Very Small,Open,0,0,0,Unknown,Unknown,"6,65691","31,29809",SSD,SSD,South Sudan,01/01/1970,,,,07/07/2013,17/08/2013,0
3363,Niamina,,River,Very Small,Open,0,0,0,Unknown,Unknown,"13,31305","-6,98246",MLI,MLI,Mali,01/01/1970,digitized manually from Bing imagery,,Compagnie Malienne de Navigation,23/09/2013,23/09/2013,2452480
3364,Aka,,River,Very Small,Open,0,0,0,Unknown,Unknown,"15,40052","-4,23634",MLI,MLI,Mali,01/01/1970,digitized manually from Bing imagery,,Compagnie Malienne de Navigation,23/09/2013,23/09/2013,2461209
3365,Macina,,River,Very Small,Open,0,0,0,Unknown,Unknown,"13,95967","-5,36427",MLI,MLI,Mali,01/01/1970,digitized manually from Bing imagery,,Compagnie Malienne de Navigation,23/09/2013,23/09/2013,2455465
3366,Diafarabe,,River,Very Small,Open,0,0,0,Unknown,Unknown,"14,13645","-5,01697",MLI,MLI,Mali,01/01/1970,digitized manually from Bing imagery,,Compagnie Malienne de Navigation,23/09/2013,23/09/2013,2459126
3367,Kirango,,River,Very Small,Open,0,0,0,Unknown,Unknown,"13,71474","-6,07353",MLI,MLI,Mali,01/01/1970,digitized manually from Bing imagery,,,23/09/2013,23/09/2013,6910525
3368,Livorno,ITLIV,Sea,Unknown,Unknown,0,0,0,Unknown,Unknown,"43,57633","10,3147",ITA,ITA,Italy,01/01/1970,,,,01/11/2012,05/12/2013,3174659
3369,Dire,,River,Very Small,Open,0,0,0,Unknown,Unknown,"16,26183","-3,39086",MLI,MLI,Mali,01/01/1970,digitized manually from Bing imagery,,Compagnie Malienne de Navigation,23/09/2013,23/09/2013,2458623
3370,Markala,,River,Very Small,Open,0,0,0,Unknown,Unknown,"13,67612","-6,07848",MLI,MLI,Mali,01/01/1970,digitized manually from Bing imagery,,Compagnie Malienne de Navigation,23/09/2013,23/09/2013,2453662
3371,Dioro,,River,Very Small,Open,0,0,0,Unknown,Unknown,"13,68929","-5,8337",MLI,MLI,Mali,01/01/1970,digitized manually from Bing imagery,,Compagnie Malienne de Navigation,23/09/2013,23/09/2013,2458634
3372,Miragoane,,Sea,Very Small,Open,0,0,0,Unknown,Unknown,"18,47338","-73,13213",HTI,HTI,Haiti,01/01/1970,,,,01/11/2012,05/12/2013,3720824
3373,San Antonio,,Sea,Very Small,Unknown,0,0,0,Unknown,Unknown,"12,41214","124,27944",PHL,PHL,Philippines,01/01/1970,,,PHL CO,13/11/2013,05/12/2013,1690370
3374,Tonka,,River,Very Small,Open,0,0,0,Unknown,Unknown,"16,13098","-3,75233",MLI,MLI,Mali,01/01/1970,digitized manually from Bing imagery,,Compagnie Malienne de Navigation,23/09/2013,23/09/2013,2449018
3375,Rharous,,River,Very Small,Open,0,0,0,Unknown,Unknown,"16,8814","-1,92658",MLI,MLI,Mali,01/01/1970,digitized manually from Bing imagery,,Compagnie Malienne de Navigation,23/09/2013,23/09/2013,2456871
3376,Niafunke,,River,Very Small,Open,0,0,0,Unknown,Unknown,"15,93095","-3,98219",MLI,MLI,Mali,01/01/1970,digitized manually from Bing imagery,,Compagnie Malienne de Navigation,23/09/2013,23/09/2013,2452830
3377,Nasser,,River,Very Small,Open,0,0,0,Yes,Unknown,"8,61309","33,06132",SSD,SSD,South Sudan,01/01/1970,,,,07/07/2013,24/01/2014,369355
3378,Kabara,,River,Very Small,Open,0,0,0,Yes,Unknown,"16,65837","-3,01809",MLI,MLI,Mali,01/01/1970,Timbuktu,,,10/08/2013,24/01/2014,2456013
3379,Juba,,River,Small,Open,0,0,0,Yes,Unknown,"4,8306","31,61432",SSD,SSD,South Sudan,01/01/1970,,,,07/07/2013,24/01/2014,373303
3380,Adok,,River,Small,Open,0,0,0,Yes,Unknown,"8,18545","30,32073",SSD,SSD,South Sudan,01/01/1970,,,,07/07/2013,24/01/2014,380086
3381,Malakal,,River,Small,Open,0,0,0,Yes,Unknown,"9,52648","31,65081",SSD,SSD,South Sudan,01/01/1970,,,,07/07/2013,24/01/2014,370737
3382,Bor,,River,Small,Open,0,0,0,Yes,Unknown,"6,20429","31,55283",SSD,SSD,South Sudan,01/01/1970,,,,07/07/2013,24/01/2014,377241
3383,Mopti,,River,Small,Open,0,0,0,Yes,Unknown,"14,49549","-4,20111",MLI,MLI,Mali,01/01/1970,,,,10/08/2013,24/01/2014,2453348
3384,Bentiu,,River,Very Small,Open,0,0,0,Yes,Unknown,"9,28588","29,81294",SSD,SSD,South Sudan,01/01/1970,,,,07/07/2013,24/01/2014,377472
3385,Dakar,SNDKR,Sea,Medium,Open,15,0,0,Yes,Unknown,"14,68597","-17,42598",,MLI,,01/01/1970,,,,01/11/2012,18/05/2017,2253354
3386,Toliara,MGTLE,Sea,Very Small,Open,8,313,0,Yes,Accurate,"-23,37752","43,66442",MDG,MDG,Madagascar,04/12/2013,,,Bing image + CO,01/11/2012,24/01/2014,1055429
3387,Maintirano,MGMXT,Sea,Very Small,Open,5,"66,2",0,Unknown,Approximate,"-18,05937","44,0143",MDG,MDG,Madagascar,04/12/2013,,,Bing image + CO,01/11/2012,04/12/2013,1061912
3388,Morondava,MGMOQ,River,Small,Open,2,137,0,Unknown,Accurate,"-20,29399","44,2722",MDG,MDG,Madagascar,04/12/2013,,,Bing image + CO,01/11/2012,04/12/2013,1058381
3389,Doha,,Sea,Small,Open,0,0,0,Unknown,Unknown,"29,36863","47,78506",KWT,KWT,Kuwait,01/01/1970,,,,01/11/2012,05/12/2013,285855
3390,Iharana,,Sea,Small,Open,6,100,0,No,Accurate,"-13,3542","50,00626",MDG,MDG,Madagascar,04/12/2013,Alt name: Vohemar,,Bing image + CO,04/12/2013,04/12/2013,1064311
3391,Nossi-Be,MGNOS,Sea,Very Small,Open,5,150,0,Unknown,Bad,"-13,40017","48,2657",MDG,MDG,Madagascar,04/12/2013,,,CO,01/11/2012,19/01/2015,1076105
3392,Port Saint Louis,MGPSL,River,Very Small,Open,4,120,0,Unknown,Accurate,"-13,09156","48,84384",MDG,MDG,Madagascar,04/12/2013,,,Bing image + CO,01/11/2012,04/12/2013,1068955
3393,Soalala,MGDWB,River,Very Small,Open,0,0,0,Unknown,Accurate,"-16,10477","45,32824",MDG,MDG,Madagascar,01/01/1970,,,Bing,01/11/2012,05/12/2013,1056487
3394,Vung Ang,,Sea,Unknown,Open,0,0,0,Unknown,Unknown,"18,11366","106,41051",VNM,VNM,Vietnam,01/01/1970,,,,04/12/2013,05/12/2013,1562788
3395,Mahajanga,MGMJN,Sea,Small,Open,"4,5",819,0,Unknown,Approximate,"-15,72721","46,32287",MDG,MDG,Madagascar,04/12/2013,,,Bing image + CO,01/11/2012,04/12/2013,1062663
3396,Antsiranana,MGDIE,Sea,Small,Open,"8,5",414,0,Unknown,Accurate,"-12,27509","49,28513",MDG,MDG,Madagascar,04/12/2013,,,Bing image + CO,01/11/2012,04/12/2013,1069129
3397,Cam Ranh,,Sea,Small,Open,0,0,0,Unknown,Unknown,"11,90338","109,14451",VNM,VNM,Viet Nam,01/01/1970,Ba Ngoi,,,01/11/2012,05/12/2013,1586350
3398,Cua Lo,,Sea,Unknown,Open,0,0,0,Unknown,Unknown,"18,82855","105,70159",VNM,VNM,Vietnam,01/01/1970,,,,04/12/2013,05/12/2013,1584601
3399,Duong Dong,,Sea,Very Small,Open,0,0,0,Unknown,Unknown,"10,21812","103,95768",VNM,VNM,Vietnam,01/01/1970,,,,04/12/2013,05/12/2013,1569973
3400,Thi Nai,,Sea,Unknown,Open,0,0,0,Unknown,Unknown,"13,77764","109,24708",VNM,VNM,Vietnam,01/01/1970,,,,04/12/2013,20/01/2015,1568574
3401,Borongan,PHBGV,Sea,Very Small,Unknown,0,0,0,Unknown,Unknown,"11,60605","125,44155",PHL,PHL,Philippines,01/01/1970,,,,01/11/2012,05/12/2013,1723893
3402,Aroroy,,Sea,Very Small,Unknown,0,0,0,Unknown,Unknown,"12,51336","123,39642",PHL,PHL,Philippines,01/01/1970,,,PHL CO,13/11/2013,05/12/2013,1730143
3403,Manila,PHMNL,Sea,Large,Unknown,0,0,0,Unknown,Accurate,"14,58943","120,9609",PHL,PHL,Philippines,01/01/1970,,,,01/11/2012,24/04/2017,1701668
3404,Mananjary,MGMNJ,Sea,Small,Open,"1,5",157,0,Unknown,Approximate,"-21,24205","48,34597",MDG,MDG,Madagascar,04/12/2013,,,Bing image + CO,01/11/2012,04/12/2013,1061335
3405,Toamasina,MGTMM,Sea,Medium,Open,12,1020,0,Yes,Accurate,"-18,15439","49,42657",MDG,MDG,Madagascar,04/12/2013,,,Bing image + CO,01/11/2012,24/01/2014,1053384
3406,Funchal,PTFNC,Sea,Unknown,Unknown,0,0,0,Unknown,Unknown,"32,64213","-16,9067",PRT,PRT,Madeira Islands,01/01/1970,,,,01/11/2012,05/12/2013,2267827
3407,Iloilo,PHCRT,Sea,Medium,Open,0,0,0,No,Accurate,"10,68973","122,58232",PHL,PHL,Philippines,01/01/1970,,,,01/11/2012,18/05/2016,1711005
3408,Clarkson,CACSN,Lake,Unknown,Open,0,0,0,Unknown,Unknown,"43,50013","-79,6",CAN,CAN,Canada,01/01/1970,,,,01/11/2012,16/01/2015,999999999
3409,Clayton,USCLY,Lake,Unknown,Open,0,0,0,Unknown,Unknown,"44,23273","-76,0989",USA,USA,United States of America,01/01/1970,,,,01/11/2012,05/12/2013,5112870
3410,Appleton,USATW,Lake,Unknown,Open,0,0,0,Unknown,Unknown,"44,23683","-88,4368",USA,USA,United States of America,01/01/1970,,,,01/11/2012,05/12/2013,5244080
3411,Hue,VNHUI,Sea,Unknown,Unknown,0,0,0,Unknown,Unknown,"16,46803","107,5905",VNM,VNM,Viet Nam,01/01/1970,,,,01/11/2012,05/12/2013,1580240
3412,Caraquet,CACAQ,Sea,Unknown,Open,0,0,0,Unknown,Unknown,"47,79183","-64,9332",CAN,CAN,Canada,01/01/1970,,,,01/11/2012,05/12/2013,6942803
3413,Kaukauna,USKAU,Lake,Unknown,Open,0,0,0,Unknown,Unknown,"44,28163","-88,2372",USA,USA,United States of America,01/01/1970,,,,01/11/2012,05/12/2013,5258296
3414,Surigao,PHSUG,Sea,Small,Open,0,0,0,No,Accurate,"9,81568","125,45471",PHL,PHL,Philippines,01/01/1970,,,,01/11/2012,18/05/2016,1685218
3415,Allen,,Sea,Very Small,Open,0,0,0,Planned,Accurate,"12,50456","124,28435",PHL,PHL,Philippines,01/01/1970,,,PHL CO,13/11/2013,05/12/2013,1731340
3416,Davao,PHBIY,Sea,Medium,Open,0,0,0,No,Accurate,"7,09707","125,64848",PHL,PHL,Philippines,01/01/1970,,,,01/11/2012,05/12/2013,1715348
3417,Maripipi,,Sea,Very Small,Unknown,0,0,0,Unknown,Unknown,"11,77738","124,34974",PHL,PHL,Philippines,01/01/1970,,,PHL CO,13/11/2013,05/12/2013,1700887
3418,Larena,,Sea,Very Small,Unknown,0,0,0,Unknown,Unknown,"9,24417","123,57778",PHL,PHL,Philippines,01/01/1970,,,PHL CO,13/11/2013,05/12/2013,1707223
3419,Malatapay,,Sea,Very Small,Unknown,0,0,0,Unknown,Unknown,"9,1218","123,21387",PHL,PHL,Philippines,01/01/1970,,,PHL CO,13/11/2013,19/01/2015,1679423
3420,Tandayag,,Sea,Very Small,Unknown,0,0,0,Unknown,Unknown,"9,5175","123,30028",PHL,PHL,Philippines,01/01/1970,,,PHL CO,13/11/2013,05/12/2013,1683293
3421,Danao,,Sea,Very Small,Unknown,0,0,0,Unknown,Unknown,"10,52052","124,02962",PHL,PHL,Philippines,01/01/1970,,,PHL CO,13/11/2013,05/12/2013,1715804
3422,Coco Grove Nature Resort,,Sea,Very Small,Unknown,0,0,0,Unknown,Unknown,"10,61699","124,28416",PHL,PHL,Philippines,01/01/1970,,,PHL CO,13/11/2013,19/01/2015,999999999
3423,Tabuelan,,Sea,Very Small,Unknown,0,0,0,Unknown,Unknown,"10,83179","123,87051",PHL,PHL,Philippines,01/01/1970,,,PHL CO,13/11/2013,05/12/2013,1684821
3424,Pio V. Corpuz,,Sea,Very Small,Unknown,0,0,0,Unknown,Unknown,"11,88252","124,05147",PHL,PHL,Philippines,01/01/1970,,,PHL CO,13/11/2013,19/01/2015,1693394
3425,Cataingan,,Sea,Very Small,Unknown,0,0,0,Unknown,Unknown,"12,00284","124,00207",PHL,PHL,Philippines,01/01/1970,,,PHL CO,13/11/2013,05/12/2013,1717994
3426,Atimonan,PHATI,Sea,Unknown,Unknown,0,0,0,Unknown,Unknown,"14,00593","121,91701",PHL,PHL,Philippines,01/01/1970,,,,01/11/2012,05/12/2013,1729987
3427,Paramaribo,SRPBM,Sea,Medium,Unknown,0,0,0,Unknown,Unknown,"5,82203","-55,146",SUR,SUR,Suriname,01/01/1970,,,,01/11/2012,05/12/2013,3383330
3428,Ormoc,,Sea,Small,Open,0,0,0,Unknown,Unknown,"11,00519","124,60698",PHL,PHL,Philippines,01/01/1970,,,,01/11/2012,18/05/2016,1697018
3429,Inhambane,MZINH,Sea,Small,Open,0,0,0,Unknown,Unknown,"-23,86723","35,37964",,MOZ,,01/01/1970,,,,01/11/2012,21/03/2017,1045114
3430,Palembang,IDPLM,River,Small,Open,0,0,0,Unknown,Unknown,"-2,98704","104,76697",IDN,IDN,Indonesia,01/01/1970,,,,01/11/2012,05/12/2013,1633070
3431,Georgetown,SHASI,Sea,Very Small,Open,0,0,0,Unknown,Unknown,"-7,93817","-14,4189",SHN,SHN,Saint Helena,01/01/1970,,,,01/11/2012,05/12/2013,2411397
3432,Kopmanholmen,SEKMH,Sea,Unknown,Unknown,0,0,0,Unknown,Unknown,"63,17873","18,5917",SWE,SWE,Sweden,01/01/1970,,,,01/11/2012,05/12/2013,2699777
3433,Mulifana,,Sea,Unknown,Open,0,0,0,Unknown,Unknown,"-13,83386","-172,02439",WSM,WSM,Samoa,01/01/1970,,,,01/11/2012,05/12/2013,4035196
3434,Nowshahr,,Sea,Small,Open,0,0,0,Unknown,Unknown,"36,65375","51,51077",IRN,IRN,Iran  (Islamic Republic of),01/01/1970,,,,01/11/2012,05/12/2013,121959
3435,Cebu,PHCEB,Sea,Medium,Open,0,0,0,Unknown,Accurate,"10,30435","123,91541",PHL,PHL,Philippines,07/12/2013,,,PHL CO,01/11/2012,18/05/2016,1717512
3436,Aqaba,JOAQJ,Sea,Medium,Open,0,0,0,Yes,Unknown,"29,51374","34,99818",JOR,SYR,Jordan,01/01/1970,,,,01/11/2012,24/01/2014,250774
3437,Hodeidah,YEHOD,Sea,Medium,Open,0,0,0,Yes,Unknown,"14,8323","42,93464",,YEM,,20/02/2017,,,,01/11/2012,13/06/2018,79415
3438,Lome,TGLFW,Sea,Small,Open,0,0,0,Yes,Unknown,"6,14242","1,28425",TGO,"TGO,MLI,NER",Togo,01/01/1970,,,,01/11/2012,24/01/2014,2365267
3439,Nacala,MZMNC,Sea,Small,Open,0,0,0,Yes,Unknown,"-14,54357","40,66644",,"MOZ, MWI, ZWE",,01/01/1970,,,,01/11/2012,22/03/2017,1035010
3440,Monrovia,LRMLW,Sea,Small,Open,0,0,0,Yes,Unknown,"6,33305","-10,79561",LBR,LBR,Liberia,01/01/1970,,,,01/11/2012,24/01/2014,2274895
3441,Bissau,GWOXB,Sea,Small,Open,0,0,0,Yes,Unknown,"11,86113","-15,5859",GNB,GNB,Guinea-Bissau,01/01/1970,,,,01/11/2012,24/01/2014,2374775
3442,Freetown,SLFNA,Sea,Small,Open,0,0,0,Yes,Unknown,"8,49123","-13,2325",SLE,SLE,Sierra Leone,01/01/1970,,,,01/11/2012,24/01/2014,2409306
3443,Hera fishing port,,Sea,Unknown,Open,0,0,0,Unknown,Unknown,"-8,53445","125,68134",TLS,TLS,Timor-Leste,01/01/1970,,,,03/12/2013,20/01/2015,1645457
3444,Manombo,MGMOB,Sea,Very Small,Unknown,0,0,0,Unknown,Bad,"-22,96757","43,4703",MDG,MDG,Madagascar,01/01/1970,,,,01/11/2012,05/12/2013,1060595
3445,Hanoi,VNHAN,River,Unknown,Open,0,0,0,Unknown,Unknown,"21,02933","105,8621",VNM,VNM,Viet Nam,01/01/1970,,,,01/11/2012,05/12/2013,1581130
3446,Cam Pha,VNCPH,Sea,Small,Open,0,0,0,Unknown,Unknown,"20,99979","107,31261",VNM,VNM,Viet Nam,01/01/1970,,,,01/11/2012,05/12/2013,1586360
3447,Nghe Tinh,VNNGT,Sea,Small,Open,0,0,0,Unknown,Unknown,"18,64363","105,7081",VNM,VNM,Viet Nam,01/01/1970,,,,01/11/2012,20/01/2015,1562798
3448,Da Nang,VNDAD,Sea,Medium,Open,0,0,0,Unknown,Unknown,"16,07143","108,2095",VNM,VNM,Viet Nam,01/01/1970,,,,01/11/2012,20/01/2015,1583992
3449,Qui Nhon,VNUIH,Sea,Very Small,Open,0,0,0,Unknown,Unknown,"13,76643","109,2405",VNM,VNM,Viet Nam,01/01/1970,,,,01/11/2012,05/12/2013,1568574
3450,Nha Trang,VNNHA,Sea,Small,Open,0,0,0,Unknown,Unknown,"12,25253","109,1997",VNM,VNM,Viet Nam,01/01/1970,,,,01/11/2012,05/12/2013,1572151
3451,Andranokoditra,,River,Very Small,Open,0,0,0,No,Approximate,"-18,6","49,25",MDG,MDG,Madagascar,21/01/2014,,,,21/01/2014,21/01/2014,1075296
3452,Manangareza,,River,Very Small,Open,0,0,0,No,Approximate,"-18,16979","49,39378",MDG,MDG,Madagascar,21/01/2014,,,APMF,21/01/2014,21/01/2014,1061361
3453,Marofinaritra,,River,Very Small,Open,0,0,0,No,Approximate,"-18,32636","49,31403",MDG,MDG,Madagascar,21/01/2014,,,APMF,21/01/2014,21/01/2014,1060201
3454,Ankarefo,,River,Very Small,Open,0,0,0,No,Approximate,"-18,40813","49,32569",MDG,MDG,Madagascar,21/01/2014,,,APMF,21/01/2014,21/01/2014,1073058
3455,Tampina,,River,Very Small,Open,0,0,0,No,Approximate,"-18,52635","49,27668",MDG,MDG,Madagascar,21/01/2014,,,APMF,21/01/2014,21/01/2014,1055927
3456,Ampanotoamaizina,,River,Very Small,Open,0,0,0,No,Approximate,"-18,70004","49,19992",MDG,MDG,Madagascar,21/01/2014,,,APMF,21/01/2014,21/01/2014,1078487
3457,Vavony,,River,Very Small,Open,0,0,0,No,Approximate,"-18,78312","49,18333",MDG,MDG,Madagascar,21/01/2014,,,APMF,21/01/2014,21/01/2014,1054187
3458,Ambila Lemaitso,,River,Very Small,Open,0,0,0,No,Approximate,"-18,85831","49,14644",MDG,MDG,Madagascar,21/01/2014,,,APMF,21/01/2014,21/01/2014,1082263
3459,Anevoranto,,River,Very Small,Open,0,0,0,No,Approximate,"-18,95494","49,10826",MDG,MDG,Madagascar,21/01/2014,,,APMF,21/01/2014,21/01/2014,1076227
3460,Kalomala,,River,Very Small,Open,0,0,0,No,Approximate,"-18,96667","49,1",MDG,MDG,Madagascar,21/01/2014,,,APMF,21/01/2014,21/01/2014,1063713
3461,Sondrara,,River,Very Small,Open,0,0,0,No,Approximate,"-19,06667","49,06667",MDG,MDG,Madagascar,21/01/2014,,,APMF,21/01/2014,21/01/2014,1056107
3462,Vohitramposina,,River,Very Small,Open,0,0,0,No,Approximate,"-19,16199","49,01687",MDG,MDG,Madagascar,21/01/2014,,,APMF,21/01/2014,21/01/2014,1053690
3463,Antsiramihanana,,River,Very Small,Open,0,0,0,No,Approximate,"-19,2",49,MDG,MDG,Madagascar,21/01/2014,,,APMF,21/01/2014,21/01/2014,1069130
3464,Marovintsy,,River,Very Small,Open,0,0,0,No,Approximate,"-19,23333","48,95",MDG,MDG,Madagascar,21/01/2014,,,APMF,21/01/2014,21/01/2014,1059543
3465,Manakampahiny,,River,Very Small,Open,0,0,0,No,Approximate,"-19,26647","48,9834",MDG,MDG,Madagascar,21/01/2014,,,APMF,21/01/2014,21/01/2014,1061663
3466,Salehy,,River,Very Small,Open,0,0,0,No,Approximate,"-19,99012","48,78488",MDG,MDG,Madagascar,21/01/2014,,,APMF,21/01/2014,21/01/2014,1056947
3467,Ambodiharina,,River,Very Small,Open,0,0,0,No,Approximate,"-20,00965","48,76863",MDG,MDG,Madagascar,21/01/2014,,,APMF,21/01/2014,21/01/2014,1081502
3468,Ambodisaina,,River,Very Small,Open,0,0,0,No,Approximate,"-20,53335","48,49999",MDG,MDG,Madagascar,21/01/2014,,,APMF,21/01/2014,21/01/2014,1080997
3469,Nosy Varika,,River,Very Small,Open,0,0,0,No,Approximate,"-20,58721","48,5315",MDG,MDG,Madagascar,21/01/2014,,,APMF,21/01/2014,21/01/2014,1058080
3470,Ambahy,,River,Very Small,Open,0,0,0,No,Approximate,"-20,77491","48,47515",MDG,MDG,Madagascar,21/01/2014,,,APMF,21/01/2014,21/01/2014,1084588
3471,Ambohitsara,,River,Very Small,Open,0,0,0,No,Approximate,"-20,86537","48,46138",MDG,MDG,Madagascar,21/01/2014,,,APMF,21/01/2014,21/01/2014,1079695
3472,Andranomahitsy,,River,Very Small,Open,0,0,0,No,Approximate,"-20,91668","48,45023",MDG,MDG,Madagascar,21/01/2014,,,APMF,21/01/2014,21/01/2014,1075197
3473,Ambalavontaka,,River,Very Small,Open,0,0,0,No,Approximate,"-21,32882","48,32348",MDG,MDG,Madagascar,21/01/2014,,,APMF,21/01/2014,21/01/2014,1083840
3474,Marohita,,River,Very Small,Open,0,0,0,No,Approximate,"-21,41475","48,27624",MDG,MDG,Madagascar,21/01/2014,,,APMF,21/01/2014,21/01/2014,1060091
3475,Anakitaina,,River,Very Small,Open,0,0,0,No,Approximate,"-21,51642","48,26672",MDG,MDG,Madagascar,21/01/2014,,,APMF,21/01/2014,21/01/2014,1077342
3476,Namorona,,River,Very Small,Open,0,0,0,No,Approximate,"-21,65407","48,17847",MDG,MDG,Madagascar,21/01/2014,,,APMF,21/01/2014,21/01/2014,1058280
3477,Belo Tsiribihina,,River,Very Small,Open,0,0,0,No,Approximate,"-19,69989","44,5436",MDG,MDG,Madagascar,21/01/2014,,,APMF,21/01/2014,21/01/2014,1067531
3478,Serinam,,River,Very Small,Open,0,0,0,No,Approximate,"-19,70852","44,68411",MDG,MDG,Madagascar,21/01/2014,,,APMF,21/01/2014,21/01/2014,1056598
3479,Berevo,,River,Very Small,Open,0,0,0,No,Approximate,"-19,73327","44,96672",MDG,MDG,Madagascar,21/01/2014,,,APMF,21/01/2014,21/01/2014,1066908
3480,Begiro,,River,Very Small,Open,0,0,0,No,Approximate,"-19,78632","45,09484",MDG,MDG,Madagascar,21/01/2014,,,APMF,21/01/2014,21/01/2014,1068264
3481,Evpatoria,,Sea,Medium,Open,0,0,0,No,Accurate,"45,18851","33,37552",UKR,UKR,Ukraine,02/03/2014,,,http://www.worldportsource.com,02/03/2014,03/03/2014,688105
3482,Feodosia,,Sea,Medium,Open,0,0,0,No,Accurate,"45,02675","35,39228",UKR,UKR,Ukraine,02/03/2014,,,http://www.worldportsource.com,02/03/2014,03/03/2014,709161
3484,Mariupol,,Sea,Medium,Open,0,0,0,No,Accurate,"47,09613","37,57886",UKR,UKR,Ukraine,03/03/2014,,,http://www.worldportsource.com,03/03/2014,04/03/2014,701824
3485,Oktyabrsk,UAOCT,Sea,Small,Open,0,0,0,No,Accurate,"46,83687","31,95346",UKR,UKR,Ukraine,03/03/2014,,,http://www.worldportsource.com,03/03/2014,04/03/2014,709022
3487,Skadovsk,UASKD,Sea,Small,Open,0,0,0,No,Accurate,"46,10966","32,91092",UKR,UKR,Ukraine,03/03/2014,,,http://www.worldportsource.com,03/03/2014,04/03/2014,693709
3489,Halytsynove,,Sea,Small,Open,0,0,0,No,Accurate,"46,77062","31,9458",UKR,UKR,Ukraine,04/03/2014,,,http://www.worldportsource.com,04/03/2014,04/03/2014,709022
3490,Sorsogon,,Sea,Small,Open,0,0,0,Unknown,Unknown,"12,96642","124,00434",PHL,PHL,Philippines,01/01/1970,,,,21/03/2014,30/06/2014,1685755
3491,Celukan Bawang,IDCEB,Sea,Small,Open,0,0,0,Unknown,Unknown,"-8,18848","114,83218",,IDN,,01/01/1970,,,,11/04/2014,11/05/2017,1647248
3492,Malahayati,,Sea,Very Small,Unknown,0,0,0,Unknown,Unknown,"5,59667","95,52593",,IDN,,01/01/1970,,,,11/04/2014,10/05/2017,6725508
3493,Lhokseumawe,IDLSW,Sea,Small,Open,0,0,0,Unknown,Unknown,"5,17307","97,15299",,IDN,,01/01/1970,,,,11/04/2014,10/05/2017,1214658
3494,Gilimanuk,IDGIL,Sea,Very Small,Open,0,0,0,Unknown,Unknown,"-8,16133","114,43743",,IDN,,01/01/1970,,,,11/04/2014,11/05/2017,1644079
3495,Kayangan,,Sea,Unknown,Open,0,0,0,Unknown,Unknown,"-8,4861","116,67454",IDN,IDN,Indonesia,01/01/1970,,,,11/04/2014,11/05/2017,7545527
3496,Padangbai,,Sea,Unknown,Open,0,0,0,Unknown,Unknown,"-8,53394","115,5086",IDN,IDN,Indonesia,01/01/1970,,,,11/04/2014,11/05/2017,1633411
3497,Ambavan'i Sahavato,,River,Very Small,Open,1,0,0,Unknown,Approximate,"-20,50198","48,42491",MDG,MDG,Madagascar,30/06/2014,,,,30/06/2014,30/06/2014,1082440
3498,Masiakampy,,River,Very Small,Open,1,0,0,Unknown,Approximate,"-19,68199","45,40404",MDG,MDG,Madagascar,30/06/2014,,,,30/06/2014,19/01/2015,999999999
3499,Las Palmas,,Sea,Large,Open,0,0,0,Yes,Accurate,"28,14065","-15,41614",ESP,,,11/02/2015,,,OSM,12/02/2015,08/04/2015,2515270
3500,Bremerhaven,,Sea,Large,Open,0,0,0,No,Accurate,"53,56246","8,56157",DEU,,Germany,11/02/2015,,,"OSM, Bing",12/02/2015,12/03/2015,2944368
3501,Algeciras,,Sea,Medium,Open,0,0,0,,Accurate,"36,1308","-5,43892",ESP,,,16/03/2015,,,OSM,17/03/2015,08/04/2015,2522013
3502,Lenakel,,Sea,Small,Open,0,0,0,,Accurate,"-19,5331","169,26606",VUT,,Vanuatu,01/01/1970,,,,18/03/2015,24/04/2017,2136499
3503,Litzlitz,,Sea,Small,Open,0,0,0,,Accurate,"-16,11392","167,4437",,,,19/03/2015,,,,20/03/2015,24/04/2017,2136390
3504,Loltong,,Sea,Small,Open,0,0,0,,Approximate,"-15,54704","168,14948",,,,19/03/2015,,,,20/03/2015,24/04/2017,2136326
3505,Sola,,Sea,Small,Open,0,0,0,,Approximate,"-13,87177","167,54866",VUT,,Vanuatu,19/03/2015,,,,20/03/2015,24/04/2017,2134814
3506,Anelgaohat,,Sea,Very Small,Unknown,0,0,0,,Approximate,"-20,24814","169,77473",,,,01/01/1970,,,,20/03/2015,24/04/2017,2137548
3507,Balhaf,,Sea,Unknown,Closed,0,0,0,,Accurate,"13,97954","48,17711",YEM,,Yemen,20/02/2017,,,,09/07/2015,24/01/2018,77369
3508,Taungup,,Sea,Small,Open,0,0,0,,Accurate,"18,83695","94,21878",MMR,,Myanmar,04/08/2015,,,,05/08/2015,24/04/2017,1293696
3509,Kyaukpyu,,Sea,Very Small,Open,0,0,0,,Accurate,"19,43481","93,54899",,,,04/08/2015,,,,05/08/2015,24/04/2017,1316752
3510,Gwa,,Sea,Very Small,Open,0,0,0,,Accurate,"17,59153","94,56786",,,,05/08/2015,,,,06/08/2015,24/04/2017,1325814
3511,Thandwe,,Sea,Very Small,Open,0,0,0,,Accurate,"18,36493","94,33979",MMR,,Myanmar,05/08/2015,,,,06/08/2015,24/04/2017,1298073
3512,Tat Taung,,River,Very Small,Open,0,0,0,,Accurate,"19,56698","93,93617",MMR,,Myanmar,05/08/2015,,,,06/08/2015,24/04/2017,1326781
3513,Duqm,,Sea,Medium,Open,0,0,0,,Accurate,"19,6623","57,71325",,,,01/01/1970,,,,15/09/2015,24/04/2017,288471
3514,Masirah,,Sea,Small,Open,0,0,0,,Accurate,"20,65893","58,87074",OMN,,Oman,01/01/1970,,,,15/09/2015,24/04/2017,999999999
3515,Sur,,Sea,Medium,Open,0,0,0,,Accurate,"22,57715","59,52927",,,,01/01/1970,,,,15/09/2015,24/04/2017,286245
3516,Qurayyat,,Sea,Small,Open,0,0,0,,Accurate,"23,25847","58,92511",,,,01/01/1970,,,,15/09/2015,24/04/2017,286839
3899,Bahia Honda,CUBHO,Sea,Very Small,Open,0,0,0,,Accurate,"22,97048","-83,16866",CUB,,Cuba,01/01/1970,,,,21/09/2015,31/05/2017,3567995
3900,Cabanas,CUCAB,Sea,Very Small,Open,0,0,0,,Approximate,"22,98372","-83,01498",CUB,,Cuba,01/01/1970,,,,21/09/2015,31/05/2017,3566573
3901,Felton,,Sea,Very Small,Open,0,0,0,,Approximate,"20,72732","-75,59184",CUB,,Cuba,01/01/1970,,,,21/09/2015,31/05/2017,3558943
3903,Macabi,,Sea,Very Small,Open,0,0,0,,Approximate,"20,90541","-75,72291",CUB,,Cuba,01/01/1970,,,,21/09/2015,31/05/2017,3548677
3904,Moa,CUMOA,Sea,Small,Open,0,0,0,,Accurate,"20,65441","-74,90792",CUB,,Cuba,01/01/1970,,,,21/09/2015,31/05/2017,3546791
3905,Palo Alto,CUPAL,Sea,Very Small,Open,0,0,0,,Accurate,"21,59612","-78,97366",,,,01/01/1970,,,,21/09/2015,31/05/2017,3545028
3906,Pastelillo,CUPAS,Sea,Very Small,Open,0,0,0,,Approximate,"21,54402","-77,21042",CUB,,Cuba,01/01/1970,,,,21/09/2015,31/05/2017,999999999
3907,Preston,,Sea,Very Small,Open,0,0,0,,Approximate,"20,75394","-75,59912",CUB,,Cuba,01/01/1970,,,,21/09/2015,31/05/2017,999999999
3908,Punta Gorda,,Sea,Very Small,Open,0,0,0,,Approximate,"20,64912","-74,8893",CUB,,Cuba,01/01/1970,,,,21/09/2015,31/05/2017,3543205
3909,Santa Lucia,,Sea,Very Small,Open,0,0,0,,Accurate,"22,673","-83,96779",CUB,,Cuba,01/01/1970,,,,21/09/2015,31/05/2017,3537467
3910,Nabukeru,,Unknown,Small,Open,0,0,0,Yes,,"-16,842","177,4649",FJI,FJI,Fiji,01/01/1970,,,,22/02/2016,23/02/2016,2202311
4299,Koro Jetty,,Sea,Very Small,,0,0,0,,,"-17,35327","179,42398",FJI,,Fiji,01/01/1970,,,,24/02/2016,29/03/2017,999999999
4300,Nabouwalu Jetty,,Sea,Very Small,,0,0,0,,,"-16,99455","178,68772",,,,01/01/1970,,,,24/02/2016,29/03/2017,2202352
4301,Waiyavu,,Sea,Very Small,,0,0,0,,,"-16,78967","-179,99205",FJI,,Fiji,01/01/1970,,,,24/02/2016,25/02/2016,4035783
4699,Blackpoint,,Sea,Very Small,,0,0,0,,,"-16,78396","-179,97974",FJI,FJI,Fiji,01/01/1970,,,,29/02/2016,29/02/2016,0
5499,Ash Shihr,,Sea,Unknown,Open,0,0,0,,Accurate,"14,75174","49,60841",YEM,YEM,Yemen,20/02/2017,,,Google Earth,20/02/2017,24/04/2017,30490
5500,Ras Isa (SBM),,Sea,Unknown,Closed,0,0,0,,Approximate,"15,18767","42,66338",YEM,YEM,Yemen,20/02/2017,,,,20/02/2017,24/04/2017,74406
5501,Port of Scarborough,PATT,Sea,Small,Open,0,0,0,,Approximate,"11,18156","-60,73563",TTO,,Trinidad and Tobago,23/05/2017,,,Google,23/05/2017,30/05/2017,999999999
6301,Lucea,JMLUC,Sea,Small,Open,0,0,0,,Approximate,"18,44629","-78,17077",JAM,,Jamaica,01/01/1970,,,,09/11/2017,09/11/2017,3489657
6302,Port Royal,JMPRO,Sea,Small,Open,0,0,0,,Approximate,"17,93656","-76,84329",,,,01/01/1970,,,,09/11/2017,09/11/2017,3488980
6305,Rocky Point,JMROP,Sea,Very Small,Open,0,0,0,,Accurate,"17,81834","-77,14165",,,,01/01/1970,,,,09/11/2017,10/11/2017,3488777
6701,Bukoba,,Lake,Small,Open,0,0,0,,Accurate,"-1,34839","31,81625",TZA,,United Republic of Tanzania,01/01/1970,,,,13/11/2017,13/11/2017,160961
6702,Mwanza,,Lake,Small,Open,0,0,0,,Accurate,"-2,5358","32,90074",TZA,,United Republic of Tanzania,01/01/1970,,,,13/11/2017,13/11/2017,152224
7101,Pohnpei,,Sea,small,open,0,0,0,,,"6,98056","158,20139",FSM,FSM,Micronesia (Federated States of),21/05/2018,,,,21/05/2018,21/05/2018,0
7102,Tomil,,Sea,medium,,0,0,0,,,"9,51333","138,12111",FSM,FSM,Micronesia (Federated States of),21/05/2018,,,,21/05/2018,21/05/2018,0
7103,Weno,,Sea,large,open,0,0,0,,,"7,44478","151,83952",FSM,FSM,Micronesia (Federated States of),21/05/2018,,,,21/05/2018,21/05/2018,4042205
7104,Utwa Small Vessel,,Sea,,,0,0,0,,,"5,27748","162,96862",FSM,FSM,Micronesia (Federated States of),21/05/2018,,,,21/05/2018,21/05/2018,2081253
7105,Okat,,Sea,,,0,0,0,,,"5,34762","162,95669",FSM,FSM,Micronesia (Federated States of),21/05/2018,,,,21/05/2018,21/05/2018,2081694
0,,,,,,0,0,0,,,0,0,,,,,,,,,,0
